{
  "focal_length": [
    17788.24806213379,
    17788.24806213379
  ],
  "principal_point": [
    880.6233520507812,
    811.6311950683594
  ],
  "camera_translation": [
    -0.07201068848371506,
    0.050496384501457214,
    29.6258602142334
  ],
  "detection_bbox": [
    596.0114135742188,
    474.82086181640625,
    1166.2353515625,
    1149.4415283203125
  ]
}