{
  "focal_length": [
    25124.13819630941,
    25124.1397857666
  ],
  "principal_point": [
    777.3269958496094,
    635.8136534690857
  ],
  "camera_translation": [
    -0.05044350028038025,
    0.277369886636734,
    41.72506332397461
  ],
  "detection_bbox": [
    581.0297241210938,
    99.83200073242188,
    974.624267578125,
    1172.7952880859375
  ]
}