{
  "focal_length": [
    25876.193046569824,
    25876.193046569824
  ],
  "principal_point": [
    798.9830932617188,
    636.5703582763672
  ],
  "camera_translation": [
    -0.018542392179369926,
    0.28118443489074707,
    40.21820068359375
  ],
  "detection_bbox": [
    476.3909912109375,
    84.54490661621094,
    1122.5751953125,
    1189.5958251953125
  ]
}