{
  "betas": [
    -0.005757177714258432,
    0.18193404376506805,
    0.04852157458662987,
    -0.5014708042144775,
    0.14657166600227356,
    -0.5776467323303223,
    -0.09450111538171768,
    -0.1043677031993866,
    -0.025179803371429443,
    0.016493145376443863
  ],
  "body_pose": [
    -0.2478221207857132,
    0.1536167711019516,
    -0.058960478752851486,
    -0.7416473627090454,
    0.05313461273908615,
    -0.25793200731277466,
    0.5625326633453369,
    -0.1011342778801918,
    0.10768856853246689,
    0.4227837920188904,
    0.15389741957187653,
    -0.10442293435335159,
    0.47760793566703796,
    -0.03249663859605789,
    0.025341572239995003,
    -0.024564307183027267,
    -0.01789519004523754,
    0.08729642629623413,
    -0.19047433137893677,
    0.1326257735490799,
    0.03455100208520889,
    0.08863890171051025,
    -0.11161791533231735,
    0.12463773787021637,
    0.028996769338846207,
    -0.016517652198672295,
    0.037922054529190063,
    -0.010281131602823734,
    0.013369324617087841,
    -0.009183095768094063,
    -0.03743751347064972,
    -0.004110351670533419,
    0.014751367270946503,
    0.22269953787326813,
    -0.1490442007780075,
    0.11184806376695633,
    -0.06300410628318787,
    -0.44176986813545227,
    -0.1443713754415512,
    -0.06516563147306442,
    0.38147294521331787,
    0.09776376187801361,
    0.04727545008063316,
    -0.11377809196710587,
    0.03297850489616394,
    -0.002053266391158104,
    -0.6613566279411316,
    -0.887177586555481,
    -0.14475175738334656,
    0.47387656569480896,
    0.7102727890014648,
    0.1290048211812973,
    -1.044379472732544,
    0.1514885574579239,
    -0.3066214621067047,
    1.1532340049743652,
    -0.47174784541130066,
    -0.11180398613214493,
    -0.13977232575416565,
    0.3206194043159485,
    -0.40985938906669617,
    0.19206005334854126,
    -0.45328637957572937
  ],
  "root_pose": [
    -2.7287585735321045,
    0.15693464875221252,
    0.9402125477790833
  ],
  "translation": [
    0.20088684558868408,
    0.1752203106880188,
    34.60991287231445
  ],
  "jaw_pose": [
    -0.0016363696195185184,
    -0.011693165637552738,
    0.009017093107104301
  ],
  "left_hand_pose": [
    -0.014383633621037006,
    0.07150231301784515,
    0.18278449773788452,
    0.3052413112830309,
    0.35127736108631435,
    1.4152435551387528,
    -0.19085774833339306,
    0.2394751232740942,
    0.5788251700536732,
    -0.01812035289937335,
    -0.05732776487132115,
    0.48623522043283873,
    -0.30244066296351974,
    -0.0068290532555889145,
    1.4179561446040623,
    -0.010666559169788571,
    0.1407844710353153,
    0.5337675192313863,
    -0.056394809742745154,
    0.5663299467328359,
    0.29374881066481484,
    -0.8599746744834427,
    0.03906668910953278,
    0.7712738392000125,
    -0.32978865972803145,
    0.03742552033866667,
    0.6331692101864476,
    0.11356592219797092,
    0.10848219783971341,
    0.3259078869444358,
    -0.5499945691394059,
    0.13285636726697306,
    1.2449687670416223,
    -0.2356337692388411,
    0.1356996976880689,
    0.5851803849395242,
    0.974426665265816,
    -0.49728638020742694,
    -0.14664472107573512,
    -0.5615384274311506,
    -0.07881943114538521,
    0.054493200344574465,
    0.41893046926456873,
    0.030393343051257404,
    0.5318498679263686
  ],
  "right_hand_pose": [
    -0.01946156658232212,
    0.02493191882967949,
    -0.4474548101425171,
    0.0016494027482184988,
    0.08380580918358954,
    -0.15157174670301052,
    0.14646121317078645,
    -0.028799832122756934,
    4.872592579388732e-07,
    0.27128802576338246,
    0.1135228610952712,
    0.09311688940761499,
    -0.25288729855972986,
    -0.04230502107323084,
    -0.08138428404218204,
    0.021023777509555114,
    0.0870100563700108,
    0.07043913169341097,
    0.3019968953730905,
    0.18776848025732754,
    0.12332237938165329,
    -0.2292048101566816,
    -0.13557336899445846,
    -0.059429271277440965,
    -0.11450410342812843,
    0.19279762775594478,
    -0.03737295181913751,
    0.30913853128545793,
    0.08518534561563175,
    0.0432266745869709,
    -0.270406201091065,
    -0.045766380834784445,
    -0.09210440226441655,
    -0.15125917403917313,
    0.17640564582298107,
    0.1133372700535494,
    0.3660124729643974,
    -0.09133133973223453,
    -0.33906992244540735,
    -0.6076580325110473,
    0.07019418447203177,
    0.3385976527689486,
    0.33563594449581974,
    0.016400376631442164,
    -0.17216659665290873
  ],
  "expression": [
    -0.9471195459365844,
    -2.0,
    2.0,
    1.2410124778747558,
    -1.1333242177963256,
    0.3859847545623779,
    1.556857967376709,
    -0.9981172800064086,
    -0.663186764717102,
    -1.5908713817596436
  ],
  "fusion_metadata": {
    "body_source": "SMPLest-X",
    "hand_source": "Hierarchical Composition",
    "expression_source": "EMOCA"
  }
}