{
  "focal_length": [
    25904.202461242676,
    25904.202461242676
  ],
  "principal_point": [
    780.47705078125,
    638.0506896972656
  ],
  "camera_translation": [
    -0.00024999119341373444,
    0.2663418650627136,
    40.59074020385742
  ],
  "detection_bbox": [
    470.764404296875,
    85.42770385742188,
    1091.189697265625,
    1191.6737060546875
  ]
}