{
  "focal_length": [
    25244.91628011068,
    25244.91786956787
  ],
  "principal_point": [
    787.3285217285156,
    630.0981693267822
  ],
  "camera_translation": [
    -0.025746481493115425,
    0.25603049993515015,
    42.91754150390625
  ],
  "detection_bbox": [
    616.6495971679688,
    91.5399169921875,
    959.0074462890625,
    1169.6563720703125
  ]
}