{
  "betas": [
    -0.42385685443878174,
    -0.01337918546050787,
    -0.3460948169231415,
    -0.4807571768760681,
    -0.24436154961585999,
    -0.3405522108078003,
    -0.014548525214195251,
    -0.06271045655012131,
    -0.08399200439453125,
    -0.007762117777019739
  ],
  "body_pose": [
    -0.6343798637390137,
    0.1812424510717392,
    0.029905710369348526,
    -1.304148554801941,
    0.09066774696111679,
    -0.24333325028419495,
    1.1097110509872437,
    -0.07788604497909546,
    0.14040961861610413,
    0.4990684390068054,
    0.1411678045988083,
    -0.17518343031406403,
    0.6998922824859619,
    -0.08630003035068512,
    0.12242671847343445,
    -0.20164096355438232,
    -0.018307222053408623,
    0.08860781043767929,
    -0.1237923875451088,
    0.29015567898750305,
    0.017063720151782036,
    0.25219962000846863,
    -0.20455527305603027,
    0.16316209733486176,
    -0.025321895256638527,
    -0.021758822724223137,
    0.035913679748773575,
    -0.005219602026045322,
    -0.010754351504147053,
    0.009106764569878578,
    -0.01916205883026123,
    0.01993051916360855,
    -0.010007001459598541,
    0.03996060788631439,
    -0.038099873811006546,
    0.07117616385221481,
    -0.25797268748283386,
    -0.8149464726448059,
    0.23083847761154175,
    -0.18871265649795532,
    0.7576881051063538,
    -0.23243840038776398,
    -0.16373100876808167,
    0.04893581569194794,
    0.023712709546089172,
    -0.3592253029346466,
    -0.7353070974349976,
    -0.1561989039182663,
    -0.24550797045230865,
    0.6422933340072632,
    0.13928154110908508,
    -0.3090020418167114,
    -0.22592328488826752,
    -0.006487500388175249,
    -0.3889554738998413,
    0.28908273577690125,
    -0.1108170598745346,
    -0.2178686559200287,
    0.029526568949222565,
    0.17467491328716278,
    -0.37773576378822327,
    -0.054174959659576416,
    -0.17739754915237427
  ],
  "root_pose": [
    -2.2774553298950195,
    0.45110076665878296,
    1.0340781211853027
  ],
  "translation": [
    0.1386706680059433,
    0.041348956525325775,
    31.59130859375
  ],
  "jaw_pose": [
    -0.004599904175847769,
    -0.01320862676948309,
    -0.004791457671672106
  ],
  "left_hand_pose": [
    -0.020187022164463997,
    0.055141281336545944,
    0.271800696849823,
    0.008020364531977221,
    0.06157693561688036,
    -0.17351331636960093,
    0.10498944638458611,
    -0.026944856004963966,
    0.029879429765950795,
    0.23569968633027785,
    -0.021520149971721768,
    0.10713126162140633,
    -0.2528713146315908,
    -0.050842824409618945,
    -0.13115068509504646,
    0.01352807066017093,
    0.06787527798362415,
    0.10591494943411876,
    0.19843890207975556,
    -0.13096895359004768,
    0.19444157684033556,
    -0.09983537070966465,
    -0.1242759372513211,
    -0.09415777137199899,
    -0.2581158825811641,
    0.21169961824285147,
    -0.053516078217138476,
    0.2229616878439008,
    -0.10918030257075413,
    0.11189263027428097,
    -0.24004066759552792,
    -0.06420543287545874,
    -0.18259379775609363,
    -0.12467396182311279,
    0.1831467063746789,
    0.13676069369862937,
    0.5936396472969809,
    0.08130307701406977,
    -0.09978641853845827,
    -0.5833160086253886,
    0.18946739815646488,
    0.2835778832649346,
    0.2986257393107233,
    -0.04656972005886069,
    0.1177967803721882
  ],
  "right_hand_pose": [
    -0.0034381779842078686,
    -0.018055681139230728,
    -0.3218693137168884,
    0.03187644859631422,
    0.06327570847591794,
    -0.17802834842069817,
    0.15742808299375746,
    0.02026665842110868,
    -0.002628035471029093,
    0.2319726849423369,
    -0.07410528181552921,
    0.15794985490207197,
    -0.24382352819626923,
    -0.06746532076755758,
    -0.1017655095549912,
    0.04844006138744837,
    0.1005229826063093,
    0.08763917235401017,
    0.295210496152971,
    0.02383224726521247,
    0.08995666552927875,
    -0.2066550693769321,
    -0.10202672994971156,
    0.02124670182884624,
    -0.27965514795840435,
    0.19437473345204223,
    -0.02232978914291094,
    0.25522243173974646,
    -0.06880653144043031,
    0.1086470874023511,
    -0.3110815583925699,
    -0.052511575599755216,
    -0.1372647393126388,
    -0.12615389700715623,
    0.2293127998415057,
    0.13369215328990622,
    0.5182843658966254,
    -0.027118547196830888,
    -0.2400354370500058,
    -0.6219218955538446,
    0.19154575779969513,
    0.20606941081177862,
    0.2540412676700305,
    0.08212834000337965,
    -0.1103745099276385
  ],
  "expression": [
    -0.13964180946350097,
    -2.0,
    2.0,
    1.142462682723999,
    -0.36985344886779786,
    0.9199588537216186,
    0.8175874471664428,
    -1.3971392154693603,
    -1.2885121822357177,
    -1.6803302764892578
  ],
  "fusion_metadata": {
    "body_source": "SMPLest-X",
    "hand_source": "Hierarchical Composition",
    "expression_source": "EMOCA"
  }
}