{
  "baseline_average": {
    "PA-PVE": 100.42156419100883,
    "PVE": 34617.892767425285
  },
  "fusion_average": {
    "PA-PVE": 100.42156419100883,
    "PVE": 34617.892767425285
  },
  "improvements": {
    "PA-PVE_improvement_%": 0.0,
    "PVE_improvement_%": 0.0
  },
  "per_frame_results": [
    {
      "frame_id": "01",
      "baseline_metrics": {
        "PVE": 39931.9182442379,
        "PA-PVE": 97.44527014553567
      },
      "fusion_metrics": {
        "PVE": 39931.9182442379,
        "PA-PVE": 97.44527014553567
      },
      "fusion_status": "failed_or_identical",
      "gallery_path": "evaluation_results/ehf_compatible_opt_20250612_074752/gallery/01",
      "visualization_count": 0
    },
    {
      "frame_id": "02",
      "baseline_metrics": {
        "PVE": 29303.86729061267,
        "PA-PVE": 103.39785823648197
      },
      "fusion_metrics": {
        "PVE": 29303.86729061267,
        "PA-PVE": 103.39785823648197
      },
      "fusion_status": "failed_or_identical",
      "gallery_path": "evaluation_results/ehf_compatible_opt_20250612_074752/gallery/02",
      "visualization_count": 0
    }
  ],
  "total_frames": 2,
  "fusion_status_summary": {
    "success": 0,
    "failed_or_identical": 2,
    "error": 0
  },
  "central_gallery_path": "evaluation_results/ehf_compatible_opt_20250612_074752/gallery",
  "timing_stats": {
    "main_pipeline": {
      "mean": 150.15380215644836,
      "std": 14.621616125106812
    },
    "coordinate_analysis": {
      "mean": 10.24002993106842,
      "std": 0.5321027040481567
    },
    "fusion": {
      "mean": 26.614000916481018,
      "std": 4.539788603782654
    },
    "visualization": {
      "mean": 0.020904541015625,
      "std": 0.00035071372985839844
    }
  }
}