{
  "focal_length": [
    25435.32371520996,
    25435.32371520996
  ],
  "principal_point": [
    783.5486755371094,
    646.1812210083008
  ],
  "camera_translation": [
    -0.034472957253456116,
    0.2600460350513458,
    38.27604293823242
  ],
  "detection_bbox": [
    582.1290283203125,
    103.56098175048828,
    985.9683227539062,
    1189.801513671875
  ]
}