{
  "betas": [
    -0.42385178804397583,
    -0.01317694690078497,
    -0.3459621071815491,
    -0.4807239770889282,
    -0.24417853355407715,
    -0.3404358923435211,
    -0.014574311673641205,
    -0.06278752535581589,
    -0.08397776633501053,
    -0.007623427081853151
  ],
  "body_pose": [
    -0.6343573927879333,
    0.18124406039714813,
    0.029912760481238365,
    -1.3041996955871582,
    0.09066355973482132,
    -0.24332024157047272,
    1.109707236289978,
    -0.07788649946451187,
    0.14038847386837006,
    0.49892258644104004,
    0.1411559134721756,
    -0.17512764036655426,
    0.6999899744987488,
    -0.08632052689790726,
    0.12245482951402664,
    -0.20162436366081238,
    -0.01830507628619671,
    0.08860380202531815,
    -0.1237872913479805,
    0.2901535630226135,
    0.01705036126077175,
    0.25210684537887573,
    -0.20456361770629883,
    0.16308631002902985,
    -0.025320960208773613,
    -0.021758290007710457,
    0.03591522201895714,
    -0.005203351378440857,
    -0.010745063424110413,
    0.009109890088438988,
    -0.0191443283110857,
    0.019918201491236687,
    -0.009991574101150036,
    0.040069010108709335,
    -0.03810136392712593,
    0.07122859358787537,
    -0.25794777274131775,
    -0.8149298429489136,
    0.23079577088356018,
    -0.18869119882583618,
    0.757689356803894,
    -0.2323448807001114,
    -0.16359013319015503,
    0.04893923178315163,
    0.023725474253296852,
    -0.359253466129303,
    -0.7353264093399048,
    -0.15623289346694946,
    -0.24551129341125488,
    0.6423060894012451,
    0.13934235274791718,
    -0.3091089427471161,
    -0.2259370982646942,
    -0.006439479533582926,
    -0.3889927864074707,
    0.28912049531936646,
    -0.11085782945156097,
    -0.21811221539974213,
    0.029560109600424767,
    0.17472219467163086,
    -0.3777826726436615,
    -0.05419588461518288,
    -0.17747582495212555
  ],
  "root_pose": [
    -2.2775256633758545,
    0.4511035680770874,
    1.0340486764907837
  ],
  "translation": [
    0.1386764794588089,
    0.041357532143592834,
    31.591312408447266
  ],
  "jaw_pose": [
    -0.004607456270605326,
    -0.013208144344389439,
    -0.004790039733052254
  ],
  "left_hand_pose": [
    -0.0201931931078434,
    0.05514362081885338,
    0.2718360722064972,
    0.008020364531977221,
    0.06157693561688036,
    -0.17351331636960093,
    0.10498944638458611,
    -0.026944856004963966,
    0.029879429765950795,
    0.23569968633027785,
    -0.021520149971721768,
    0.10713126162140633,
    -0.2528713146315908,
    -0.050842824409618945,
    -0.13115068509504646,
    0.01352807066017093,
    0.06787527798362415,
    0.10591494943411876,
    0.19843890207975556,
    -0.13096895359004768,
    0.19444157684033556,
    -0.09983537070966465,
    -0.1242759372513211,
    -0.09415777137199899,
    -0.2581158825811641,
    0.21169961824285147,
    -0.053516078217138476,
    0.2229616878439008,
    -0.10918030257075413,
    0.11189263027428097,
    -0.24004066759552792,
    -0.06420543287545874,
    -0.18259379775609363,
    -0.12467396182311279,
    0.1831467063746789,
    0.13676069369862937,
    0.5936396472969809,
    0.08130307701406977,
    -0.09978641853845827,
    -0.5833160086253886,
    0.18946739815646488,
    0.2835778832649346,
    0.2986257393107233,
    -0.04656972005886069,
    0.1177967803721882
  ],
  "right_hand_pose": [
    -0.003434012411162257,
    -0.018032226711511612,
    -0.3219338357448578,
    0.03187644859631422,
    0.06327570847591794,
    -0.17802834842069817,
    0.15742808299375746,
    0.02026665842110868,
    -0.002628035471029093,
    0.2319726849423369,
    -0.07410528181552921,
    0.15794985490207197,
    -0.24382352819626923,
    -0.06746532076755758,
    -0.1017655095549912,
    0.04844006138744837,
    0.1005229826063093,
    0.08763917235401017,
    0.295210496152971,
    0.02383224726521247,
    0.08995666552927875,
    -0.2066550693769321,
    -0.10202672994971156,
    0.02124670182884624,
    -0.27965514795840435,
    0.19437473345204223,
    -0.02232978914291094,
    0.25522243173974646,
    -0.06880653144043031,
    0.1086470874023511,
    -0.3110815583925699,
    -0.052511575599755216,
    -0.1372647393126388,
    -0.12615389700715623,
    0.2293127998415057,
    0.13369215328990622,
    0.5182843658966254,
    -0.027118547196830888,
    -0.2400354370500058,
    -0.6219218955538446,
    0.19154575779969513,
    0.20606941081177862,
    0.2540412676700305,
    0.08212834000337965,
    -0.1103745099276385
  ],
  "expression": [
    -0.13934082090854644,
    -2.0,
    2.0,
    1.141947054862976,
    -0.36972384452819823,
    0.919747495651245,
    0.8175226449966431,
    -1.3967619895935057,
    -1.2881492614746093,
    -1.679894256591797
  ],
  "fusion_metadata": {
    "body_source": "SMPLest-X",
    "hand_source": "Hierarchical Composition",
    "expression_source": "EMOCA"
  }
}