{
  "focal_length": [
    24933.211008707684,
    24933.21180343628
  ],
  "principal_point": [
    785.648193359375,
    654.3766288757324
  ],
  "camera_translation": [
    -0.038809120655059814,
    0.2536620497703552,
    37.14847183227539
  ],
  "detection_bbox": [
    584.3507080078125,
    122.46810913085938,
    987.9456787109375,
    1187.28515625
  ]
}