{
  "focal_length": [
    25631.718635559082,
    25631.718635559082
  ],
  "principal_point": [
    785.7100830078125,
    643.1839370727539
  ],
  "camera_translation": [
    -0.01808190904557705,
    0.268154114484787,
    39.83687210083008
  ],
  "detection_bbox": [
    586.1944580078125,
    96.37393951416016,
    986.2257080078125,
    1190.993896484375
  ]
}