{
  "betas": [
    0.7124789953231812,
    0.3262839913368225,
    -0.331930011510849,
    -0.5316332578659058,
    -0.25753211975097656,
    -1.1301244497299194,
    -0.23493008315563202,
    0.28571102023124695,
    -0.04500981792807579,
    -0.07039658725261688
  ],
  "body_pose": [
    -0.21193581819534302,
    0.02506340853869915,
    0.12463871389627457,
    -0.2844942510128021,
    0.04273851588368416,
    0.022851252928376198,
    0.12700843811035156,
    -0.036695461720228195,
    -0.0488591343164444,
    1.040481686592102,
    0.0471552349627018,
    -0.07338681817054749,
    0.6812529563903809,
    -0.01452427078038454,
    0.04995661973953247,
    -0.029040222987532616,
    -0.04008032754063606,
    -0.02272677794098854,
    -0.006412751041352749,
    0.15397095680236816,
    -0.1046377494931221,
    -0.11425118148326874,
    -0.14152801036834717,
    -0.025485537946224213,
    0.11773142218589783,
    -0.0425536073744297,
    -0.005827825516462326,
    -0.03847042843699455,
    -0.002666451735422015,
    0.022070787847042084,
    -0.0363774336874485,
    -0.014772473834455013,
    -0.02451866865158081,
    -0.08280640840530396,
    -0.00209004245698452,
    0.15615108609199524,
    0.07589118927717209,
    0.04145389795303345,
    -0.1505172848701477,
    0.16332891583442688,
    -0.19255781173706055,
    0.14307518303394318,
    -0.19480541348457336,
    0.0508454330265522,
    0.0033478725235909224,
    0.2363145351409912,
    -0.17799729108810425,
    -0.9250651001930237,
    0.23740139603614807,
    -0.06597167253494263,
    0.9262713193893433,
    0.1300748586654663,
    -1.9181580543518066,
    0.08603126555681229,
    0.040235839784145355,
    2.006579637527466,
    -0.18726375699043274,
    -0.3352242410182953,
    -0.30508559942245483,
    0.06405756622552872,
    -0.2065030038356781,
    0.12968026101589203,
    -0.03215615823864937
  ],
  "root_pose": [
    -3.0838961601257324,
    0.01114925928413868,
    -0.1358838826417923
  ],
  "translation": [
    0.006426507607102394,
    0.25422972440719604,
    42.34913635253906
  ],
  "jaw_pose": [
    0.007603970356285572,
    -0.0008670739480294287,
    0.0008344543748535216
  ],
  "left_hand_pose": [
    -0.027112413197755814,
    0.002072068164125085,
    0.05825052410364151,
    -0.035961993986292046,
    0.11896387990488018,
    0.26352344257532284,
    0.022829855799430636,
    0.03591100033483985,
    0.11475855594518158,
    0.07295549606368901,
    -0.045341935592176745,
    0.09451846212696625,
    -0.10271144514388686,
    0.03662432495514548,
    0.10494142416988689,
    -0.03632021936287123,
    0.1308029879589415,
    0.08027616034822986,
    0.16594801976001303,
    0.6858771468275046,
    0.029334964247551307,
    -0.1321851452321392,
    -0.1396207298534042,
    0.07682797218721368,
    -0.24064386227386406,
    -0.09331727564493293,
    -0.34302457633923056,
    0.14559713388835696,
    0.17969568887989332,
    0.056044140274845125,
    -0.2176298611187504,
    -0.045893196659348934,
    -0.011914345369709908,
    -0.17304243170277397,
    0.13306504447793022,
    0.09676800165206986,
    0.7716271756096691,
    0.0664867459387621,
    0.09076660470505389,
    -0.6251365096872007,
    0.12885664427293372,
    0.18612975619919755,
    0.6514604185626246,
    0.0007114021547377773,
    0.08550655657006832
  ],
  "right_hand_pose": [
    -0.008587414398789406,
    0.016501182690262794,
    -0.20182181894779205,
    0.1352151412851145,
    0.0446759104973923,
    0.15129615221277767,
    -0.04297192043916741,
    0.05435295921691021,
    0.10835467672027883,
    0.023979136035168887,
    -0.042111475045551426,
    0.805179211648792,
    -0.25609505945286914,
    -0.04700692324852336,
    0.08634082912266118,
    0.017060415278065042,
    0.09108558331572414,
    0.2612682546663096,
    -0.29518773115335006,
    0.17531800131030628,
    0.9405405265448331,
    -0.17715131119154195,
    -0.0018699415977037055,
    0.15311926979628698,
    -0.40810555850963137,
    0.1921807381219029,
    -0.03314409715471201,
    0.028508450826005845,
    0.029940025555136043,
    0.8753484581887603,
    -0.3966037534661171,
    0.04213429656838846,
    0.143244643351469,
    -0.2032792010263428,
    0.19557086671694093,
    0.34948343512732677,
    0.7633147394979446,
    0.00838799039509994,
    -0.1304418669848209,
    -0.6542116749742555,
    0.13910660222648394,
    0.2720520421638297,
    0.23121082400503984,
    -0.10085782950651213,
    -0.19888383609372287
  ],
  "expression": [
    0.04848423153162002,
    0.59200941324234,
    0.18832620978355408,
    0.06333789825439452,
    -0.328361177444458,
    -0.09846855103969573,
    -1.0183443546295166,
    -0.14688639342784882,
    0.16852705478668212,
    -0.1990731954574585
  ],
  "fusion_metadata": {
    "body_source": "SMPLest-X",
    "hand_source": "Hierarchical Composition",
    "expression_source": "EMOCA"
  }
}