{
  "betas": [
    0.5834359526634216,
    0.3781083822250366,
    -0.1660015881061554,
    -0.36166760325431824,
    -0.24450519680976868,
    -0.83240807056427,
    -0.11291557550430298,
    0.005764574743807316,
    0.06192932650446892,
    -0.1336810439825058
  ],
  "body_pose": [
    -0.503028929233551,
    -0.02348063699901104,
    0.20056122541427612,
    -0.11676283925771713,
    -0.09014365822076797,
    -0.09477150440216064,
    0.17103363573551178,
    0.06658417731523514,
    -0.026164626702666283,
    2.1783714294433594,
    -0.06727349013090134,
    -0.46159377694129944,
    0.41266974806785583,
    -0.07705537974834442,
    0.07294614613056183,
    0.0020729745738208294,
    0.0014609228819608688,
    -0.011211198754608631,
    -0.2781699001789093,
    0.014231524430215359,
    -0.009188187308609486,
    -0.1397799551486969,
    -0.09384877979755402,
    -0.07354285567998886,
    0.0617486871778965,
    0.016769668087363243,
    0.023787308484315872,
    -0.04479190707206726,
    -0.0017061805119737983,
    -0.013464012183248997,
    -0.02941056713461876,
    -0.014243949204683304,
    -0.020291924476623535,
    0.05169074237346649,
    0.02536843530833721,
    0.1196378692984581,
    0.10015013068914413,
    0.19152913987636566,
    -0.1672353297472,
    0.05039605125784874,
    0.019916057586669922,
    0.16108086705207825,
    -0.2333488017320633,
    0.048359327018260956,
    -0.06877719610929489,
    0.162807434797287,
    0.16183127462863922,
    -0.8354873061180115,
    0.12078126519918442,
    0.3027803897857666,
    0.9873039126396179,
    0.13206619024276733,
    -0.9797835350036621,
    0.20464175939559937,
    0.055348847061395645,
    2.0420756340026855,
    -0.3651953637599945,
    0.03282575681805611,
    -0.08463238179683685,
    0.16300848126411438,
    -0.03671339899301529,
    0.2125633805990219,
    -0.028636611998081207
  ],
  "root_pose": [
    -3.0742268562316895,
    0.05509740859270096,
    0.12700332701206207
  ],
  "translation": [
    -0.10570784658193588,
    0.2802216112613678,
    40.25139617919922
  ],
  "jaw_pose": [
    0.008712142705917358,
    -0.0017157499678432941,
    -0.002525876509025693
  ],
  "left_hand_pose": [
    0.011726520024240017,
    0.08635993301868439,
    -0.05357439070940018,
    0.11441659630999869,
    0.10131571975142234,
    0.33625111574830374,
    -0.03709659015471757,
    0.057966511557606105,
    0.18750016603689126,
    -0.05133866756658124,
    0.022674321582498515,
    0.6256392336036084,
    -0.24271029890679324,
    -0.10705758748221882,
    0.4460642707886247,
    0.0268467236723959,
    0.14644634061206396,
    0.3016548124199273,
    -0.36630882235535794,
    0.49357415511652397,
    0.521973922855252,
    -0.2346682002399351,
    -0.0965047477908058,
    0.3982938494764046,
    -0.3987164090313617,
    0.19164589630849663,
    0.1519505460331346,
    -0.0326569152602883,
    0.16646634109215105,
    0.54712777127084,
    -0.3790287974316211,
    -0.05429222176348485,
    0.47350551718856665,
    -0.22793492555151654,
    0.27924895632549945,
    0.41729818360344867,
    1.2896086696669362,
    -0.4759736074431355,
    0.16421131841598222,
    -0.6626663692150334,
    0.14031181840850776,
    0.14351861131924348,
    0.3466710583310344,
    0.23131926356203633,
    0.04205909707808174
  ],
  "right_hand_pose": [
    -0.02514718286693096,
    0.0005011195898987353,
    0.1391235589981079,
    0.08149344338653854,
    0.0786910366872193,
    0.07146478968676116,
    0.04113901036324011,
    0.045200491815861964,
    0.00701911254810243,
    -0.05457196397539451,
    -0.0902604854269552,
    0.8706679933923918,
    -0.21435091979081264,
    -0.0601278915723843,
    0.08370525835500574,
    0.02326855320175982,
    0.1224519279147208,
    0.25070336357061923,
    -0.3556008516536779,
    0.46509118584262354,
    0.7893709075370761,
    -0.04689155091203482,
    -0.172433576833576,
    0.13996288975025042,
    -0.4971142955164894,
    0.03426417960097569,
    -0.1142119242122853,
    -0.007062363414707281,
    0.06984089993448934,
    0.8846823349615586,
    -0.3699887774145655,
    -0.013119719591451985,
    0.08056426531091877,
    -0.1883294645904296,
    0.15424988159979927,
    0.2878988696045701,
    0.8792888843809555,
    -0.4512156732581295,
    -0.33849021795690315,
    -0.5732800593607041,
    -0.07005587190720095,
    0.45786369637366786,
    0.2694640268165107,
    -0.16792651822104043,
    0.08388671429569061
  ],
  "expression": [
    -0.02141137272119522,
    0.6050131559371948,
    -0.051610802114009854,
    -0.023927070200443268,
    -0.37690351009368894,
    -0.17482863664627074,
    -0.8811302661895751,
    0.3427291989326477,
    0.13207602202892302,
    -0.17880422472953797
  ],
  "fusion_metadata": {
    "body_source": "SMPLest-X",
    "hand_source": "Hierarchical Composition",
    "expression_source": "EMOCA"
  }
}