{
  "focal_length": [
    25598.974227905273,
    25598.974227905273
  ],
  "principal_point": [
    765.1747436523438,
    622.2428894042969
  ],
  "camera_translation": [
    -0.005586722865700722,
    0.25197890400886536,
    40.2209358215332
  ],
  "detection_bbox": [
    536.4405517578125,
    76.13143920898438,
    994.908935546875,
    1169.3543701171875
  ]
}