{
  "betas": [
    -0.18236491084098816,
    0.477042555809021,
    -0.5962662696838379,
    -0.5400924682617188,
    -0.2429056465625763,
    -0.301903635263443,
    -0.2268739938735962,
    0.014493229798972607,
    0.011337216943502426,
    -0.11226636171340942
  ],
  "body_pose": [
    -0.9297460913658142,
    0.1166541576385498,
    0.14070312678813934,
    -1.1363180875778198,
    -0.009208534844219685,
    -0.2310902178287506,
    1.119489312171936,
    -0.008273066952824593,
    -0.0293735358864069,
    0.4930262863636017,
    0.16426338255405426,
    -0.10577430576086044,
    0.5692487955093384,
    -0.13168299198150635,
    0.07824888080358505,
    -0.16889037191867828,
    -0.014710086397826672,
    0.025662854313850403,
    0.05295276641845703,
    0.155640110373497,
    -0.09417736530303955,
    0.24175505340099335,
    -0.18075604736804962,
    0.1222693994641304,
    -0.008654842153191566,
    -0.016191555187106133,
    0.014783110469579697,
    -0.007007688283920288,
    -0.028716446831822395,
    0.03409188613295555,
    -0.012074124999344349,
    0.005323981866240501,
    -0.021381588652729988,
    -0.018668662756681442,
    0.012024682946503162,
    0.07095398008823395,
    -0.21240447461605072,
    -0.8309773802757263,
    0.2741653025150299,
    -0.2128923088312149,
    0.8037583231925964,
    -0.010634276084601879,
    -0.22269752621650696,
    -0.02601373754441738,
    -0.1345783919095993,
    -0.29438814520835876,
    -0.7769575715065002,
    -0.2377689629793167,
    -0.22390174865722656,
    0.8072985410690308,
    0.7315772771835327,
    -0.17034699022769928,
    -0.04129279404878616,
    -0.01260172575712204,
    -0.16399447619915009,
    0.3470447063446045,
    -0.09721796214580536,
    0.19824068248271942,
    -0.05471905693411827,
    0.12979860603809357,
    0.04690731316804886,
    -0.04319600388407707,
    -0.40004435181617737
  ],
  "root_pose": [
    -2.5933916568756104,
    0.07194150984287262,
    0.29259705543518066
  ],
  "translation": [
    0.06316085904836655,
    0.07546918839216232,
    28.948049545288086
  ],
  "jaw_pose": [
    0.00284104747697711,
    -0.0175971407443285,
    -0.008162092417478561
  ],
  "left_hand_pose": [
    -0.011704065836966038,
    0.03651212155818939,
    0.08912380039691925,
    0.1618196288660978,
    0.1219476793961656,
    0.983892604446597,
    -0.07209013738796018,
    0.18070179103893044,
    0.5010837526383808,
    -0.07016753936775244,
    -0.1543232609291352,
    0.8546025774676014,
    -0.24502507859339223,
    0.01113501549776762,
    0.8918885712033385,
    -0.0032161594996413683,
    0.16998328420685868,
    0.540134124551773,
    -0.08306822006115423,
    0.3228254982067217,
    0.4748825710441878,
    -0.6394023047992015,
    0.09082060646636012,
    0.5891246278878809,
    -0.3724416035153687,
    0.1933652983749327,
    0.4164457839703196,
    0.017305946136961133,
    0.0034188317994760372,
    0.7067757880282212,
    -0.45725862023759273,
    0.19087200197416776,
    0.9128659558350187,
    -0.24143581179441856,
    0.2306367270882684,
    0.5714816225334474,
    0.5956639741310816,
    0.04024814995486733,
    -0.19493247374128292,
    -0.4759033397934412,
    -0.0363658604234754,
    0.2869174653412856,
    0.6245289674567628,
    -0.36040397592179224,
    0.44533715122945094
  ],
  "right_hand_pose": [
    2.606981433928013e-05,
    -0.07251511514186859,
    -0.08708426356315613,
    0.0,
    0.0,
    0.0,
    0.0,
    0.0,
    0.0,
    0.0,
    0.0,
    0.0,
    0.0,
    0.0,
    0.0,
    0.0,
    0.0,
    0.0,
    0.0,
    0.0,
    0.0,
    0.0,
    0.0,
    0.0,
    0.0,
    0.0,
    0.0,
    0.0,
    0.0,
    0.0,
    0.0,
    0.0,
    0.0,
    0.0,
    0.0,
    0.0,
    0.0,
    0.0,
    0.0,
    0.0,
    0.0,
    0.0,
    0.0,
    0.0,
    0.0
  ],
  "expression": [
    -0.35427045822143555,
    -1.4956307888031006,
    0.5551865458488464,
    0.879895806312561,
    -0.9180389642715454,
    0.1906710147857666,
    1.0665736198425293,
    -0.48072942495346066,
    -0.2833116173744202,
    -0.3748714327812195
  ],
  "fusion_metadata": {
    "body_source": "SMPLest-X",
    "hand_source": "Hierarchical Composition",
    "expression_source": "EMOCA"
  }
}