{
  "focal_length": [
    25019.559860229492,
    25019.559860229492
  ],
  "principal_point": [
    783.9645690917969,
    657.3736572265625
  ],
  "camera_translation": [
    -0.036037132143974304,
    0.25871139764785767,
    36.940181732177734
  ],
  "detection_bbox": [
    583.6240844726562,
    123.623046875,
    985.3050537109375,
    1192.124267578125
  ]
}