{
  "betas": [
    0.1874004602432251,
    0.7708523273468018,
    0.19930149614810944,
    -0.6776928305625916,
    -0.04658099263906479,
    -1.0402806997299194,
    -0.07712748646736145,
    0.09843827784061432,
    -0.13993778824806213,
    0.029501525685191154
  ],
  "body_pose": [
    -0.013720504939556122,
    0.04597710072994232,
    0.14800778031349182,
    -0.02559450827538967,
    -0.1283208131790161,
    -0.1044146865606308,
    0.07460278272628784,
    0.01959397830069065,
    -0.027278957888484,
    0.05787216126918793,
    -0.04376697167754173,
    -0.006741540972143412,
    0.13495533168315887,
    -0.06256468594074249,
    -0.009555518627166748,
    -0.029651260003447533,
    -0.001049850950948894,
    -0.014763163402676582,
    -0.02620600536465645,
    0.11125937104225159,
    -0.08602485060691833,
    -0.06626950204372406,
    -0.20970523357391357,
    0.0871540978550911,
    0.031635068356990814,
    0.013306557200849056,
    0.00301225483417511,
    -0.005777712445706129,
    0.010377632454037666,
    0.01772048883140087,
    0.006652578711509705,
    -0.014867299236357212,
    -0.01894712820649147,
    0.02657349593937397,
    -0.04566583409905434,
    0.056309692561626434,
    -0.07925402373075485,
    -0.03695074841380119,
    -0.06851238757371902,
    -0.08437200635671616,
    0.13541468977928162,
    0.08512187749147415,
    0.03124641254544258,
    -0.07333122193813324,
    0.05028510466217995,
    -0.0748186931014061,
    -0.3820869028568268,
    -0.735722541809082,
    -0.0816003829240799,
    0.44896599650382996,
    0.8047747015953064,
    -0.1110425740480423,
    -1.55754554271698,
    0.5124951004981995,
    -0.17495429515838623,
    1.6950700283050537,
    -0.41228386759757996,
    -0.26385509967803955,
    -0.08075590431690216,
    0.647935152053833,
    -0.37024086713790894,
    0.05013655871152878,
    -0.5209387540817261
  ],
  "root_pose": [
    -3.0387978553771973,
    0.023596644401550293,
    -0.059736475348472595
  ],
  "translation": [
    -0.05319918692111969,
    0.2588144838809967,
    41.16570281982422
  ],
  "jaw_pose": [
    0.007026207633316517,
    -0.003101672511547804,
    0.004311968572437763
  ],
  "left_hand_pose": [
    -0.013829056173563004,
    -0.0033659772016108036,
    0.5751277208328247,
    0.007080825262489898,
    0.07495829765246945,
    -0.1357257116104163,
    0.0643557878534179,
    -0.03142449762110953,
    0.036012221646557895,
    0.32992567826046515,
    -0.07994862902883353,
    -0.13063947621351504,
    -0.24497866326114465,
    -0.017832920277483972,
    -0.09344726991127503,
    -0.007709083488469122,
    0.0440054314092134,
    0.08547921818837835,
    -0.4860429194258481,
    0.17380369723939537,
    0.9893352775268383,
    -0.029037180884970024,
    -0.04758908173374335,
    0.24870424032855207,
    -0.3117417249311542,
    0.09497196190247542,
    -0.2065951764393134,
    0.07193162642133269,
    -0.14825959467012487,
    0.2981468493245625,
    -0.2313218987090479,
    -0.022234554780579334,
    0.12101995835124836,
    -0.16648564614105626,
    0.2042153661065303,
    0.20986212496102583,
    0.4664115799585048,
    0.011010796489143786,
    -0.3176524240788322,
    -0.6632508480200515,
    0.1104600214978751,
    0.2590715697566262,
    0.29464791957001807,
    -0.06627236403371056,
    -0.1344906690646817
  ],
  "right_hand_pose": [
    -0.014773859642446041,
    0.057561907917261124,
    -0.5617055296897888,
    -0.064750206035734,
    0.08362024445366598,
    -0.24413416940497645,
    0.1436007372959203,
    -0.09429548819263957,
    -0.07441519546172022,
    0.3239505937169914,
    0.10459436019263597,
    -0.08014929240309746,
    -0.17261501229557286,
    -0.057977485185610925,
    -0.23085116347661483,
    -0.025634299377384377,
    0.03671895212094026,
    0.013100649815558897,
    -0.9459798320884517,
    0.2960403437123239,
    1.303791012411075,
    0.14514793389897804,
    -0.09385023922944635,
    0.3883546937421283,
    -0.48303751173583265,
    -0.0447899525053381,
    -0.3257887741207546,
    0.18120622123432212,
    0.02894302901048145,
    0.036518788904857304,
    -0.18813887728801065,
    -0.03721737317745883,
    -0.19870437627881335,
    -0.11027038651331679,
    0.11578620722614204,
    0.053592533973704136,
    0.34685043320623843,
    -0.10567270447101544,
    -0.4271984732586479,
    -0.7793273871577756,
    0.06747797826020413,
    0.37265109272188923,
    0.2986287871926908,
    0.15519927848846415,
    -0.5148146565846645
  ],
  "expression": [
    -0.09868103563785553,
    0.2202690839767456,
    0.010712872445583343,
    -0.1909523069858551,
    -0.18486381769180296,
    0.332895827293396,
    -0.39920893907546995,
    0.6396376848220825,
    -0.12887977659702302,
    -0.040545040369033815
  ],
  "fusion_metadata": {
    "body_source": "SMPLest-X",
    "hand_source": "Hierarchical Composition",
    "expression_source": "EMOCA"
  }
}