{
  "focal_length": [
    24891.63716634115,
    24891.63875579834
  ],
  "principal_point": [
    813.9732055664062,
    639.788224697113
  ],
  "camera_translation": [
    0.04582515358924866,
    0.2554094195365906,
    41.37967300415039
  ],
  "detection_bbox": [
    632.23046875,
    108.76659393310547,
    996.7159423828125,
    1171.809814453125
  ]
}