{
  "betas": [
    0.4447271227836609,
    0.31935572624206543,
    0.1884496808052063,
    -0.5674590468406677,
    0.0009248843416571617,
    -0.8909116983413696,
    0.12914679944515228,
    0.010322990827262402,
    0.10770681500434875,
    0.012068364769220352
  ],
  "body_pose": [
    -0.060943275690078735,
    0.0653761550784111,
    0.18824882805347443,
    -0.03011101298034191,
    -0.11972516030073166,
    -0.10841637849807739,
    0.09017930179834366,
    0.023865612223744392,
    -0.04701914265751839,
    0.2365158498287201,
    -0.04941219091415405,
    -0.0020336271263659,
    0.2949545979499817,
    -0.02245073765516281,
    0.02255144715309143,
    -0.10657200962305069,
    -0.005234620068222284,
    -0.024005180224776268,
    -0.027295028790831566,
    0.12307746708393097,
    -0.12364411354064941,
    -0.07405835390090942,
    -0.16780972480773926,
    0.07263004034757614,
    0.03295831382274628,
    0.008213811554014683,
    -0.0009310916066169739,
    -0.007720207329839468,
    -0.00843384675681591,
    0.004537724889814854,
    -0.005718984175473452,
    -0.0009668602142482996,
    -0.027124689891934395,
    0.10949689894914627,
    -0.029362445697188377,
    0.09472985565662384,
    -0.19911956787109375,
    -0.2093648761510849,
    0.330941766500473,
    -0.1673094481229782,
    0.25155845284461975,
    -0.1687678098678589,
    0.017372656613588333,
    -0.04272191599011421,
    0.0032827924005687237,
    -0.23433679342269897,
    -0.44837337732315063,
    -0.14544649422168732,
    -0.22905874252319336,
    0.41386744379997253,
    0.23578566312789917,
    -0.11035759001970291,
    -1.4483952522277832,
    0.5764707922935486,
    -0.03783942759037018,
    1.4444860219955444,
    -0.6320586800575256,
    0.020170090720057487,
    -0.17620249092578888,
    0.7621222138404846,
    0.09802234917879105,
    0.14471884071826935,
    -0.7165884971618652
  ],
  "root_pose": [
    -3.0723230838775635,
    -0.000942515442147851,
    -0.047804754227399826
  ],
  "translation": [
    -0.018872389569878578,
    0.30770358443260193,
    42.95320129394531
  ],
  "jaw_pose": [
    0.013842286542057991,
    -0.005564223043620586,
    -0.0018305566627532244
  ],
  "left_hand_pose": [
    -0.018115632236003876,
    0.017456812784075737,
    0.5020852088928223,
    0.03235161294129696,
    0.09132500240626036,
    -0.14882041230001147,
    0.08073857829141758,
    -0.03617763215183784,
    -0.1254308053996234,
    0.26738818376900686,
    0.18827034605903373,
    -0.02274435177126096,
    -0.2277619324794612,
    -0.036089131211434894,
    -0.2511614044743573,
    -0.08689440508047734,
    0.011943433725674957,
    0.004593236428169749,
    0.17601984927155545,
    -0.12625247621370878,
    0.3064383774526801,
    0.016929414825277253,
    -0.05211873770613534,
    0.08084711980609811,
    -0.4596347595036663,
    0.07275472104290082,
    -0.3992087120497273,
    0.2939991854045647,
    0.0401826353182559,
    0.07240019817555755,
    -0.3211904131984482,
    0.03150172082982919,
    -0.2194683154348471,
    -0.15212851831560206,
    0.04100091391473285,
    0.033521434831214406,
    0.32563867346537784,
    0.008402300674320897,
    -0.43569485637820776,
    -0.6936939882001286,
    0.190841619421887,
    0.3411807152515448,
    0.21575864166696154,
    0.21311497336071814,
    -0.29549914045551373
  ],
  "right_hand_pose": [
    -0.031143030151724815,
    0.026852235198020935,
    -0.45150139927864075,
    -0.04263113285156939,
    0.10158642300398107,
    -0.19039575078487386,
    0.18310138121522518,
    -0.051498879420749905,
    -0.05663401036338237,
    0.2338645229113932,
    0.15361335119212088,
    0.05709043800390811,
    -0.23764586579530697,
    -0.01846039505519464,
    -0.18112064946485487,
    -0.05312942324008005,
    0.01973986061817286,
    0.03635023852635895,
    -0.10101971655259556,
    -0.1269545555812686,
    0.6888531952160867,
    -0.10765381856763225,
    -0.01367683256194559,
    0.0728280781361203,
    -0.2595562014762457,
    0.1476334985313164,
    -0.16544756709346534,
    0.2287772280206219,
    -0.0346324019260724,
    0.12026607809972978,
    -0.29889970593476406,
    0.004783816754016466,
    -0.21214617145876286,
    -0.13405183594020645,
    0.07086255060101809,
    0.04379041264750656,
    0.5069247908331314,
    0.00020797852074437004,
    -0.29321924294120094,
    -0.7580776114413074,
    0.18783738852542656,
    0.3114124917639876,
    0.20660380594461505,
    0.2477086938777367,
    -0.1357558220103444
  ],
  "expression": [
    -0.13183241486549377,
    0.034198643267154695,
    0.12050192356109618,
    -0.04754059016704559,
    -0.23298794031143188,
    0.13965729475021363,
    -0.28119937777519227,
    0.5445075988769531,
    -0.307962691783905,
    0.008439359441399574
  ],
  "fusion_metadata": {
    "body_source": "SMPLest-X",
    "hand_source": "Hierarchical Composition",
    "expression_source": "EMOCA"
  }
}