{
  "betas": [
    0.039281006902456284,
    0.3087834119796753,
    0.18698802590370178,
    -0.5751758813858032,
    0.1278480589389801,
    -0.8655428886413574,
    -0.04170689731836319,
    0.15293575823307037,
    0.015461711212992668,
    0.08277907222509384
  ],
  "body_pose": [
    -0.08172743767499924,
    0.08012715727090836,
    0.23823152482509613,
    -0.08363909274339676,
    -0.07480848580598831,
    -0.06392016261816025,
    0.045085761696100235,
    0.011971798725426197,
    -0.05805876851081848,
    0.25591447949409485,
    0.023033296689391136,
    0.009662367403507233,
    0.2782807946205139,
    -0.0931016355752945,
    0.04207950830459595,
    0.030588528141379356,
    -0.02868426963686943,
    -0.029627680778503418,
    -0.026827305555343628,
    0.14542177319526672,
    -0.10710204392671585,
    -0.14959830045700073,
    -0.0802106112241745,
    -0.03259939327836037,
    0.06127022206783295,
    -0.017607014626264572,
    0.007273393217474222,
    -0.023199213668704033,
    -0.005529639311134815,
    0.013358091935515404,
    -0.01988091692328453,
    -0.006403652485460043,
    -0.010639918968081474,
    0.10794036835432053,
    -0.09112730622291565,
    0.17071299254894257,
    0.06990066170692444,
    -0.03576570004224777,
    -0.18519791960716248,
    -0.04301733896136284,
    0.11969520151615143,
    0.22506795823574066,
    0.10209053754806519,
    -0.07276692986488342,
    -0.03246450796723366,
    0.2620573043823242,
    -0.37262386083602905,
    -1.0497537851333618,
    -0.004404746927320957,
    0.5574896931648254,
    1.0116907358169556,
    -0.06356358528137207,
    -1.2409584522247314,
    -0.04692528396844864,
    -0.2353353500366211,
    1.9320683479309082,
    -0.1654934138059616,
    -0.6711041927337646,
    0.05381830036640167,
    0.37680795788764954,
    -0.9066564440727234,
    0.11741452664136887,
    -0.4075000584125519
  ],
  "root_pose": [
    -3.075615882873535,
    0.021631671115756035,
    0.03375985100865364
  ],
  "translation": [
    -0.055661946535110474,
    0.2610832154750824,
    40.46302032470703
  ],
  "jaw_pose": [
    0.009435451589524746,
    0.001626175595447421,
    0.0026233315002173185
  ],
  "left_hand_pose": [
    0.061646200716495514,
    0.20834922790527344,
    0.24037623405456543,
    0.25658692132442595,
    0.30051186408020625,
    0.8967385146022185,
    -0.12975187031133295,
    0.12538404857016194,
    0.589954995141723,
    0.0352285068429717,
    -0.2826506058105893,
    0.47867356854136156,
    -0.3391096826433175,
    -0.027899569206120356,
    1.0685197283143768,
    0.03321919517012024,
    0.08252614024517183,
    0.5573828079799937,
    -0.700972416176346,
    0.45110909351881107,
    0.9922284477564444,
    -0.29857274216977514,
    -0.028777054115471365,
    0.6152785209060967,
    -0.2870044568071006,
    0.2766960042763132,
    0.4138205587371186,
    -0.06423205578655569,
    -0.04907096462168286,
    0.7635641601338851,
    -0.5463896424955687,
    0.037156650466137524,
    0.9581292230907746,
    -0.19057052187993173,
    0.21913919080146002,
    0.6311763844109829,
    1.2793784219337179,
    -0.3170627556825269,
    0.12006623742088547,
    -0.554098183691951,
    -0.11135064569757074,
    0.32940115039895157,
    0.296446347582623,
    0.06256474440755366,
    0.15290634456513214
  ],
  "right_hand_pose": [
    0.006811470724642277,
    0.011979427188634872,
    -0.33793073892593384,
    0.04644055149160438,
    0.07153084084451873,
    0.0825064413519193,
    0.029013802260523577,
    -0.026182024189245603,
    0.037075642030303446,
    0.14978133603207952,
    -0.02562908135588219,
    0.18994956682022715,
    -0.21140553720519478,
    -0.028895465721618305,
    0.15286477557438294,
    -0.021847169413717303,
    0.06210906067467636,
    0.1723739590236857,
    -0.16576660347127187,
    0.266697947617162,
    0.5731337518496515,
    0.10489001466017586,
    -0.07659572239687291,
    0.17873873089779735,
    -0.5718604886457406,
    0.02140413168624628,
    -0.3429694326855043,
    0.09988613023269918,
    0.028988826901440518,
    0.2980172061263259,
    -0.30300353836169835,
    0.007107372396744285,
    0.08043465503583411,
    -0.15968115817001338,
    0.1350420526533061,
    0.264313537310899,
    0.8539777536479397,
    -0.023723315557454123,
    -0.023277629730310345,
    -0.5874606351152121,
    0.019477696170788393,
    0.307634329718612,
    0.41141797340534586,
    -0.1304081234481402,
    -0.039029818934292276
  ],
  "expression": [
    -0.14380718171596527,
    0.2929962158203125,
    0.08900892734527588,
    -0.17449393272399902,
    -0.23732596635818481,
    -0.046511287987232204,
    -0.29101476073265076,
    0.49804748296737666,
    -0.28398771286010743,
    -0.18511862754821776
  ],
  "fusion_metadata": {
    "body_source": "SMPLest-X",
    "hand_source": "Hierarchical Composition",
    "expression_source": "EMOCA"
  }
}