{
  "focal_length": [
    22253.610293070476,
    22253.611087799072
  ],
  "principal_point": [
    798.9703674316406,
    705.515625
  ],
  "camera_translation": [
    -0.0023441705852746964,
    0.16519320011138916,
    33.6821174621582
  ],
  "detection_bbox": [
    619.2852783203125,
    230.77191162109375,
    979.6554565429688,
    1181.25927734375
  ]
}