{
  "betas": [
    0.3602072596549988,
    0.3083740174770355,
    0.054957348853349686,
    -0.7613189816474915,
    0.00686249416321516,
    -0.9952297806739807,
    -0.10500746220350266,
    0.010896001942455769,
    -0.15163539350032806,
    -0.07625762373209
  ],
  "body_pose": [
    -0.07455954700708389,
    0.05211838707327843,
    0.19756177067756653,
    -0.13210159540176392,
    -0.1377195566892624,
    -0.14565865695476532,
    0.1274050772190094,
    0.013966516591608524,
    -0.029934260994195938,
    0.1987254023551941,
    -0.049534574151039124,
    -0.00995591375976801,
    0.29348450899124146,
    -0.08308310806751251,
    0.013485027477145195,
    0.010859656147658825,
    -0.006499061360955238,
    -0.014198730699717999,
    -0.020175093784928322,
    0.1378062665462494,
    -0.10068196803331375,
    -0.04088062793016434,
    -0.2808370292186737,
    0.07519001513719559,
    0.03617845103144646,
    0.00178485584910959,
    -0.001675766776315868,
    -0.016521701589226723,
    0.005204447545111179,
    0.023025885224342346,
    -0.012109367176890373,
    -0.009637454524636269,
    -0.007492686156183481,
    0.13200125098228455,
    -0.036026425659656525,
    0.04243423417210579,
    0.06307581812143326,
    0.017478274181485176,
    -0.28851303458213806,
    0.0700901448726654,
    0.016256364062428474,
    0.23942077159881592,
    0.05951389670372009,
    -0.04758286103606224,
    0.023992344737052917,
    0.1395839899778366,
    -0.14587059617042542,
    -0.7456045150756836,
    0.17823365330696106,
    0.1176004558801651,
    0.7734236717224121,
    0.35340842604637146,
    -1.0596857070922852,
    0.26238328218460083,
    0.4134482741355896,
    1.268164038658142,
    -0.2809845507144928,
    0.37566977739334106,
    -0.16147078573703766,
    0.8429424166679382,
    0.4174988865852356,
    0.18703880906105042,
    -0.8472816944122314
  ],
  "root_pose": [
    -3.042285680770874,
    0.0072850389406085014,
    -0.05736558511853218
  ],
  "translation": [
    -0.029384421184659004,
    0.2652895450592041,
    40.11873245239258
  ],
  "jaw_pose": [
    0.013340041972696781,
    -0.004833353217691183,
    -0.0015843420987948775
  ],
  "left_hand_pose": [
    -0.005801726598292589,
    0.03564775735139847,
    0.10942324995994568,
    0.23448034089364966,
    0.19422920454491593,
    1.23956806499527,
    -0.06522558199220463,
    0.22357763579636916,
    0.7815626766583328,
    -0.14997863700126632,
    -0.08359712568808053,
    0.9947688835186361,
    -0.302977404869834,
    -0.034288263208595016,
    1.000229421934815,
    -0.04496970163612506,
    0.05259445851979542,
    0.8245043388572577,
    -0.1854979643832643,
    0.26542153617457365,
    0.6742270318626018,
    -0.7635747816426436,
    0.17954205919036614,
    0.6406130917792484,
    -0.37612559417304464,
    0.20377808283253537,
    0.6347878617032994,
    0.024569220473550243,
    0.08192386607503488,
    0.8010404770692225,
    -0.5881940650800151,
    0.200216347238311,
    0.931235541029377,
    -0.3205608296044368,
    0.07616110299224847,
    0.9049429847331594,
    0.9769203540824489,
    0.045825331416185416,
    0.06673844039797093,
    -0.44691995577863874,
    -0.04075759194046308,
    0.3495405652797604,
    0.5604663388173705,
    -0.3221100011346013,
    0.1721981086460526
  ],
  "right_hand_pose": [
    -0.017994198948144913,
    -0.03467443957924843,
    -0.08028306066989899,
    0.13682619626969147,
    0.15036480319143894,
    0.667119074240835,
    -0.121965900342077,
    0.09690697125148703,
    0.3387324954500482,
    0.09728399714116849,
    -0.0177510417634485,
    0.4371582199808042,
    -0.3757208161504777,
    0.10490820418692184,
    1.0772471097965939,
    -0.007157075197409455,
    0.15920607596637118,
    0.7191385787911891,
    0.4380060138475874,
    0.18670889396979579,
    -0.032595403175432976,
    -1.0464813770074326,
    0.2653833840278919,
    0.6887328667885853,
    -0.27890364295735354,
    0.46927170836717197,
    0.7190247505572696,
    0.19166030612748258,
    0.004465357204745622,
    0.14856635693653228,
    -0.5989116931695256,
    0.26750605481865314,
    1.2015370410052768,
    -0.2892129705992541,
    0.2886385447847065,
    1.0641665717865034,
    0.5230749264405976,
    0.13713058282696683,
    -0.25842557936601573,
    -0.5074429993630818,
    0.04542481717951849,
    0.3928513480853837,
    0.5523477170573492,
    -0.32588554610575143,
    0.18579387007567688
  ],
  "expression": [
    -0.0319728747010231,
    0.29305266737937924,
    -0.041360244154930115,
    -0.22051486372947693,
    -0.496783697605133,
    -0.13975116312503813,
    -0.15024025440216063,
    0.2583663582801819,
    -0.10936804711818694,
    0.051862487196922304
  ],
  "fusion_metadata": {
    "body_source": "SMPLest-X",
    "hand_source": "Hierarchical Composition",
    "expression_source": "EMOCA"
  }
}