{
  "focal_length": [
    25812.503496805828,
    25812.504291534424
  ],
  "principal_point": [
    783.269775390625,
    640.1462059020996
  ],
  "camera_translation": [
    -0.005171181634068489,
    0.26331469416618347,
    40.735557556152344
  ],
  "detection_bbox": [
    476.6900634765625,
    89.47944641113281,
    1090.8494873046875,
    1191.81298828125
  ]
}