{
  "focal_length": [
    25599.11092122396,
    25599.112510681152
  ],
  "principal_point": [
    765.1744384765625,
    622.2387466430664
  ],
  "camera_translation": [
    -0.005606452003121376,
    0.2520205080509186,
    40.22417449951172
  ],
  "detection_bbox": [
    536.4382934570312,
    76.12434387207031,
    994.9105834960938,
    1169.3531494140625
  ]
}