{
  "focal_length": [
    25744.978586832684,
    25744.97699737549
  ],
  "principal_point": [
    782.5843811035156,
    639.639684677124
  ],
  "camera_translation": [
    -0.003987791016697884,
    0.26196402311325073,
    40.46331787109375
  ],
  "detection_bbox": [
    472.57855224609375,
    90.41351318359375,
    1093.5902099609375,
    1189.8658447265625
  ]
}