{
  "betas": [
    0.5348787903785706,
    0.03249526396393776,
    0.08163521438837051,
    -0.512484610080719,
    0.047649070620536804,
    -0.5826374292373657,
    0.17217393219470978,
    0.2286374568939209,
    0.08586505800485611,
    -0.02067466266453266
  ],
  "body_pose": [
    -0.4188707172870636,
    0.020480260252952576,
    0.18301385641098022,
    -0.32183197140693665,
    -0.2014455646276474,
    -0.3049943745136261,
    0.23080205917358398,
    0.045654743909835815,
    0.03474095091223717,
    0.8689962029457092,
    0.027026398107409477,
    -0.10596665740013123,
    0.8023468255996704,
    -0.10704626888036728,
    0.08666418492794037,
    -0.14061382412910461,
    0.026668306440114975,
    0.0773233100771904,
    -0.07282265275716782,
    0.13167694211006165,
    -0.08190314471721649,
    -0.003220542799681425,
    -0.22595059871673584,
    0.14987152814865112,
    0.05662146583199501,
    0.03490760549902916,
    0.08349617570638657,
    -0.05258452519774437,
    -0.0030330766458064318,
    0.032379571348428726,
    -0.011192255653440952,
    0.01404707320034504,
    -0.0004654235381167382,
    0.1343827098608017,
    -0.0908583477139473,
    0.0911889299750328,
    -0.12623736262321472,
    -0.05422293394804001,
    0.36842331290245056,
    -0.1932777613401413,
    0.38075172901153564,
    -0.1328769475221634,
    -0.05794072523713112,
    -0.1957574188709259,
    0.11875534802675247,
    -0.18622678518295288,
    -0.15528054535388947,
    -0.03625115007162094,
    -0.31310975551605225,
    0.5915194749832153,
    0.5464116334915161,
    -0.11720550060272217,
    -1.4577900171279907,
    0.3175422251224518,
    -0.2280036360025406,
    1.7230806350708008,
    -0.6752632260322571,
    0.0049932850524783134,
    -0.3156607151031494,
    0.43114838004112244,
    -0.17406907677650452,
    0.15036265552043915,
    -0.6988220810890198
  ],
  "root_pose": [
    -3.0617692470550537,
    -0.04845592752099037,
    -0.3170298635959625
  ],
  "translation": [
    -0.041048891842365265,
    0.3226417005062103,
    41.785762786865234
  ],
  "jaw_pose": [
    0.012043003924190998,
    -0.007451422046869993,
    0.0011316544841974974
  ],
  "left_hand_pose": [
    -0.0006836934480816126,
    0.006698973942548037,
    0.4760107398033142,
    -0.07587476965534745,
    0.04055798296192737,
    0.006500820460224231,
    0.051120317174384956,
    -0.04688223700489023,
    0.003973278569476464,
    0.09974839725194083,
    -0.1372696139851985,
    0.08041678321818554,
    -0.2299466538394382,
    -0.09613287834467575,
    0.1763131753507753,
    0.03906888082011,
    0.11152851270027916,
    0.021721651281725877,
    -0.6230613257311233,
    0.1264334173103178,
    0.8916812607566479,
    0.31965088363401684,
    -0.11020528306252979,
    0.17971950498000122,
    -0.4922678643609427,
    -0.005223039761419334,
    -0.44133948122041416,
    -0.10347173022745246,
    -0.13110883994210482,
    0.6324657666232777,
    -0.19460862658389583,
    -0.10924281744657643,
    0.10974669276537867,
    -0.13058806647099616,
    0.23725507056402728,
    0.10486434606807851,
    1.0406499524619637,
    -0.15492791650316431,
    0.08268313349020065,
    -0.6853937220467884,
    0.0762372232116957,
    0.16412558752926512,
    0.3895972603645584,
    0.0056849533594267405,
    0.10363618877767386
  ],
  "right_hand_pose": [
    -0.0180222038179636,
    -0.010869047604501247,
    -0.3637600243091583,
    -0.008537015750235586,
    0.0653694338115893,
    -0.138675164172493,
    0.01916976404169268,
    -0.026379893836748977,
    -0.024496534643465434,
    0.24921667181728507,
    -0.08060666851156742,
    -0.21997846785418732,
    -0.27414158776632036,
    -0.018303154869554375,
    0.16730134247512457,
    -0.009289966494278793,
    0.06491133048216867,
    0.2509960827587935,
    -0.41496849332245694,
    -0.05110033062458697,
    0.7431745260285356,
    0.18077375752306646,
    -0.02346416367615964,
    0.20297289290494783,
    -0.5227931805493862,
    0.051291466202819984,
    -0.28813698221755335,
    0.009188926827458418,
    -0.0825077829514822,
    0.4035941746433008,
    -0.3123967418462351,
    -0.004160887471516011,
    0.1245979636276599,
    -0.14862139955656442,
    0.13606138780518387,
    0.23476975643031295,
    0.6718403200533202,
    -0.03370075707271933,
    -0.2730263043365774,
    -0.6486973322835856,
    0.1242682420863497,
    0.19966056956818087,
    0.2490410332172748,
    0.07293106132838019,
    0.302052255463715
  ],
  "expression": [
    -0.5897508144378661,
    -1.9177751541137695,
    0.006562531180679798,
    1.5478335857391357,
    -0.1489321857690811,
    0.0724714994430542,
    -0.22277013659477232,
    -0.25641435384750366,
    -0.781298017501831,
    -0.5767460703849793
  ],
  "fusion_metadata": {
    "body_source": "SMPLest-X",
    "hand_source": "Hierarchical Composition",
    "expression_source": "EMOCA"
  }
}