{
  "betas": [
    0.70151686668396,
    0.5440029501914978,
    0.20536461472511292,
    -0.3512968420982361,
    0.08414099365472794,
    -0.7632689476013184,
    0.11665169894695282,
    -0.04443887993693352,
    -0.16327841579914093,
    -0.16725294291973114
  ],
  "body_pose": [
    -0.13447348773479462,
    0.06769131869077682,
    0.22713349759578705,
    -0.04663645103573799,
    -0.13179311156272888,
    -0.08758609741926193,
    0.11323299258947372,
    0.03633390739560127,
    -0.041097577661275864,
    0.2911412715911865,
    -0.0532965324819088,
    0.013738446868956089,
    0.2796647250652313,
    -0.05785951018333435,
    0.03116871602833271,
    -0.023035665974020958,
    -0.0008633518009446561,
    -0.014353077858686447,
    -0.0333540104329586,
    0.1993880569934845,
    -0.1391000896692276,
    -0.167181596159935,
    -0.2791403830051422,
    -0.03898368403315544,
    0.04215100780129433,
    0.0005164373433217406,
    0.01262569148093462,
    -0.015152736566960812,
    -0.0013331451918929815,
    0.015441101044416428,
    -0.0061330124735832214,
    -0.013036040589213371,
    -0.010668414644896984,
    -0.08803226053714752,
    0.05579593777656555,
    0.15378080308437347,
    0.002333881799131632,
    0.051764607429504395,
    -0.14250048995018005,
    0.051087118685245514,
    -0.003642647061496973,
    0.2570745646953583,
    -0.026474658399820328,
    0.05664516240358353,
    6.703248072881252e-05,
    0.1051141694188118,
    -0.1553448885679245,
    -0.7164028286933899,
    0.17904482781887054,
    0.15004795789718628,
    0.8891993761062622,
    0.16597110033035278,
    -0.6370636820793152,
    0.07555456459522247,
    0.3019188344478607,
    0.5660361647605896,
    -0.03460490331053734,
    0.07032401114702225,
    0.002124621532857418,
    -0.09189554303884506,
    0.05470211058855057,
    -0.007949210703372955,
    0.17138157784938812
  ],
  "root_pose": [
    -3.04437255859375,
    -0.040154244750738144,
    0.26459231972694397
  ],
  "translation": [
    -0.06924179196357727,
    0.27957192063331604,
    41.19491958618164
  ],
  "jaw_pose": [
    0.0069398595951497555,
    -0.0007760148728266358,
    -0.0017626546323299408
  ],
  "left_hand_pose": [
    0.0018193138530477881,
    0.07486467063426971,
    0.06446356326341629,
    0.22638799604531212,
    0.24668680952127128,
    1.5725093476944605,
    -0.06255351390201425,
    0.21277877108221546,
    0.7038848358143167,
    -0.12064760111582036,
    -0.10588308707390365,
    0.6392813708610844,
    -0.25453116118466634,
    0.0008782179321191081,
    1.6681338137508563,
    -0.052906616507883426,
    0.2006035470780164,
    0.7575687819011777,
    -0.5001817751485377,
    0.6510479453620927,
    0.40541200734845406,
    -0.8747737090464932,
    0.1313013986341579,
    1.114179147777294,
    -0.6361084934444442,
    0.02017755090891373,
    0.7220500644821594,
    -0.06999252668450366,
    0.15918971661867892,
    0.5396302202197962,
    -0.546983477290549,
    0.21187213768338972,
    1.5932433535243478,
    -0.35360633232672867,
    0.15922154656083734,
    0.783440499401031,
    1.1265620720738263,
    -0.56987568346978,
    5.40183985040299e-05,
    -0.6896681339039973,
    -0.03287216686770698,
    -0.04530805326319647,
    0.7381415893053611,
    -0.10813246933141724,
    0.2842486909494568
  ],
  "right_hand_pose": [
    -0.005400312598794699,
    -0.026719141751527786,
    -0.18715812265872955,
    0.09837743672688949,
    0.09939196351424777,
    0.1467972658184534,
    -0.016644946619208983,
    0.0015314464218378898,
    0.044921999490914695,
    0.03492716126171971,
    0.026104899661141705,
    0.5425347944763659,
    -0.21066488808439557,
    -0.05479751479094349,
    0.24942441449044728,
    0.0226022283385585,
    0.09970903268368231,
    0.14369328756248242,
    -0.13494648621791028,
    0.6609534957286174,
    0.4669261760431589,
    -0.17520868519133448,
    -0.19606539349291147,
    0.22651671019388006,
    -0.30849394546180203,
    0.04179222315173957,
    -0.12948339290991204,
    0.07539901834447274,
    0.19427698922226422,
    0.4902728146158408,
    -0.31335314829827327,
    -0.05016253135276988,
    0.2557746509985628,
    -0.18185352096949656,
    0.16839178684183395,
    0.1831135922846587,
    0.9986678242053206,
    -0.30935984725929916,
    0.0398663451924595,
    -0.6591776066368837,
    0.13390620489158042,
    0.17975863479307733,
    0.3507961388402686,
    0.14654841781542194,
    -0.09262956310659431
  ],
  "expression": [
    0.0758253961801529,
    -0.1235238343477249,
    0.22850920557975768,
    0.2917980909347534,
    -0.5343982815742493,
    0.13367162346839903,
    -0.28263975977897643,
    0.020059740543365477,
    -0.22032707333564758,
    0.21397570967674254
  ],
  "fusion_metadata": {
    "body_source": "SMPLest-X",
    "hand_source": "Hierarchical Composition",
    "expression_source": "EMOCA"
  }
}