{
  "focal_length": [
    21270.605723063152,
    21270.606517791748
  ],
  "principal_point": [
    686.136962890625,
    693.9600219726562
  ],
  "camera_translation": [
    0.20088684558868408,
    0.1752203106880188,
    34.60991287231445
  ],
  "detection_bbox": [
    424.71533203125,
    240.18707275390625,
    948.55859375,
    1148.73291015625
  ]
}