{
  "betas": [
    0.6477724313735962,
    0.8416461944580078,
    -0.17417384684085846,
    -0.36650019884109497,
    0.08529932051897049,
    -0.8027104139328003,
    0.08189098536968231,
    -0.08494150638580322,
    -0.19834697246551514,
    -0.11944790929555893
  ],
  "body_pose": [
    0.044685885310173035,
    0.060030143707990646,
    0.10625360906124115,
    -0.034264009445905685,
    -0.1012759730219841,
    -0.13824127614498138,
    0.09399589896202087,
    0.0016631981125101447,
    -0.01519977580755949,
    0.013939045369625092,
    -0.011755297891795635,
    0.007346021477133036,
    0.18454380333423615,
    -0.041492536664009094,
    0.0011251344112679362,
    0.012798366136848927,
    -0.006934557110071182,
    -0.005417087581008673,
    -0.05595020577311516,
    0.1628504991531372,
    -0.04196685552597046,
    -0.022922853007912636,
    -0.2519058585166931,
    0.04322778061032295,
    0.0050250026397407055,
    0.0006536673754453659,
    0.001615396817214787,
    -0.006089526694267988,
    0.005032050888985395,
    0.01758442260324955,
    -0.009000507183372974,
    -0.009282073006033897,
    -0.02438424341380596,
    -0.04307006299495697,
    -0.009766874834895134,
    0.04672336205840111,
    0.05309244245290756,
    -0.0894317626953125,
    -0.32107725739479065,
    0.04189388081431389,
    0.10901185125112534,
    0.3125856816768646,
    -0.12712125480175018,
    -0.03506904095411301,
    -0.019539590924978256,
    0.2100839614868164,
    -0.29184627532958984,
    -0.9088096022605896,
    0.20391735434532166,
    0.28027454018592834,
    0.919356644153595,
    0.2482939064502716,
    -0.4894370138645172,
    -0.05202507972717285,
    0.16900715231895447,
    0.5444971919059753,
    0.027600908651947975,
    0.03464147821068764,
    -0.06215883418917656,
    0.10351459681987762,
    -0.08216409385204315,
    0.004281316418200731,
    -0.05819302424788475
  ],
  "root_pose": [
    -3.0551047325134277,
    0.03628518804907799,
    -0.1280020922422409
  ],
  "translation": [
    0.001682410016655922,
    0.2752932608127594,
    41.083221435546875
  ],
  "jaw_pose": [
    0.004628530703485012,
    -0.007182376924902201,
    -0.002779717557132244
  ],
  "left_hand_pose": [
    -0.014405210502445698,
    0.092779740691185,
    0.06203275918960571,
    0.1115048971089874,
    0.11550785317228661,
    0.2526654713189152,
    -0.0217215517454319,
    0.04943615045623117,
    0.1869417779008087,
    -0.050847925740520286,
    -0.031222169531426675,
    0.7612366353991624,
    -0.2272989755895811,
    -0.07832573481990146,
    0.4341231996509232,
    0.04531930094961854,
    0.13099871309151093,
    0.2605524062216384,
    -0.41473557263999306,
    0.5957305230687968,
    0.6781050371177655,
    -0.23661094964367146,
    -0.14347136390374843,
    0.4316078697358449,
    -0.39942494248579324,
    0.05419370037301891,
    0.113255377941988,
    -0.025938946819944134,
    0.17485028288550516,
    0.6983450804072834,
    -0.3921151099198776,
    -0.02566744811392397,
    0.5637592785770211,
    -0.20403672041189275,
    0.2001561151029422,
    0.33232250966044724,
    1.1281136339460254,
    -0.3515527449501015,
    0.06527347015522772,
    -0.6527499162591327,
    0.008689320331332226,
    0.223253070452011,
    0.375601395579437,
    0.0741967785548804,
    -0.14618742013759
  ],
  "right_hand_pose": [
    -0.01653665117919445,
    -0.02195145934820175,
    -0.1879715770483017,
    0.1272151630594904,
    0.09760352308391598,
    0.19322369167789114,
    -0.043851068031831905,
    0.06335941860798186,
    0.08025318168352098,
    -0.0832866163596645,
    0.040579275947188576,
    0.8393820289263308,
    -0.18536307159262033,
    -0.07842784043246305,
    0.16494677788838738,
    0.05932528485601099,
    0.1618424712069535,
    0.19158270695380125,
    -0.6419696841787771,
    0.5405815907277284,
    0.774794355481242,
    0.17129442763360125,
    -0.156556247681292,
    0.25881245950449894,
    -0.4486013758543914,
    -0.08917703507675859,
    -0.1782286357668558,
    -0.0734367473360551,
    0.22345611756462105,
    0.771697297915341,
    -0.34026317444761056,
    -0.031981204613799157,
    0.23131220350533274,
    -0.16499757058052747,
    0.19741630212857403,
    0.2477787201615978,
    1.0952303332010387,
    -0.3978430565431022,
    0.04322123066990702,
    -0.70576340690452,
    0.08042102951836444,
    0.23256470602985044,
    0.38033607806091974,
    0.1193061310633622,
    -0.18851897314060487
  ],
  "expression": [
    0.0747205227613449,
    0.20100851655006408,
    -0.0302643321454525,
    -0.02483890503644943,
    -0.10915298759937286,
    0.32649239301681515,
    -0.4921411156654358,
    0.2208514094352722,
    -0.28095948100090024,
    0.34836119413375854
  ],
  "fusion_metadata": {
    "body_source": "SMPLest-X",
    "hand_source": "Hierarchical Composition",
    "expression_source": "EMOCA"
  }
}