{
  "focal_length": [
    27261.7244720459,
    27261.7244720459
  ],
  "principal_point": [
    780.4658813476562,
    607.1228561401367
  ],
  "camera_translation": [
    -0.018872389569878578,
    0.30770358443260193,
    42.95320129394531
  ],
  "detection_bbox": [
    507.8653259277344,
    25.539398193359375,
    1054.06640625,
    1189.706298828125
  ]
}