{
  "focal_length": [
    25123.20041656494,
    25123.20041656494
  ],
  "principal_point": [
    742.0364685058594,
    637.7024078369141
  ],
  "camera_translation": [
    -0.055661946535110474,
    0.2610832154750824,
    40.46302032470703
  ],
  "detection_bbox": [
    554.9951782226562,
    101.74079895019531,
    930.0777587890625,
    1174.6640625
  ]
}