{
  "betas": [
    -0.0125105706974864,
    0.1909208744764328,
    0.10922905057668686,
    0.04463958740234375,
    0.0179479718208313,
    -0.13586291670799255,
    0.047651469707489014,
    0.0761542022228241,
    0.0989556685090065,
    -0.06755051016807556
  ],
  "body_pose": [
    -0.19710810482501984,
    0.0019806113559752703,
    0.07266683131456375,
    -0.1862650066614151,
    -0.0017206744523718953,
    -0.06994394212961197,
    0.2654392421245575,
    -0.009580411948263645,
    -0.02594587579369545,
    0.5328931212425232,
    0.023434625938534737,
    -0.040937718003988266,
    0.5139840841293335,
    -0.008906654082238674,
    0.05080708861351013,
    0.011546445079147816,
    -0.00723833916708827,
    0.0018573775887489319,
    -0.17826969921588898,
    0.10896166414022446,
    -0.032939232885837555,
    -0.12584757804870605,
    -0.12374383956193924,
    0.03660863637924194,
    0.006314853671938181,
    -0.004753553308546543,
    0.0012594539439305663,
    0.015932660549879074,
    -0.00782070867717266,
    -0.0039307367987930775,
    0.007313381414860487,
    -0.0019918105099350214,
    -8.249780512414873e-05,
    0.11889801919460297,
    -0.14489150047302246,
    0.09930554032325745,
    -0.03386789560317993,
    0.02768693119287491,
    -0.07664129883050919,
    -0.05884853005409241,
    0.008378838188946247,
    0.1289643943309784,
    -0.1957312524318695,
    -0.1963687688112259,
    0.018802594393491745,
    -0.06903602182865143,
    -0.1438007950782776,
    -0.8353985548019409,
    -0.040562406182289124,
    0.1452760398387909,
    0.8932498097419739,
    -0.1998220980167389,
    -1.2245585918426514,
    0.5411873459815979,
    -0.16177339851856232,
    1.3148117065429688,
    -0.5660370588302612,
    -0.2689630687236786,
    0.048963773995637894,
    0.4953252673149109,
    -0.20617027580738068,
    -0.05566820874810219,
    -0.38211706280708313
  ],
  "root_pose": [
    3.0343732833862305,
    -0.017282068729400635,
    -0.10121084749698639
  ],
  "translation": [
    -0.0073030851781368256,
    0.6208892464637756,
    31.49359130859375
  ],
  "jaw_pose": [
    0.03529548645019531,
    -0.009425216354429722,
    0.004716695751994848
  ],
  "left_hand_pose": [
    0.9495802521705627,
    -0.2597239911556244,
    -0.17561538517475128,
    0.21517254412174225,
    0.9472636580467224,
    -0.23747070133686066,
    0.22803092002868652,
    0.18770988285541534,
    0.9553883075714111,
    0.9728831052780151,
    0.19182755053043365,
    0.12923070788383484,
    -0.18666383624076843,
    0.9810958504676819,
    -0.051064468920230865,
    -0.13658326864242554,
    0.02555706538259983,
    0.990298867225647,
    0.9981253743171692,
    -0.06061152368783951,
    0.008480170741677284,
    0.05974775180220604,
    0.9349868297576904,
    -0.34961384534835815,
    0.013261774554848671,
    0.34946513175964355,
    0.9368554949760437,
    0.910603404045105,
    -0.4128774404525757,
    0.018267503008246422,
    0.41288313269615173,
    0.9068968892097473,
    -0.08405686169862747,
    0.01813844032585621,
    0.08408480882644653,
    0.9962935447692871,
    0.9979962110519409,
    0.061879727989435196,
    0.013212122954428196,
    -0.06320074945688248,
    0.9647843241691589,
    0.25533682107925415,
    0.0030533168464899063,
    -0.25566017627716064,
    0.9667619466781616
  ],
  "right_hand_pose": [
    0.8804812431335449,
    -0.43180641531944275,
    -0.1956934928894043,
    0.3908056914806366,
    0.894770085811615,
    -0.21600306034088135,
    0.26837220788002014,
    0.11370851844549179,
    0.9565806984901428,
    0.9888091087341309,
    -0.004847739357501268,
    0.1491076946258545,
    0.023888099938631058,
    0.9917207360267639,
    -0.12617166340351105,
    -0.14726154506206512,
    0.1283215880393982,
    0.9807382822036743,
    0.9973875284194946,
    -0.07204167544841766,
    0.005311066284775734,
    0.07223571836948395,
    0.9951360821723938,
    -0.06697851419448853,
    -0.00045998941641300917,
    0.06718718260526657,
    0.9977403283119202,
    0.8125544786453247,
    -0.5780357122421265,
    0.07503305375576019,
    0.5772280693054199,
    0.8158645629882812,
    0.03424583002924919,
    -0.08101212233304977,
    0.015484585426747799,
    0.9965928196907043,
    0.9994113445281982,
    0.007452158723026514,
    -0.03348807618021965,
    -0.0004256078973412514,
    0.9787411093711853,
    0.20509903132915497,
    0.03430458903312683,
    -0.2049640417098999,
    0.9781681299209595
  ],
  "expression": [
    0.0,
    0.0,
    0.0,
    0.0,
    0.0,
    0.0,
    0.0,
    0.0,
    0.0,
    0.0
  ],
  "fusion_metadata": {
    "source_body": "SMPLest-X",
    "source_hands": "WiLoR_transformed",
    "source_expression": "EMOCA_mapped",
    "transformation_applied": true,
    "coordinate_system": "SMPLest-X_space"
  }
}