{
  "betas": [
    0.7673503756523132,
    0.5259058475494385,
    0.12177769094705582,
    -0.3352184295654297,
    -0.11224541068077087,
    -0.605303943157196,
    -0.05249667167663574,
    -0.03870759904384613,
    0.30667197704315186,
    0.0012572216801345348
  ],
  "body_pose": [
    -0.0020288333762437105,
    0.02959175407886505,
    0.08485530316829681,
    -0.7227460741996765,
    0.1779516190290451,
    -0.13254721462726593,
    0.25798794627189636,
    -0.09155534207820892,
    -0.044913846999406815,
    0.2477133572101593,
    -0.04485968500375748,
    -8.65143520059064e-05,
    1.732509732246399,
    -0.055447302758693695,
    0.18119803071022034,
    -0.05964261665940285,
    -0.038717467337846756,
    -0.006240797694772482,
    -0.14001785218715668,
    0.08919491618871689,
    0.0010470488341525197,
    -0.1075870618224144,
    -0.11782567948102951,
    0.04284851253032684,
    0.07291807979345322,
    -0.043674565851688385,
    -0.016807381063699722,
    -0.012377646751701832,
    -0.01015613041818142,
    0.020906448364257812,
    -0.021618865430355072,
    0.008739340119063854,
    -0.0012525904458016157,
    -0.005186269525438547,
    0.016895262524485588,
    0.07237999886274338,
    -0.0345727801322937,
    -0.11157426238059998,
    -0.1600184142589569,
    0.16381926834583282,
    -0.19780635833740234,
    0.18412135541439056,
    -0.05396117642521858,
    -0.006024540401995182,
    0.035796623677015305,
    -0.0769314095377922,
    -0.3538688123226166,
    -0.7391874194145203,
    0.31457340717315674,
    -0.14054559171199799,
    0.9924687147140503,
    -0.14712250232696533,
    -1.7995588779449463,
    0.23392809927463531,
    0.09442754834890366,
    1.4636715650558472,
    -0.16159191727638245,
    -0.35265761613845825,
    -0.28478261828422546,
    0.27375030517578125,
    -0.20966410636901855,
    0.11947526782751083,
    -0.262123703956604
  ],
  "root_pose": [
    -2.990579843521118,
    -0.09733942896127701,
    -0.0757751315832138
  ],
  "translation": [
    0.01493801362812519,
    0.2806625962257385,
    39.13874435424805
  ],
  "jaw_pose": [
    0.008349030278623104,
    -0.0034927779342979193,
    0.005696650594472885
  ],
  "left_hand_pose": [
    -0.04181543365120888,
    0.027144184336066246,
    0.022106081247329712,
    0.18558551214102362,
    0.05381792933673015,
    0.2171319167950986,
    -0.03125355910067462,
    0.06877854077298565,
    0.2629587957998708,
    -0.05504114339981124,
    -0.20401931745009474,
    1.094470227520207,
    -0.24514103405064888,
    -0.07266319559927006,
    0.17476434897600276,
    0.025995483347003752,
    0.07246476097910531,
    0.331735088694253,
    -0.14402713486026883,
    0.4553245193671361,
    0.7097410041948726,
    -0.2926404335577767,
    -0.11882011675256877,
    0.18440362934143642,
    -0.35238591165062677,
    0.09764702024057238,
    0.13038005196063673,
    0.09350566428285549,
    0.09867161195928754,
    0.9372383300004274,
    -0.4184747207890166,
    0.008972286304256952,
    0.2158753675421926,
    -0.22241104907209827,
    0.1035643971845811,
    0.41259071952578846,
    0.8545046483795029,
    -0.1436629709655525,
    -0.1446509972476107,
    -0.6766067383113916,
    0.061890703173316956,
    0.34570143244573825,
    0.2674928351117834,
    -0.06171719810695833,
    -0.20385604879543145
  ],
  "right_hand_pose": [
    -0.01988867297768593,
    0.02124268375337124,
    -0.4039662480354309,
    0.08472723625627132,
    0.061504020981215934,
    0.21663463214384973,
    0.01013519031206214,
    0.033904890930279784,
    0.12587412300642337,
    0.13908547405721697,
    0.004400930323647727,
    0.4958165503315851,
    -0.25831377367169983,
    -0.05874632918585514,
    0.15858568260333764,
    0.01944812752516085,
    0.1109438588391831,
    0.1896814609948152,
    -0.030048811655299396,
    0.12862461954743903,
    0.5279839023005951,
    -0.14205900285552095,
    -0.07950197882554755,
    0.09463569325143452,
    -0.3304551180148141,
    0.15740026863100753,
    -0.12911376346835857,
    0.09635423453762425,
    -0.013864368878694178,
    0.479846231436283,
    -0.30009046116105054,
    -0.03623673324153134,
    0.20473850392551576,
    -0.19510111638814737,
    0.23418039891041448,
    0.23457927488165956,
    0.49642401213008674,
    -0.09891185767205173,
    -0.2754519229170595,
    -0.5402896868622095,
    0.02399787730936977,
    0.34160662259790614,
    0.3165394645271924,
    0.01273946939634689,
    0.0956866319461194
  ],
  "expression": [
    -0.14131692051887512,
    0.07628984749317169,
    0.08635050058364868,
    -0.1718030333518982,
    -0.20315927267074585,
    0.3638714790344238,
    -0.1644928514957428,
    0.9689568042755127,
    -0.1932201862335205,
    0.11141399145126342
  ],
  "fusion_metadata": {
    "body_source": "SMPLest-X",
    "hand_source": "Hierarchical Composition",
    "expression_source": "EMOCA"
  }
}