{
  "betas": [
    0.5458911061286926,
    0.35098010301589966,
    -0.257375031709671,
    -0.72821444272995,
    -0.11969857662916183,
    -0.5362372994422913,
    -0.17152781784534454,
    0.05574266240000725,
    0.008942976593971252,
    0.01233644038438797
  ],
  "body_pose": [
    -0.6818505525588989,
    0.05925958976149559,
    0.295653760433197,
    -0.4354759752750397,
    -0.05752919986844063,
    -0.13327619433403015,
    0.5355404615402222,
    0.015508580021560192,
    -0.0649651363492012,
    0.4926890730857849,
    0.0662032887339592,
    -0.030929120257496834,
    0.6402581334114075,
    -0.06000472232699394,
    0.11238346993923187,
    -0.09463430941104889,
    -0.021447090432047844,
    -0.044684454798698425,
    -0.0025917424354702234,
    0.11803334206342697,
    -0.20725825428962708,
    -0.31877896189689636,
    -0.18498194217681885,
    -0.11900173872709274,
    0.03632339462637901,
    -0.022622976452112198,
    -0.012895428575575352,
    -0.0036785854026675224,
    -0.02012639306485653,
    0.011328906752169132,
    -0.01033512782305479,
    0.0024171469267457724,
    -0.002620633691549301,
    -0.01218065619468689,
    0.2492428869009018,
    0.10514844954013824,
    -0.15453630685806274,
    -0.19641222059726715,
    0.02739644981920719,
    0.07529063522815704,
    0.003870881861075759,
    0.0386229045689106,
    -0.10747761279344559,
    0.30280575156211853,
    -0.14936190843582153,
    -0.2715016007423401,
    -0.3231357932090759,
    -0.40594014525413513,
    0.2015957087278366,
    -0.0043125455267727375,
    0.578887939453125,
    -0.3390931785106659,
    -0.8504571914672852,
    0.24013149738311768,
    0.32759255170822144,
    1.3166203498840332,
    -0.1845669001340866,
    -0.10021419078111649,
    -0.01756155677139759,
    0.5156295895576477,
    0.13001757860183716,
    0.19768086075782776,
    -0.15512679517269135
  ],
  "root_pose": [
    -2.838137149810791,
    -0.0668763667345047,
    0.29077255725860596
  ],
  "translation": [
    -0.023540878668427467,
    0.2606196403503418,
    36.52085876464844
  ],
  "jaw_pose": [
    0.010125054977834225,
    -0.0036764845717698336,
    -0.005401567555963993
  ],
  "left_hand_pose": [
    0.011469271034002304,
    0.08209973573684692,
    -0.06291171163320541,
    0.3552019086771979,
    0.20274047708727783,
    1.0135730014038362,
    -0.053078594500910375,
    0.2131828576488055,
    0.7153959837602182,
    -0.25375391991476803,
    -0.14999751582331802,
    1.552208584461406,
    -0.25170522130046086,
    -0.03737689238797859,
    0.8735087042654193,
    -0.025927713834433385,
    0.07959583512740781,
    0.9646650783345359,
    -0.6136268332547852,
    0.5691437932354786,
    1.3090415219156126,
    -0.9172575129449304,
    0.2552672909300594,
    0.9707518045821665,
    -0.41118227599750146,
    0.19453742044368266,
    0.8319847660935633,
    -0.11515734873851048,
    0.2106840331876479,
    1.5345027549383126,
    -0.6364173974079645,
    0.3552777322575373,
    0.9640072394974096,
    -0.3361213124242257,
    0.0412364927843817,
    1.0497913176651903,
    0.9284669753783584,
    -0.08142486479383779,
    -0.12083976716669151,
    -0.3430439600086663,
    -0.20368580255622823,
    0.5202136066393795,
    0.5381994423757275,
    -0.20114539937112424,
    0.3220653597243127
  ],
  "right_hand_pose": [
    -0.011704228818416595,
    -0.0773436650633812,
    0.24917493760585785,
    0.1142124396556407,
    0.18466506788743622,
    0.8369453361775812,
    -0.010998679802339028,
    0.08959990847740819,
    0.5641319127084081,
    -0.23589753196511717,
    0.1782549728358445,
    1.2338567390660604,
    -0.2678679276968801,
    -0.12624064138332466,
    0.6790593120716328,
    0.011024155394419755,
    0.07511941547425544,
    0.5492007574808977,
    -0.11108553249328122,
    0.4679163780271017,
    0.5611549641282918,
    -0.7101829565271102,
    0.08219443107193819,
    0.5625605670391575,
    -0.35900376950680735,
    0.1494766430381247,
    0.5533164891683066,
    0.04853111968200989,
    0.3078740704349613,
    0.8121921540514253,
    -0.5697432009693345,
    0.15430748440471428,
    0.8493757567399738,
    -0.28575424217588774,
    0.08211435449595117,
    0.678252061546927,
    1.147296364265777,
    -0.4636016085513701,
    -0.005014705824305588,
    -0.6468829163643187,
    -0.008666761452397932,
    0.25300014643707547,
    0.11297655432182502,
    0.2655164593259003,
    0.010578737761906152
  ],
  "expression": [
    -0.1786173105239868,
    0.5007421016693115,
    -0.22190238833427428,
    -0.10737810730934143,
    0.004866168648004532,
    -0.47507239580154415,
    -0.3943686604499817,
    0.8937430143356323,
    -0.5033604383468627,
    0.09957699179649353
  ],
  "fusion_metadata": {
    "body_source": "SMPLest-X",
    "hand_source": "Hierarchical Composition",
    "expression_source": "EMOCA"
  }
}