{
  "focal_length": [
    17788.40223948161,
    17788.403034210205
  ],
  "principal_point": [
    880.6262512207031,
    811.6247863769531
  ],
  "camera_translation": [
    -0.07203207165002823,
    0.050554703921079636,
    29.62776756286621
  ],
  "detection_bbox": [
    596.0118408203125,
    474.8164367675781,
    1166.24072265625,
    1149.43310546875
  ]
}