{
  "betas": [
    0.8142346143722534,
    0.9247044324874878,
    -0.37372395396232605,
    -0.23240138590335846,
    -0.046814631670713425,
    -0.5181915760040283,
    0.03651026636362076,
    0.12442045658826828,
    -0.02261362411081791,
    -0.03975049406290054
  ],
  "body_pose": [
    -0.2871934473514557,
    0.07038170844316483,
    0.1388939470052719,
    0.03858688101172447,
    -0.03769233077764511,
    0.04469742625951767,
    0.1685294359922409,
    0.017172448337078094,
    -0.00013433030107989907,
    0.647634744644165,
    0.10478188097476959,
    -0.08397040516138077,
    0.16590635478496552,
    -0.012240753509104252,
    0.06259597092866898,
    -0.030410248786211014,
    -0.008336246013641357,
    -0.000856750353705138,
    -0.11852791160345078,
    0.25683826208114624,
    -0.04025787487626076,
    -0.21618737280368805,
    -0.13616050779819489,
    -0.08334382623434067,
    0.031007887795567513,
    -0.0007112619932740927,
    0.020795514807105064,
    -0.01871076412498951,
    -0.0010408475063741207,
    0.030848370864987373,
    0.001372939208522439,
    0.0022332980297505856,
    -0.026473822072148323,
    -0.05368330329656601,
    0.02594703622162342,
    0.12145835906267166,
    0.028339076787233353,
    -0.09374112635850906,
    -0.3558802008628845,
    0.03572189062833786,
    0.13542167842388153,
    0.40125900506973267,
    -0.05752949416637421,
    0.05751754716038704,
    0.024283314123749733,
    0.19904975593090057,
    -0.2891685366630554,
    -0.9277929663658142,
    0.16915221512317657,
    0.2730042040348053,
    0.8760764598846436,
    0.2530349791049957,
    -0.3307051658630371,
    -0.07217739522457123,
    0.17911046743392944,
    0.30401521921157837,
    0.03961654007434845,
    0.11868751049041748,
    0.007817564532160759,
    0.11123538762331009,
    0.038789764046669006,
    -0.002714367350563407,
    -0.06493328511714935
  ],
  "root_pose": [
    -3.076627731323242,
    0.023602154105901718,
    -0.128818079829216
  ],
  "translation": [
    -0.0004575215280056,
    0.2804325819015503,
    40.07459259033203
  ],
  "jaw_pose": [
    0.0036794717889279127,
    -0.0032425865065306425,
    -0.0032745415810495615
  ],
  "left_hand_pose": [
    -0.009071020409464836,
    0.08320003002882004,
    0.014799337834119797,
    0.08371768145978697,
    0.12126101848022386,
    0.19247732103392956,
    0.03423056699316359,
    0.030648892308201364,
    0.24489501524787363,
    0.039639160035283165,
    -0.0241482689315654,
    0.5941389050718449,
    -0.2524365212079489,
    -0.08236938459770826,
    0.41345825295803557,
    0.05611709833848965,
    0.11676231111036063,
    0.30423778485814185,
    -0.2949386597557196,
    0.6557551991354735,
    0.6021522969889975,
    -0.07903739240412229,
    -0.2374193552030824,
    0.27816570126674295,
    -0.33044866757812635,
    0.018369126624893557,
    0.044328450035347536,
    0.053272296874239594,
    0.1994584467307617,
    0.6115840232639853,
    -0.3589230425314511,
    -0.08699822734298608,
    0.3498235746370161,
    -0.17084451551808089,
    0.19076538598865986,
    0.303369294935673,
    1.0817374008103722,
    -0.4200896310376374,
    -0.015433047877343271,
    -0.6633035329419668,
    -0.044776787265503,
    0.24561543321353888,
    0.33386103325228284,
    0.06939887594967871,
    -0.16649647474582996
  ],
  "right_hand_pose": [
    -0.005036617163568735,
    -0.020329732447862625,
    -0.10170804709196091,
    0.1629538780182841,
    0.10383611887743434,
    0.4388950611215953,
    -0.09202237735499631,
    0.07343868776767523,
    0.17526060280420294,
    -0.09447559255322717,
    0.06029669606815028,
    0.7450467062703179,
    -0.18666369423627913,
    -0.08015074793311215,
    0.409628914227784,
    0.04139096475003684,
    0.15485560147586336,
    0.2735730628371222,
    -0.5700917304432863,
    0.5493565216535274,
    0.6826651578758042,
    0.038029980268505695,
    -0.13090886481354383,
    0.35430926749776703,
    -0.4290211530919922,
    -0.07493392836816119,
    -0.019388453544072683,
    -0.07373149572236433,
    0.2374698505514977,
    0.6804732427924363,
    -0.37563556882306304,
    -0.014676546323779948,
    0.4247264816931481,
    -0.1592580076977343,
    0.1791505220452618,
    0.3027438329243627,
    1.0044395394642849,
    -0.4291521785808611,
    -0.03933205170508552,
    -0.6604783309250536,
    0.14418808963017682,
    0.1594134034526337,
    0.46095869329052547,
    0.0056626183676427525,
    -0.035339769302144095
  ],
  "expression": [
    0.23423833250999448,
    0.3107375979423523,
    -0.2938857972621918,
    -0.13339000940322876,
    -0.2795494794845581,
    0.26537024974823,
    -0.33604774475097654,
    0.4094522953033447,
    -0.29466168880462645,
    0.33442178964614866
  ],
  "fusion_metadata": {
    "body_source": "SMPLest-X",
    "hand_source": "Hierarchical Composition",
    "expression_source": "EMOCA"
  }
}