{
  "focal_length": [
    25604.507128397625,
    25604.50792312622
  ],
  "principal_point": [
    792.2038879394531,
    641.044186592102
  ],
  "camera_translation": [
    -0.02123689092695713,
    0.25909823179244995,
    41.05974578857422
  ],
  "detection_bbox": [
    573.6647338867188,
    94.81468200683594,
    1011.7430419921875,
    1188.273681640625
  ]
}