{
  "focal_length": [
    25722.907384236656,
    25722.908973693848
  ],
  "principal_point": [
    813.949951171875,
    638.1821231842041
  ],
  "camera_translation": [
    -0.05319918692111969,
    0.2588144838809967,
    41.16570281982422
  ],
  "detection_bbox": [
    573.627197265625,
    89.42672729492188,
    1055.272705078125,
    1187.9375
  ]
}