{
  "betas": [
    0.15111055970191956,
    0.2891215682029724,
    0.15810668468475342,
    -0.4955804646015167,
    -0.5379202365875244,
    -1.0617620944976807,
    -0.27354612946510315,
    0.19749470055103302,
    0.1961519569158554,
    -0.05330165475606918
  ],
  "body_pose": [
    -0.09820853918790817,
    0.041310351341962814,
    0.19984924793243408,
    -0.16399163007736206,
    -0.059494271874427795,
    -0.12643830478191376,
    0.10415787994861603,
    -0.020245367661118507,
    -0.038463935256004333,
    0.3445984423160553,
    0.023994600400328636,
    -0.0033439367543905973,
    0.5090343356132507,
    -0.07906630635261536,
    0.052601542323827744,
    -0.011804361827671528,
    -0.011405685916543007,
    -0.011589895002543926,
    -0.07993827015161514,
    0.09420859068632126,
    -0.08105871081352234,
    -0.1627962589263916,
    -0.0943058580160141,
    0.012836797162890434,
    0.055450957268476486,
    -0.022191468626260757,
    -0.0042995885014534,
    -0.013893569819629192,
    0.0009233909077011049,
    0.017219804227352142,
    -0.01549691241234541,
    -0.0037380822468549013,
    -0.001910837017931044,
    0.012235050089657307,
    0.009237827733159065,
    0.052235234528779984,
    -0.05764640495181084,
    -0.16242364048957825,
    -0.03998566418886185,
    0.08345580846071243,
    0.03325250372290611,
    0.10821856558322906,
    -0.16761383414268494,
    -0.020583132281899452,
    0.0015710473526269197,
    -0.031408168375492096,
    -0.6140760779380798,
    -1.074554204940796,
    0.20403219759464264,
    0.25279751420021057,
    1.1646209955215454,
    -0.0712251216173172,
    -1.8138525485992432,
    0.1851687729358673,
    0.09125124663114548,
    1.314413070678711,
    -0.2334839552640915,
    -0.6865835785865784,
    -0.14826516807079315,
    0.3018125593662262,
    -0.3784859776496887,
    -0.1594325751066208,
    -0.22634723782539368
  ],
  "root_pose": [
    -3.113344192504883,
    0.04480454698204994,
    -0.0015862291911616921
  ],
  "translation": [
    -0.02955087460577488,
    0.27581238746643066,
    41.046939849853516
  ],
  "jaw_pose": [
    0.007837296463549137,
    -0.005389868281781673,
    0.0030256863683462143
  ],
  "left_hand_pose": [
    -0.025442220270633698,
    0.026277676224708557,
    0.1484711468219757,
    0.07995769441198305,
    0.10821023015258083,
    0.29037466827522007,
    -0.05655236183317271,
    0.08339040730829538,
    0.3832176944070526,
    -0.01662935447388293,
    -0.12025728207336274,
    0.6962290642057645,
    -0.2878954824372295,
    -0.050627441243868636,
    0.4117571821513607,
    0.02579792242006753,
    0.07458385583107627,
    0.4860045495221711,
    -0.44312450253762353,
    0.4761617657666753,
    0.7013191469980437,
    -0.4169920562591383,
    -0.026930113826437636,
    0.5460684820587581,
    -0.2536134499899955,
    0.22424240024369504,
    0.5077686473302361,
    -0.04378379289353306,
    0.10180903866779097,
    0.7490216505180783,
    -0.4827406798445335,
    0.08989379447855789,
    0.5998511164713475,
    -0.19236262509207988,
    0.16124617431934063,
    0.6576063808457798,
    0.9588301823807517,
    -0.3240466635574586,
    -0.1777996441039153,
    -0.5894319683478112,
    0.03291949414793034,
    0.2365155660206881,
    0.3055418075514341,
    -0.27463047316412786,
    0.2227091709493368
  ],
  "right_hand_pose": [
    0.02078472077846527,
    -0.09538843482732773,
    -0.33474162220954895,
    0.1335367184498108,
    0.15080232722103626,
    0.6808159057759985,
    -0.060949845520893164,
    0.12445249699363133,
    0.5200175260098584,
    0.09829190181754535,
    -0.09025450903350973,
    0.18135807486341055,
    -0.3194932822862489,
    0.06426455732429852,
    1.1301913697454937,
    0.0009761697313769636,
    0.16350169010488977,
    0.6909387871250169,
    -0.2716881937308068,
    0.3594736922700219,
    0.5589974635571794,
    -0.6583361593605361,
    0.07206217444739338,
    0.6810682133974937,
    -0.288653234677945,
    0.186358154933473,
    0.26551440054143033,
    0.06428262939479823,
    -0.0446438893137842,
    0.14315634832771218,
    -0.5070880657552274,
    0.12364415217595455,
    1.1493303645877748,
    -0.19117013822212045,
    0.23127598563792404,
    0.6328686343806997,
    0.7727835303068192,
    0.06386600953431926,
    -0.11415717607691518,
    -0.44578486054528127,
    -0.17975491843777325,
    0.2282825729197631,
    0.6121049459907091,
    -0.2305742827099104,
    0.39231698908506896
  ],
  "expression": [
    -0.1590868592262268,
    0.06822097599506378,
    0.19251274466514587,
    0.17144669294357298,
    -0.32020504474639894,
    0.22607949972152708,
    -0.4139993190765381,
    0.43032892942428586,
    -0.13334976732730866,
    -0.0025157075375318526
  ],
  "fusion_metadata": {
    "body_source": "SMPLest-X",
    "hand_source": "Hierarchical Composition",
    "expression_source": "EMOCA"
  }
}