{
  "betas": [
    0.09040233492851257,
    0.32520779967308044,
    -0.42139288783073425,
    -0.6010857820510864,
    0.07977166771888733,
    -0.4334379732608795,
    -0.10988067835569382,
    -0.011212010867893696,
    -0.18602722883224487,
    -0.14093011617660522
  ],
  "body_pose": [
    -1.1625592708587646,
    -0.013119086623191833,
    0.2786732614040375,
    -1.0022590160369873,
    -0.10928700864315033,
    -0.3020099103450775,
    1.2172925472259521,
    0.0431826189160347,
    -0.09735701233148575,
    0.6031384468078613,
    0.11934167146682739,
    -0.09498880803585052,
    0.691288948059082,
    -0.1717752069234848,
    0.16419430077075958,
    -0.21342025697231293,
    0.008044784888625145,
    -0.017679670825600624,
    -0.01791897602379322,
    0.10631470382213593,
    -0.12090020626783371,
    -0.025623274967074394,
    -0.2509138286113739,
    0.08086022734642029,
    -0.058179568499326706,
    0.01001032441854477,
    -0.008982490748167038,
    0.008601101115345955,
    -0.04558142274618149,
    0.02326340228319168,
    -0.0029200478456914425,
    0.013269868679344654,
    -0.004857584834098816,
    0.040995899587869644,
    0.021806739270687103,
    0.09092173725366592,
    -0.21315155923366547,
    -0.7698121666908264,
    0.26421141624450684,
    -0.24395933747291565,
    0.8448013663291931,
    -0.17182336747646332,
    -0.15126992762088776,
    0.05051112547516823,
    -0.03936520963907242,
    -0.40893855690956116,
    -0.5922319889068604,
    -0.2011585831642151,
    -0.289652556180954,
    0.7582329511642456,
    0.2609904110431671,
    -0.22964628040790558,
    -0.10208889096975327,
    0.08873368054628372,
    -0.14192894101142883,
    0.21213237941265106,
    0.007638030685484409,
    -0.23294492065906525,
    -0.040116600692272186,
    0.2263391613960266,
    -0.022329552099108696,
    0.013667217455804348,
    -0.20372192561626434
  ],
  "root_pose": [
    -2.4637935161590576,
    -0.20405225455760956,
    -0.5301569104194641
  ],
  "translation": [
    -0.07201068848371506,
    0.050496384501457214,
    29.6258602142334
  ],
  "jaw_pose": [
    0.0011065483558923006,
    -0.013980254530906677,
    -0.01455457042902708
  ],
  "left_hand_pose": [
    -0.04163368363637324,
    0.07660540195430696,
    -0.4705022751317846,
    0.19313320200556533,
    -0.07522030243244178,
    -0.1541766894810458,
    -0.029359370923721637,
    -0.16770119783998294,
    -0.32660139023055007,
    -0.12064724005597038,
    -0.046426336830910075,
    -0.7316190123144007,
    -0.03615246706500172,
    -0.009444503807627264,
    -0.1634910386708336,
    0.04007353818390971,
    -0.18666092901419373,
    -0.44659251149458656,
    -0.3455858527211813,
    -0.24047391417721647,
    -0.4520909192153354,
    -0.37350370593920235,
    -0.060261602257033225,
    -0.2508741218573395,
    -0.10150621906794538,
    -0.04692971728949086,
    -0.5154752598677848,
    -0.045626316799121575,
    -0.14582551758948126,
    -0.5536038842701034,
    -0.21794479389818117,
    -0.20883839309248683,
    -0.3288880246822079,
    -0.1254676643480068,
    -0.09656889612368336,
    -0.46347530178159346,
    -0.00028462391558337075,
    -0.013467647025920182,
    0.2135343935576626,
    -0.05602116946259511,
    -0.09097550002825452,
    -0.27510040132453784,
    0.13058381446399225,
    0.23516650330294087,
    0.013929254071038122
  ],
  "right_hand_pose": [
    -0.03582168101729266,
    -0.2735295932658919,
    -0.04527487539956815,
    0.057218674369734504,
    0.14778723664766097,
    0.45224247583736477,
    0.034202550487473386,
    0.037686909901723756,
    0.39972184631902996,
    0.10509917560897818,
    0.05935841720791517,
    0.11513392314538518,
    -0.19823250230057812,
    0.05621837981017667,
    0.41980583777653346,
    0.017906946447313225,
    -0.022953967102828404,
    0.21046872807009998,
    0.7577238843809639,
    0.14976613709107386,
    -0.23701501960074162,
    -0.8310996496250882,
    0.1639785911417653,
    0.2991384137887605,
    0.0636168301679188,
    0.14475850323890957,
    0.528096792378404,
    0.30373810086429287,
    0.01570764278083371,
    -0.1080586812616603,
    -0.23789807169695626,
    0.09198026686860988,
    0.48266940304498807,
    -0.047384950265145664,
    0.03971693867572984,
    0.22256946162743985,
    -0.2841765034900887,
    0.35408991268521567,
    -0.3216844762534566,
    -0.03062170376560186,
    -0.04428574914128244,
    0.36055633052135055,
    -0.3558892122661833,
    0.004615889262962719,
    -0.30220255132367424
  ],
  "expression": [
    -0.4164368391036987,
    -1.9423397541046141,
    1.1491673469543457,
    1.0518206834793091,
    -0.4622867345809936,
    0.4845150589942932,
    0.414932119846344,
    -0.7121151208877563,
    -0.5840916395187378,
    -0.7323828220367431
  ]
}