{
  "focal_length": [
    25783.942540486656,
    25783.941745758057
  ],
  "principal_point": [
    718.8632507324219,
    618.2283515930176
  ],
  "camera_translation": [
    -0.0172321368008852,
    0.24627116322517395,
    39.69016647338867
  ],
  "detection_bbox": [
    514.6566162109375,
    68.17092895507812,
    924.0698852539062,
    1169.2857666015625
  ]
}