{
  "betas": [
    0.6801701188087463,
    0.7560256719589233,
    -0.014399915002286434,
    -0.3985154926776886,
    -0.027004513889551163,
    -0.7604376673698425,
    0.13774770498275757,
    0.004167978651821613,
    0.11138587445020676,
    -0.09081657230854034
  ],
  "body_pose": [
    -0.02645092085003853,
    0.0966169610619545,
    0.16236433386802673,
    -0.05858597531914711,
    -0.12949061393737793,
    -0.10511613637208939,
    0.10241164267063141,
    0.013279680162668228,
    -0.04156459867954254,
    0.08158231526613235,
    -0.04838114231824875,
    0.016171464696526527,
    0.1606036126613617,
    -0.016018716618418694,
    0.018629303202033043,
    -0.12113402038812637,
    -0.009159396402537823,
    -0.02183356136083603,
    0.01804196648299694,
    0.12889771163463593,
    -0.1275860220193863,
    -0.0637718066573143,
    -0.17549145221710205,
    0.06114954128861427,
    0.07545574754476547,
    0.00023960888211149722,
    -0.0003781043633352965,
    0.0014479222008958459,
    0.0081639364361763,
    0.010443962179124355,
    0.013727880083024502,
    -0.003454691730439663,
    -0.026919111609458923,
    0.058989353477954865,
    0.0037246104329824448,
    0.09676618874073029,
    -0.15662525594234467,
    0.05835395306348801,
    0.11704828590154648,
    -0.12447730451822281,
    -0.02875232882797718,
    0.020536556839942932,
    0.000892658019438386,
    0.008995951153337955,
    -0.029780426993966103,
    -0.2560558617115021,
    -0.1667395979166031,
    -0.2973614037036896,
    -0.25230368971824646,
    0.1362587809562683,
    0.31779342889785767,
    -0.2622162997722626,
    -1.5334800481796265,
    0.7698448896408081,
    -0.2588576078414917,
    1.6270520687103271,
    -0.8677018880844116,
    -0.01572665199637413,
    -0.21289849281311035,
    0.5924782156944275,
    0.03225434198975563,
    0.1851753443479538,
    -0.5373758673667908
  ],
  "root_pose": [
    -2.969151020050049,
    -0.004117619711905718,
    -0.06433960050344467
  ],
  "translation": [
    -0.00410405732691288,
    0.26283448934555054,
    41.02365493774414
  ],
  "jaw_pose": [
    0.014253586530685425,
    -0.00574019830673933,
    -0.0003912246902473271
  ],
  "left_hand_pose": [
    0.002201696624979377,
    0.12466191500425339,
    -0.1482751965522766,
    0.058106252697164844,
    0.02954620425534229,
    1.0525066270739178,
    -0.030033801799612365,
    0.14417950271033902,
    0.6286868094187031,
    -0.1317754323306828,
    -0.11138593808710107,
    0.7353856301912041,
    -0.2342670696936452,
    -0.05193617250921371,
    1.2841156432283876,
    -0.0285144129727263,
    0.2461366505721986,
    0.8464599772898606,
    -0.6763809463631639,
    0.21259612798524932,
    0.9489731842414327,
    -0.48529938638212355,
    0.20296484657160885,
    0.8666687038432063,
    -0.6345064652021936,
    0.1878933262254152,
    0.6415742950326089,
    -0.0871102343141201,
    0.03076876343086647,
    0.7994138599576229,
    -0.4950275540785178,
    0.22511480878531598,
    1.2259551256707217,
    -0.35081775544468435,
    0.2853668142835722,
    1.0368995836968864,
    0.9760656700905362,
    -0.05174179749923685,
    0.053064157150264045,
    -0.4386537501858927,
    -0.321702974729596,
    0.25327782547001926,
    0.8817823655017454,
    -0.3947071913792183,
    0.5055882738317283
  ],
  "right_hand_pose": [
    -0.017450347542762756,
    -0.02650347352027893,
    -0.028641266748309135,
    0.24828459189644456,
    0.09930905455023985,
    0.804103985090961,
    -0.1890067481634931,
    0.13158517467350395,
    0.35126794471849554,
    0.06842524113411187,
    0.05716473441655046,
    0.47971139484341907,
    -0.3419883710194562,
    0.1119977687541336,
    1.184883986955398,
    -0.021823923758553528,
    0.24518809655947038,
    1.1934588239671624,
    0.1522861567986063,
    0.11833351152189113,
    0.28184863858636644,
    -0.8819284381071985,
    0.3462227891761887,
    0.7705814495048304,
    -0.3367215130555984,
    0.478452809190762,
    0.8617936406526264,
    0.14396751229161991,
    0.006749012447259962,
    0.2884370561455957,
    -0.5518893283459819,
    0.3485136588063147,
    1.124240660887298,
    -0.41411663297290674,
    0.3107873425836256,
    1.5222453636600275,
    0.5240265247896146,
    0.18186124459940653,
    -0.23986297583162194,
    -0.17700882014436126,
    -0.4685724809930111,
    0.5296776164193462,
    0.6656691377827174,
    -0.370985547578393,
    0.5113704144983627
  ],
  "expression": [
    -0.11527908146381377,
    0.1760898470878601,
    -0.0422460213303566,
    -0.19175114035606383,
    -0.07131080925464629,
    0.24715826511383054,
    -0.3498195648193359,
    0.8693422079086304,
    -0.18366435170173645,
    -0.009918836876749992
  ],
  "fusion_metadata": {
    "body_source": "SMPLest-X",
    "hand_source": "Hierarchical Composition",
    "expression_source": "EMOCA"
  }
}