{
  "focal_length": [
    25536.583264668785,
    25536.584854125977
  ],
  "principal_point": [
    773.4280700683594,
    643.854082107544
  ],
  "camera_translation": [
    -0.013767482712864876,
    0.25564655661582947,
    38.6515007019043
  ],
  "detection_bbox": [
    541.9149169921875,
    99.07360076904297,
    1005.9412231445312,
    1189.634521484375
  ]
}