{
  "focal_length": [
    24342.93588002523,
    24342.937469482422
  ],
  "principal_point": [
    799.485107421875,
    676.9285354614258
  ],
  "camera_translation": [
    -0.023540878668427467,
    0.2606196403503418,
    36.52085876464844
  ],
  "detection_bbox": [
    454.780029296875,
    157.61253356933594,
    1145.190185546875,
    1197.2445068359375
  ]
}