{
  "focal_length": [
    25197.76503245036,
    25197.763442993164
  ],
  "principal_point": [
    740.2833862304688,
    636.2182064056396
  ],
  "camera_translation": [
    -0.02955087460577488,
    0.27581238746643066,
    41.046939849853516
  ],
  "detection_bbox": [
    552.3450927734375,
    98.66592407226562,
    929.2216796875,
    1174.7705078125
  ]
}