{
  "betas": [
    0.7005835771560669,
    0.5436013340950012,
    0.20468169450759888,
    -0.3521963059902191,
    0.08384890109300613,
    -0.7645178437232971,
    0.11637924611568451,
    -0.04453887417912483,
    -0.16330517828464508,
    -0.16707633435726166
  ],
  "body_pose": [
    -0.13447782397270203,
    0.06764017045497894,
    0.22714164853096008,
    -0.04659556224942207,
    -0.13176244497299194,
    -0.08755172044038773,
    0.11329204589128494,
    0.03634411841630936,
    -0.04109423607587814,
    0.29113924503326416,
    -0.05325809121131897,
    0.013703595846891403,
    0.27947044372558594,
    -0.05787978693842888,
    0.031183013692498207,
    -0.023067321628332138,
    -0.0008447742438875139,
    -0.014348862692713737,
    -0.03324943780899048,
    0.1993897557258606,
    -0.13910622894763947,
    -0.16714246571063995,
    -0.2791590392589569,
    -0.03899962455034256,
    0.042120859026908875,
    0.0005255985888652503,
    0.012626330368220806,
    -0.015154453925788403,
    -0.00133048789575696,
    0.015446956269443035,
    -0.006135269999504089,
    -0.013042905367910862,
    -0.010687950067222118,
    -0.0880393385887146,
    0.05571141466498375,
    0.15370522439479828,
    0.0023208584170788527,
    0.05172731354832649,
    -0.14249709248542786,
    0.05105757713317871,
    -0.00353148952126503,
    0.25711381435394287,
    -0.02659142203629017,
    0.05651630833745003,
    2.4567440050304867e-05,
    0.10508204996585846,
    -0.15536870062351227,
    -0.716529369354248,
    0.17898018658161163,
    0.1501227468252182,
    0.8893085718154907,
    0.1657780408859253,
    -0.63709956407547,
    0.07563329488039017,
    0.3015229105949402,
    0.5657475590705872,
    -0.034600090235471725,
    0.07004723697900772,
    0.002091614529490471,
    -0.0915646180510521,
    0.05415487661957741,
    -0.00789461936801672,
    0.1710183471441269
  ],
  "root_pose": [
    -3.0444788932800293,
    -0.040156204253435135,
    0.2646765112876892
  ],
  "translation": [
    -0.06925699859857559,
    0.27957579493522644,
    41.19510269165039
  ],
  "jaw_pose": [
    0.0069445716217160225,
    -0.0007767790229991078,
    -0.0017589994240552187
  ],
  "left_hand_pose": [
    0.001799010788090527,
    0.07501120120286942,
    0.06398750096559525,
    0.22638799604531212,
    0.24668680952127128,
    1.5725093476944605,
    -0.06255351390201425,
    0.21277877108221546,
    0.7038848358143167,
    -0.12064760111582036,
    -0.10588308707390365,
    0.6392813708610844,
    -0.25453116118466634,
    0.0008782179321191081,
    1.6681338137508563,
    -0.052906616507883426,
    0.2006035470780164,
    0.7575687819011777,
    -0.5001817751485377,
    0.6510479453620927,
    0.40541200734845406,
    -0.8747737090464932,
    0.1313013986341579,
    1.114179147777294,
    -0.6361084934444442,
    0.02017755090891373,
    0.7220500644821594,
    -0.06999252668450366,
    0.15918971661867892,
    0.5396302202197962,
    -0.546983477290549,
    0.21187213768338972,
    1.5932433535243478,
    -0.35360633232672867,
    0.15922154656083734,
    0.783440499401031,
    1.1265620720738263,
    -0.56987568346978,
    5.40183985040299e-05,
    -0.6896681339039973,
    -0.03287216686770698,
    -0.04530805326319647,
    0.7381415893053611,
    -0.10813246933141724,
    0.2842486909494568
  ],
  "right_hand_pose": [
    -0.0053945682011544704,
    -0.02710997313261032,
    -0.18617114424705505,
    0.09837743672688949,
    0.09939196351424777,
    0.1467972658184534,
    -0.016644946619208983,
    0.0015314464218378898,
    0.044921999490914695,
    0.03492716126171971,
    0.026104899661141705,
    0.5425347944763659,
    -0.21066488808439557,
    -0.05479751479094349,
    0.24942441449044728,
    0.0226022283385585,
    0.09970903268368231,
    0.14369328756248242,
    -0.13494648621791028,
    0.6609534957286174,
    0.4669261760431589,
    -0.17520868519133448,
    -0.19606539349291147,
    0.22651671019388006,
    -0.30849394546180203,
    0.04179222315173957,
    -0.12948339290991204,
    0.07539901834447274,
    0.19427698922226422,
    0.4902728146158408,
    -0.31335314829827327,
    -0.05016253135276988,
    0.2557746509985628,
    -0.18185352096949656,
    0.16839178684183395,
    0.1831135922846587,
    0.9986678242053206,
    -0.30935984725929916,
    0.0398663451924595,
    -0.6591776066368837,
    0.13390620489158042,
    0.17975863479307733,
    0.3507961388402686,
    0.14654841781542194,
    -0.09262956310659431
  ],
  "expression": [
    0.0758488655090332,
    -0.12348478138446807,
    0.22866432666778563,
    0.2917340576648712,
    -0.5343318343162536,
    0.13341713547706605,
    -0.28266867399215695,
    0.019824479520320893,
    -0.22021134495735167,
    0.2135354161262512
  ],
  "fusion_metadata": {
    "body_source": "SMPLest-X",
    "hand_source": "Hierarchical Composition",
    "expression_source": "EMOCA"
  }
}