{
  "betas": [
    -0.11507964134216309,
    0.4860392212867737,
    -0.5736153721809387,
    -0.4136273264884949,
    -0.21450448036193848,
    -0.6894906163215637,
    -0.04413488507270813,
    0.15828539431095123,
    -0.023454463109374046,
    -0.0032615442760288715
  ],
  "body_pose": [
    -0.0778311938047409,
    -0.005890982691198587,
    0.03744975104928017,
    0.009682416915893555,
    0.006480747368186712,
    0.08549400418996811,
    0.061103466898202896,
    0.01740100234746933,
    -0.03881167620420456,
    0.2769503891468048,
    0.00716888764873147,
    -0.009309565648436546,
    0.09263244271278381,
    -0.03778388723731041,
    0.016993902623653412,
    0.06303665786981583,
    -0.023579880595207214,
    -0.0146831339225173,
    -0.03460581973195076,
    0.12128058820962906,
    -0.10500670224428177,
    -0.05976605787873268,
    -0.11430242657661438,
    0.024438459426164627,
    0.0010177006479352713,
    -0.01615862548351288,
    0.00779701815918088,
    -0.02006763406097889,
    -0.011936578899621964,
    0.04970431327819824,
    -0.020636962726712227,
    -0.009021774865686893,
    -0.03193068131804466,
    0.0516248419880867,
    0.004335262347012758,
    0.10239320993423462,
    0.045415349304676056,
    -0.2987886071205139,
    -0.1180664598941803,
    0.00010466643288964406,
    0.34094735980033875,
    0.12903107702732086,
    -0.13009606301784515,
    -0.01134972833096981,
    -0.01814873144030571,
    0.3180653154850006,
    -0.4572896957397461,
    -0.8424391746520996,
    0.27031201124191284,
    0.5473432540893555,
    0.8584365844726562,
    0.5998063683509827,
    -1.2283258438110352,
    0.00022137226187624037,
    0.3446246385574341,
    1.8387559652328491,
    -0.02893541380763054,
    0.23301894962787628,
    -0.16726934909820557,
    0.18819202482700348,
    -0.23636218905448914,
    0.18881382048130035,
    0.001977774314582348
  ],
  "root_pose": [
    -3.0320754051208496,
    -0.027087034657597542,
    0.14539150893688202
  ],
  "translation": [
    -0.013409452512860298,
    0.2471144199371338,
    40.12068557739258
  ],
  "jaw_pose": [
    0.006212265696376562,
    -0.005824015010148287,
    0.0017717654118314385
  ],
  "left_hand_pose": [
    0.007285021245479584,
    0.06081986054778099,
    0.0639205202460289,
    0.371525700579823,
    0.23158689773260477,
    1.5312430610100596,
    -0.19497831066511812,
    0.22124082114883248,
    0.4373057404748323,
    -0.15597899718651276,
    0.07849612482020597,
    0.8803047448796855,
    -0.26731651997137235,
    -0.04455335463077198,
    1.4272574217172278,
    -0.014975788010153987,
    0.09770587401887679,
    0.6098191637099,
    -0.2682582119889464,
    0.6244522160983362,
    0.6313121525986876,
    -1.0820808040076841,
    0.1754699239848014,
    1.0684171576144295,
    -0.29387424844667415,
    -0.07042324530700972,
    0.8286274309240562,
    0.0013902146817522984,
    0.20663825595838975,
    0.7512283342564933,
    -0.5988031855769783,
    0.2364353664178551,
    1.3779837267697892,
    -0.2555283516327403,
    -0.019612598488132193,
    0.6732538084581595,
    1.050883245326255,
    -0.3320815982740813,
    -0.027585842827778054,
    -0.520393361881434,
    0.07328844006545655,
    0.027420794102728567,
    0.6759548145849594,
    -0.4487114335850362,
    0.6224882749605593
  ],
  "right_hand_pose": [
    -0.012320498935878277,
    -0.06017899513244629,
    -0.024811498820781708,
    0.2572938119118742,
    0.2358254643141494,
    0.975085187486462,
    -0.1724984030333991,
    0.18624213284429486,
    0.41427302514689485,
    -0.1279243092414341,
    -0.04937510252531163,
    1.0906196561588195,
    -0.32064670594519035,
    -0.08755020593303565,
    0.7929657321593285,
    0.03196963389171532,
    0.07724809953950536,
    0.3608112064934529,
    -0.16982791339303765,
    0.5966323260227762,
    0.7465091869023945,
    -0.7546744046267136,
    -0.014237894730426541,
    0.6439819164987058,
    -0.15325733956003462,
    0.08759097583039603,
    0.5078446007365484,
    0.02710950124437324,
    0.14944588563510855,
    0.9226480801091067,
    -0.5746976812727954,
    0.10961581008332884,
    0.8454379010255102,
    -0.185941632183878,
    0.10763678167404893,
    0.3577536995563343,
    0.7901512134306399,
    -0.2518633823503313,
    -0.26293494967881165,
    -0.6008438878604564,
    -0.033249214784039714,
    0.29109954601161186,
    0.2754406741169367,
    0.062453060048989664,
    0.4757249026756155
  ],
  "expression": [
    0.23638506531715392,
    0.15213226675987243,
    0.20604116320610047,
    -0.031202993541955947,
    -0.5575545787811279,
    0.07520000338554382,
    -0.075941401720047,
    0.13668590784072876,
    0.035031840205192566,
    0.3979176163673401
  ],
  "fusion_metadata": {
    "body_source": "SMPLest-X",
    "hand_source": "Hierarchical Composition",
    "expression_source": "EMOCA"
  }
}