{
  "focal_length": [
    25508.472124735516,
    25508.47053527832
  ],
  "principal_point": [
    813.6329956054688,
    645.5002045631409
  ],
  "camera_translation": [
    -0.07153453677892685,
    0.25552114844322205,
    39.81026840209961
  ],
  "detection_bbox": [
    583.910400390625,
    101.31950378417969,
    1044.3555908203125,
    1190.680908203125
  ]
}