{
  "betas": [
    0.19656801223754883,
    0.5730273723602295,
    -1.2255278825759888,
    0.026191996410489082,
    0.3942316472530365,
    0.07213616371154785,
    0.08954320102930069,
    -0.09575605392456055,
    -0.16054223477840424,
    0.09411649405956268
  ],
  "body_pose": [
    -0.3674992620944977,
    -0.005675551015883684,
    0.1761038601398468,
    -1.6404507160186768,
    0.21860939264297485,
    -0.40060847997665405,
    0.8889437317848206,
    -0.047279369086027145,
    0.0951620414853096,
    0.4896225929260254,
    -0.05200177803635597,
    -0.04357164353132248,
    2.285676956176758,
    -0.09439875185489655,
    0.4852551221847534,
    -0.1063326895236969,
    0.004617706872522831,
    0.052079394459724426,
    -0.17928582429885864,
    0.11277201771736145,
    0.04958633705973625,
    -0.10648087412118912,
    -0.07528210431337357,
    0.10347362607717514,
    -0.05006350204348564,
    0.00017940878751687706,
    0.018575970083475113,
    -0.01419127732515335,
    0.013671503402292728,
    0.023131737485527992,
    0.0052179452031850815,
    0.018810996785759926,
    -0.011098143644630909,
    -0.23653298616409302,
    -0.030605249106884003,
    -0.043283432722091675,
    -0.0607723630964756,
    -0.4218912720680237,
    -0.3105166256427765,
    -0.016766933724284172,
    0.41516631841659546,
    0.28024959564208984,
    -0.21703825891017914,
    -0.1271604597568512,
    0.07876929640769958,
    0.03851526603102684,
    -0.4727884531021118,
    -0.8780809640884399,
    0.04968562349677086,
    0.31660714745521545,
    0.6748822927474976,
    0.07658257335424423,
    -0.4111713767051697,
    -0.009664573706686497,
    -0.17921721935272217,
    0.3562967777252197,
    0.011421483010053635,
    -0.062194738537073135,
    -0.0694204568862915,
    0.23699523508548737,
    -0.17330633103847504,
    0.08986915647983551,
    -0.09750892221927643
  ],
  "root_pose": [
    -2.9889020919799805,
    -0.25993502140045166,
    -0.43773236870765686
  ],
  "translation": [
    -0.004568489268422127,
    0.19381877779960632,
    36.24665832519531
  ],
  "jaw_pose": [
    0.007877927273511887,
    -0.013700108975172043,
    -0.00010554483014857396
  ],
  "left_hand_pose": [
    -0.010667982511222363,
    0.040885720402002335,
    0.2930978238582611,
    0.032757292164660855,
    0.07732489554024219,
    -0.05623314935665767,
    0.04604187986191517,
    -0.014917284214415846,
    -0.02924591962870289,
    0.14686361973970188,
    0.03312837591301456,
    0.36807139982717296,
    -0.17944903850826446,
    -0.06931026487865315,
    -0.08562620242353469,
    0.053623592057070395,
    0.11075917144990681,
    0.07389305342380979,
    0.13257966978072708,
    0.5187752976337576,
    0.2542065833457286,
    -0.07203158182469613,
    -0.17741499462492383,
    0.05183248036702172,
    -0.3777106552167294,
    0.0908058751148473,
    -0.25826126966881924,
    0.2160319025036204,
    0.16592973560952268,
    0.3024625826451379,
    -0.2681852371955344,
    -0.06936386834506203,
    -0.06739264488590954,
    -0.13549263846340545,
    0.19049583446883644,
    0.11746528575352697,
    0.8489620429110449,
    -0.2515459608895906,
    -0.09936900916450962,
    -0.5493747893817251,
    0.07861439718559708,
    0.12401709453495019,
    0.2942919262406016,
    -0.05264884078420103,
    -0.11666788154996317
  ],
  "right_hand_pose": [
    0.010180730372667313,
    0.021138783544301987,
    -0.4062444567680359,
    0.11808193956144152,
    0.16092526685478648,
    0.9577167412983044,
    -0.14029254466166363,
    0.1603903029555005,
    0.3798339902190567,
    -0.15662172274200584,
    -0.014434178141977783,
    0.4862548186792308,
    -0.2669492075264146,
    -0.0003069570035064025,
    0.9341399122733153,
    0.013643894464853642,
    0.15650583800992215,
    0.44414107562768057,
    -0.48592185839456875,
    0.6321011181165475,
    0.44512268607258004,
    -0.5609774804189427,
    0.013969893929928826,
    0.7145774974515139,
    -0.4421020239514613,
    0.06875462120192469,
    0.2433202354739214,
    -0.10041088729419274,
    0.1772139901278622,
    0.5013244217597579,
    -0.48728239762801606,
    0.08773684437724072,
    0.8825859085035642,
    -0.24194611568441066,
    0.2087460205370127,
    0.49439174020113,
    1.1764486983312639,
    -0.43320293040575675,
    0.0733380468319133,
    -0.650263246861786,
    0.04943882800163812,
    -0.03602084145284571,
    0.6656626629993995,
    0.12220353388583403,
    0.5363127828336101
  ],
  "expression": [
    -0.2059200346469879,
    0.11597037613391875,
    -0.11070643365383148,
    -0.024919977039098738,
    -0.1659854471683502,
    -0.25111684799194334,
    -0.20589160323143005,
    0.6728783369064331,
    -0.188996422290802,
    -0.42895721197128295
  ],
  "fusion_metadata": {
    "body_source": "SMPLest-X",
    "hand_source": "Hierarchical Composition",
    "expression_source": "EMOCA"
  }
}