{
  "focal_length": [
    25217.550595601402,
    25217.552185058594
  ],
  "principal_point": [
    746.5553283691406,
    649.5984816551208
  ],
  "camera_translation": [
    0.029397884383797646,
    0.2592405080795288,
    38.663063049316406
  ],
  "detection_bbox": [
    502.6580505371094,
    111.62403106689453,
    991.45263671875,
    1188.5728759765625
  ]
}