{
  "betas": [
    -0.537060558795929,
    0.399750292301178,
    -0.4763157367706299,
    -0.5843099355697632,
    -0.08294925838708878,
    -0.7658473253250122,
    -0.23502099514007568,
    0.08059539645910263,
    -0.07988865673542023,
    -0.0017154030501842499
  ],
  "body_pose": [
    -0.020355867221951485,
    0.24788570404052734,
    0.38511723279953003,
    -0.369025319814682,
    -0.03354177623987198,
    0.09090077131986618,
    0.3289663791656494,
    -0.05493849888443947,
    -0.17283236980438232,
    0.05202186107635498,
    -0.049743324518203735,
    0.06595570594072342,
    0.21481527388095856,
    -0.03773974999785423,
    0.032679542899131775,
    -0.08073818683624268,
    -0.08587025851011276,
    -0.08382859081029892,
    0.16181740164756775,
    0.2895667850971222,
    -0.27075594663619995,
    0.06553477048873901,
    -0.1689876914024353,
    0.11135581135749817,
    0.02031986229121685,
    -0.09039918333292007,
    -0.04291464015841484,
    -0.015222754329442978,
    -0.0035836114548146725,
    0.012589897960424423,
    -0.00672968989238143,
    -0.011223330162465572,
    -0.025518957525491714,
    0.05577269196510315,
    0.12296915799379349,
    0.06734161078929901,
    -0.09385059028863907,
    -0.27968630194664,
    0.3213491141796112,
    0.0382615327835083,
    -0.1305920034646988,
    -0.09259951114654541,
    -0.14100947976112366,
    0.16223746538162231,
    -0.08229178190231323,
    -0.19906021654605865,
    -0.306148886680603,
    -0.11821291595697403,
    -0.06206027418375015,
    -0.2724272608757019,
    0.20530003309249878,
    -0.33305856585502625,
    -0.8382942080497742,
    0.05654400214552879,
    -0.4196072220802307,
    0.7826921939849854,
    -0.0999743714928627,
    -0.3084079623222351,
    -0.09415022283792496,
    -0.017685474827885628,
    -0.3703141510486603,
    0.1365131139755249,
    -0.03326913341879845
  ],
  "root_pose": [
    -2.702826499938965,
    -0.21179638803005219,
    0.750984787940979
  ],
  "translation": [
    -0.005604216828942299,
    0.2520124614238739,
    40.22429656982422
  ],
  "jaw_pose": [
    0.018010197207331657,
    0.0010952975135296583,
    -0.006588773336261511
  ],
  "left_hand_pose": [
    -0.08158871531486511,
    0.03786522522568703,
    0.3217393159866333,
    0.12172123792915421,
    -0.19969800314743394,
    -1.1273058122231447,
    -0.1264331851031297,
    -0.14377894362526472,
    -0.30045918459838555,
    -0.09247836114553845,
    0.005110673137796539,
    -0.40669901812026926,
    -0.21578849508000483,
    -0.049178266229274514,
    -1.2724001932356102,
    -0.0581080368662346,
    -0.22598487346102386,
    -0.4006713786379563,
    -0.23035109841689547,
    -0.5935656725313876,
    -0.10607084578825048,
    -0.6292788355408347,
    -0.0004600180851050784,
    -0.6637535903955456,
    -0.36959076062579765,
    0.031118283452541265,
    -0.246699521105883,
    -0.019420404722900443,
    -0.1969008386089675,
    -0.21791764033311103,
    -0.43822466012695327,
    -0.10995816521476945,
    -1.1712401143679656,
    -0.2888001821202866,
    -0.1970064743717854,
    -0.40370322710244344,
    1.1665640438541165,
    0.5503207948598463,
    -0.08292822983400541,
    -0.6883210966296275,
    -0.1312939787671505,
    0.18912810370100194,
    0.6899482546238727,
    -0.15806615509523528,
    -0.28475700106490015
  ],
  "right_hand_pose": [
    -0.012662866152822971,
    0.021708613261580467,
    -0.6214697957038879,
    0.029052742139167902,
    0.08360925692592662,
    0.13326282546953952,
    0.05617984167108269,
    0.0022621333378010835,
    0.0018303674903113337,
    0.06821135225130913,
    0.0028458507155137247,
    0.4948979396810213,
    -0.1910841851012571,
    -0.04948818485038933,
    0.012513373661939017,
    -0.02357635541164823,
    0.08649791206229393,
    0.05750637268475207,
    0.10722877749925992,
    0.381542586011292,
    0.46832362624832546,
    -0.16325472517443684,
    -0.12254920072207315,
    0.10531400960098268,
    -0.24080370347486915,
    0.13012135633848776,
    -0.2825598430700534,
    0.15694903348468014,
    0.1339869501163805,
    0.487817756635874,
    -0.2964006691284712,
    -0.026853460517896277,
    0.003903123619126364,
    -0.1350152199678152,
    0.15508792716192035,
    0.12471539985944857,
    0.6274634960220326,
    -0.08888194058472104,
    -0.08646277544263807,
    -0.5472257906738432,
    0.005258630001963324,
    0.30066274172411966,
    0.338102812919531,
    -0.004930658499162278,
    -0.13508489316093003
  ],
  "expression": [
    -0.2816734492778778,
    0.2711275935173035,
    0.1784264087677002,
    -0.2578920006752014,
    0.24407626390457152,
    -0.37128267288208006,
    -0.28956608176231385,
    0.8148216962814331,
    -0.3684906721115112,
    -0.14021324515342712
  ],
  "fusion_metadata": {
    "body_source": "SMPLest-X",
    "hand_source": "Hierarchical Composition",
    "expression_source": "EMOCA"
  }
}