{
  "betas": [
    0.16246576607227325,
    -0.350108802318573,
    -0.2021387666463852,
    -0.6016873717308044,
    0.09488611668348312,
    -0.6632179021835327,
    -0.03385964781045914,
    -0.0776749849319458,
    -0.1210310235619545,
    -0.0900721624493599
  ],
  "body_pose": [
    -0.48676156997680664,
    -0.06454681605100632,
    0.014791233465075493,
    0.22857967019081116,
    -0.22072947025299072,
    -0.3107037842273712,
    0.15864132344722748,
    0.10517016053199768,
    0.018618380650877953,
    0.8810372352600098,
    0.023387471213936806,
    -0.1468132883310318,
    0.8412548899650574,
    0.07190468162298203,
    -0.002214474370703101,
    -0.059236280620098114,
    0.05384812876582146,
    -0.0029396764002740383,
    -0.09135939180850983,
    0.05471011996269226,
    -0.028772477060556412,
    0.01961921714246273,
    -0.21770255267620087,
    0.1216776892542839,
    -0.025865698233246803,
    0.09684787690639496,
    0.024906275793910027,
    -0.005092143546789885,
    0.010716274380683899,
    0.017771393060684204,
    -0.05067130923271179,
    -0.01779179647564888,
    -0.012620779685676098,
    -0.049456607550382614,
    -0.34727776050567627,
    0.185391366481781,
    0.0749034509062767,
    0.010643585585057735,
    -0.17249350249767303,
    -0.19934189319610596,
    0.5372962355613708,
    -0.05228395760059357,
    -0.20376265048980713,
    -0.3237355649471283,
    0.028320152312517166,
    0.19529731571674347,
    -0.022801844403147697,
    -0.807040810585022,
    -0.29064249992370605,
    0.8933283090591431,
    0.4500521123409271,
    0.10155229270458221,
    -0.960399866104126,
    0.28742915391921997,
    -0.2701800763607025,
    1.0207291841506958,
    -0.2098540961742401,
    -0.013292607851326466,
    -0.24986028671264648,
    0.6366086602210999,
    -0.15502314269542694,
    0.14797796308994293,
    -0.583271324634552
  ],
  "root_pose": [
    3.0051357746124268,
    -0.25638487935066223,
    0.8656704425811768
  ],
  "translation": [
    -0.028006190434098244,
    0.32755762338638306,
    36.913326263427734
  ],
  "jaw_pose": [
    0.008577922359108925,
    -0.006346326321363449,
    -0.000453113199910149
  ],
  "left_hand_pose": [
    -0.012418164871633053,
    0.0025948784314095974,
    0.1750970333814621,
    -0.03487773644119799,
    0.08767588191299759,
    0.6129407708343795,
    0.032670961763532194,
    0.05486867511565383,
    0.4228065445743856,
    -0.045070467066610435,
    -0.18245207112201298,
    0.24610180786139302,
    -0.24213207690836286,
    -0.027640683503241035,
    0.9158114343548726,
    -0.009757536338990342,
    0.19259274126195922,
    0.3608631284361208,
    -0.7593351955328216,
    0.19911591440218493,
    0.6998579940620127,
    0.007138306389774847,
    0.03589807771340054,
    0.5597434370167179,
    -0.5577689470775488,
    0.13169539980867,
    0.1093577467895409,
    -0.2732576574504185,
    -0.03883857839965745,
    0.7040507962629314,
    -0.3485988316733545,
    -0.021093397581541398,
    0.7951111298005937,
    -0.21031149538850855,
    0.3441607953099764,
    0.42264328704740717,
    1.0500615111779645,
    -0.1842770620611584,
    0.08351231969183563,
    -0.7177025556311687,
    0.18975224267411492,
    0.2506106186034365,
    0.6657784144715325,
    -0.2029561622878438,
    0.014597591516738789
  ],
  "right_hand_pose": [
    -0.019107192754745483,
    0.02460787072777748,
    -0.4000277519226074,
    -0.04237655968413762,
    0.05355861919278292,
    -0.08827849413122216,
    0.15019553562051632,
    -0.02036336909993353,
    0.04669727443501145,
    0.08924514324287325,
    -0.1272494018833478,
    0.395466718630161,
    -0.23084085495897702,
    -0.05239644403430745,
    -0.04658709439392205,
    0.019094073954985493,
    0.05301977264282828,
    0.1269045865468115,
    -0.9499013943485357,
    0.3484183739961058,
    1.551905945806731,
    -0.3261372072162437,
    -0.02001075317167305,
    0.6383327958363637,
    -0.4336222298277433,
    0.1703948315928361,
    0.1517441781350628,
    -0.23085099272207582,
    -0.015493289187458964,
    1.2648990912683835,
    -0.41634163645547,
    0.020685818632994353,
    0.5525618208770811,
    -0.18119088209352127,
    0.19492931537495092,
    0.46298579332035106,
    0.6279197578430495,
    0.005341379336086809,
    -0.2643589633225371,
    -0.8110066667891699,
    0.20787418843548613,
    0.24986607179318138,
    0.17683335652097024,
    0.22786583019534767,
    -0.041536263293054355
  ],
  "expression": [
    -0.05295610874891281,
    0.17030285596847533,
    -0.33991824388504027,
    -0.23650667667388914,
    -0.3517855882644653,
    0.23428698778152465,
    -0.23045893907546997,
    0.41901851892471315,
    -0.34332039356231686,
    0.6552765369415283
  ],
  "fusion_metadata": {
    "body_source": "SMPLest-X",
    "hand_source": "Hierarchical Composition",
    "expression_source": "EMOCA"
  }
}