{
  "focal_length": [
    25983.432133992515,
    25983.433723449707
  ],
  "principal_point": [
    840.1312866210938,
    641.9592456817627
  ],
  "camera_translation": [
    -0.10570784658193588,
    0.2802216112613678,
    40.25139617919922
  ],
  "detection_bbox": [
    591.4267578125,
    87.64598846435547,
    1089.8358154296875,
    1197.2724609375
  ]
}