{
  "focal_length": [
    25599.068005879722,
    25599.069595336914
  ],
  "principal_point": [
    765.1755676269531,
    622.239128112793
  ],
  "camera_translation": [
    -0.005613462999463081,
    0.2520097494125366,
    40.22414016723633
  ],
  "detection_bbox": [
    536.4371337890625,
    76.12564086914062,
    994.9140014648438,
    1169.3525390625
  ]
}