{
  "focal_length": [
    18693.513870239258,
    18693.513870239258
  ],
  "principal_point": [
    653.8434753417969,
    744.1470642089844
  ],
  "camera_translation": [
    0.14864693582057953,
    0.11144766211509705,
    30.002010345458984
  ],
  "detection_bbox": [
    357.4000549316406,
    345.35211181640625,
    951.2869262695312,
    1143.9420166015625
  ]
}