{
  "focal_length": [
    25630.699793497723,
    25630.70058822632
  ],
  "principal_point": [
    792.1855163574219,
    642.8889741897583
  ],
  "camera_translation": [
    -0.014885591343045235,
    0.2728208601474762,
    39.66286849975586
  ],
  "detection_bbox": [
    534.7869262695312,
    96.10069274902344,
    1050.5841064453125,
    1190.67724609375
  ]
}