{
  "betas": [
    0.09435436129570007,
    0.32460156083106995,
    -0.42185303568840027,
    -0.6012365221977234,
    0.08173457533121109,
    -0.43424564599990845,
    -0.11025673151016235,
    -0.01067825872451067,
    -0.1859668642282486,
    -0.14107924699783325
  ],
  "body_pose": [
    -1.1627849340438843,
    -0.013278383761644363,
    0.2787024676799774,
    -1.0024776458740234,
    -0.10927312821149826,
    -0.3020969331264496,
    1.2171589136123657,
    0.0431637279689312,
    -0.09730515629053116,
    0.6037355661392212,
    0.11911921203136444,
    -0.09504353255033493,
    0.69140625,
    -0.17173178493976593,
    0.16411487758159637,
    -0.21341757476329803,
    0.00801003072410822,
    -0.01769471913576126,
    -0.01838180050253868,
    0.10624852776527405,
    -0.12082471698522568,
    -0.026045622304081917,
    -0.2508992552757263,
    0.08090639114379883,
    -0.05826081335544586,
    0.010020012967288494,
    -0.008994746021926403,
    0.008629543706774712,
    -0.04554438963532448,
    0.023225774988532066,
    -0.0029050882440060377,
    0.013252503238618374,
    -0.004897367674857378,
    0.041088853031396866,
    0.021972501650452614,
    0.09071546047925949,
    -0.21320074796676636,
    -0.7697752118110657,
    0.26422759890556335,
    -0.24402227997779846,
    0.8447209596633911,
    -0.17189985513687134,
    -0.15107901394367218,
    0.05080646649003029,
    -0.039284028112888336,
    -0.40902820229530334,
    -0.5922001600265503,
    -0.20136839151382446,
    -0.29020246863365173,
    0.7581856846809387,
    0.2612260580062866,
    -0.23030783236026764,
    -0.10215479880571365,
    0.08885215222835541,
    -0.14265848696231842,
    0.21218253672122955,
    0.007212297059595585,
    -0.2340431809425354,
    -0.03990558162331581,
    0.22606246173381805,
    -0.02321278117597103,
    0.013286154717206955,
    -0.2037210911512375
  ],
  "root_pose": [
    -2.4637060165405273,
    -0.20404228568077087,
    -0.5300312042236328
  ],
  "translation": [
    -0.07203207165002823,
    0.050554703921079636,
    29.62776756286621
  ],
  "jaw_pose": [
    0.001115967519581318,
    -0.013973595574498177,
    -0.014568202197551727
  ],
  "left_hand_pose": [
    -0.01583411730825901,
    0.05520085245370865,
    0.047284312546253204,
    0.3019378117457611,
    0.14120260577759183,
    0.9103990124846991,
    -0.12575699694488585,
    0.25861636090772977,
    0.5150588830485386,
    -0.23874658193396178,
    -0.004523640965803918,
    1.2612038495347968,
    -0.17985322066403542,
    -0.045798231883270195,
    0.8683462654532252,
    0.020886423897888595,
    0.2789975607230918,
    0.7845025111023776,
    -0.8026279572407512,
    0.4367533549315533,
    1.0775465242386058,
    -0.5881536653088912,
    0.12626514651565168,
    0.7577690621593155,
    -0.4712337639707047,
    0.10727005348238368,
    0.5949680405089803,
    -0.18749562415460802,
    0.23168082225879105,
    1.189133668162752,
    -0.5212856322397049,
    0.26671526734300816,
    0.9602796864748623,
    -0.3015895439339017,
    0.22866636998129317,
    0.8368290929400846,
    0.8506756587381152,
    -0.26345942747535683,
    -0.12198637467127392,
    -0.5558608382117548,
    0.06442191933522058,
    0.22221554116553613,
    0.66613711427143,
    -0.28112698663977237,
    0.2634279386948861
  ],
  "right_hand_pose": [
    -0.015446214936673641,
    -0.05735500901937485,
    -0.06426267325878143,
    0.16603030857218887,
    0.21377806246207914,
    1.208464653312817,
    -0.06219245333518733,
    0.12859919728387242,
    0.5881779962680309,
    -0.013001969618890104,
    0.008414109547849298,
    0.6447238615206812,
    -0.3419307239729798,
    0.0009778847040352691,
    1.1246622714035108,
    -0.0012742692398764856,
    0.06938320699289434,
    0.5483821612457763,
    0.3006884185122833,
    0.3460517281197139,
    0.3884396418223236,
    -1.0457539643314306,
    0.22997448452589345,
    0.8060312556494778,
    -0.3061127204844615,
    0.20509691277279174,
    0.6075866116515293,
    0.16186798020899962,
    0.10156237345984605,
    0.5274685497304588,
    -0.5412392913583596,
    0.14986581624334866,
    1.1140566795098281,
    -0.22350410436146148,
    0.17181118169660867,
    0.595923335553653,
    0.566786080278936,
    0.07716066559119437,
    -0.23013789264251147,
    -0.5304634244483322,
    -0.07084306531636811,
    0.30766816641572226,
    0.1796606466357367,
    -0.04134273032595893,
    -0.02484563914061697
  ],
  "expression": [
    -0.41602492332458496,
    -1.9404736518859862,
    1.151926302909851,
    1.0512958288192749,
    -0.4614329695701599,
    0.4836183428764343,
    0.41447514295578003,
    -0.7116868257522583,
    -0.5838299274444579,
    -0.7311111688613892
  ],
  "fusion_metadata": {
    "body_source": "SMPLest-X",
    "hand_source": "Hierarchical Composition",
    "expression_source": "EMOCA"
  }
}