{
  "betas": [
    0.4577995538711548,
    0.5774741172790527,
    0.21148531138896942,
    -0.46678730845451355,
    -0.3051700294017792,
    -1.052215337753296,
    -0.1741982400417328,
    0.1804143190383911,
    -0.09701225906610489,
    -0.18511250615119934
  ],
  "body_pose": [
    -0.36674410104751587,
    0.052538175135850906,
    0.2540873885154724,
    -0.08394943922758102,
    -0.05639136955142021,
    -0.009641543962061405,
    0.11028554290533066,
    0.006402407772839069,
    -0.031224418431520462,
    1.6219533681869507,
    0.08630626648664474,
    -0.3097600042819977,
    0.2921726405620575,
    -0.07852187752723694,
    0.04878924787044525,
    -0.006597564555704594,
    -0.03490108996629715,
    -0.012981739826500416,
    0.024976348504424095,
    0.0992475152015686,
    -0.08900082856416702,
    -0.07631758600473404,
    -0.12233804166316986,
    -0.03322601318359375,
    0.04339466616511345,
    -0.025623802095651627,
    0.015257718972861767,
    -0.03255460783839226,
    0.007585131097584963,
    0.008861593902111053,
    -0.007619287818670273,
    -0.0076285372488200665,
    -0.033492762595415115,
    -0.02824445441365242,
    0.022438274696469307,
    0.12236632406711578,
    0.09544387459754944,
    0.10136283934116364,
    -0.1559135466814041,
    -0.015883512794971466,
    -0.07193918526172638,
    0.21873922646045685,
    -0.14573203027248383,
    0.08646587282419205,
    -0.04360000044107437,
    0.2793448865413666,
    -0.10894756019115448,
    -0.9449279308319092,
    -0.06624952703714371,
    0.13844707608222961,
    0.8354499340057373,
    0.2811990976333618,
    -1.5351719856262207,
    0.18122220039367676,
    -0.12929511070251465,
    1.9085755348205566,
    -0.720590353012085,
    -0.09726370871067047,
    -0.11804072558879852,
    0.0003119929460808635,
    -0.02351226471364498,
    0.2026650458574295,
    -0.418565958738327
  ],
  "root_pose": [
    -3.085359811782837,
    0.026052286848425865,
    -0.10990039259195328
  ],
  "translation": [
    0.07289339601993561,
    0.25822916626930237,
    41.398799896240234
  ],
  "jaw_pose": [
    0.002287281444296241,
    -0.0016005882062017918,
    0.0010496614268049598
  ],
  "left_hand_pose": [
    0.010654248297214508,
    0.07887323945760727,
    0.08550738543272018,
    0.10864054280887266,
    0.14909045646996114,
    0.2505757974961175,
    -0.05343887725297369,
    0.04269404458518949,
    -0.003939008915298987,
    0.03616567745224606,
    0.07464617380509363,
    0.36005839282816304,
    -0.12187686996929901,
    -0.05712903608369778,
    -0.041940779462323566,
    0.02603405097509704,
    0.12387641195118605,
    0.046703242754331124,
    0.0007019552319979721,
    0.7253043555206206,
    0.18253942140936058,
    -0.025372155118058213,
    -0.15549427779029434,
    0.06769524982846843,
    -0.32306087646871867,
    -0.09678042804002457,
    -0.33199719773057335,
    0.11432970339534053,
    0.2508836785086239,
    0.31039060511931416,
    -0.22954143482162867,
    -0.048635645562295333,
    -0.07653245288181514,
    -0.13618129073375174,
    0.11240687080751903,
    0.09799581123200174,
    0.7601069930946697,
    -0.5868908045674628,
    -0.12812129063110417,
    -0.5597471373100338,
    0.06945899763333924,
    -0.02292389083984546,
    0.5197355322681197,
    0.07760956425831389,
    0.12470110334184265
  ],
  "right_hand_pose": [
    -0.00934052374213934,
    0.03882993012666702,
    -0.10697279125452042,
    0.07179434617152206,
    0.10648133047327783,
    0.36248435411960067,
    -0.008234330857190735,
    0.0474642320394646,
    0.18876550862188848,
    -0.030428359397838604,
    -0.06756598336371161,
    0.5325862457390452,
    -0.26817299004854667,
    -0.023317389062865602,
    0.5209361441840293,
    -0.01374011273874445,
    0.10389294813658145,
    0.3470735276351769,
    -0.32447123340474515,
    0.4743210805781026,
    0.5949542090801089,
    -0.25225226208911095,
    -0.02882568934684476,
    0.4176188327584732,
    -0.4585907704259733,
    0.13498497396421927,
    0.07810277148550737,
    -0.03881584325115282,
    0.08789521797588244,
    0.56523180731351,
    -0.4089476522716156,
    0.04153978176133605,
    0.48070562511472376,
    -0.19397915473509855,
    0.16509058017334796,
    0.449077215104687,
    0.8013654613562808,
    -0.13978703410258972,
    -0.06873657832131512,
    -0.6001843751746225,
    0.09728187132631184,
    0.20366612654168909,
    0.38543063271042965,
    -0.055808109853409324,
    0.11824215453041773
  ],
  "expression": [
    -0.03187819719314575,
    0.29216065406799313,
    0.07255353927612304,
    0.13624970912933348,
    -0.44901262521743773,
    -0.00029729926027357575,
    -0.5914865255355835,
    -0.07965238094329834,
    -0.03786404728889465,
    -0.0926898032426834
  ],
  "fusion_metadata": {
    "body_source": "SMPLest-X",
    "hand_source": "Hierarchical Composition",
    "expression_source": "EMOCA"
  }
}