{
  "betas": [
    -0.14687176048755646,
    -0.028816241770982742,
    -0.5233422517776489,
    -0.6933138966560364,
    -0.11605510860681534,
    -0.43172529339790344,
    -0.18103767931461334,
    -0.0870429053902626,
    -0.07478564977645874,
    0.007209503557533026
  ],
  "body_pose": [
    -0.5268620848655701,
    0.19318009912967682,
    0.07012245059013367,
    -0.9833857417106628,
    0.033344168215990067,
    -0.21446430683135986,
    0.8353229761123657,
    -0.07631302624940872,
    0.07133722305297852,
    0.45539411902427673,
    0.20947875082492828,
    -0.12334554642438889,
    0.5619955062866211,
    -0.10960020124912262,
    0.07575662434101105,
    -0.08772432059049606,
    -0.024755332618951797,
    0.06414107233285904,
    -0.13711662590503693,
    0.23562271893024445,
    0.013320060446858406,
    0.05584363266825676,
    -0.21539834141731262,
    0.06026613712310791,
    -0.02523759938776493,
    -0.026352275162935257,
    0.02592347003519535,
    -0.0023754017893224955,
    0.014763101935386658,
    -0.004841026850044727,
    -0.007180197164416313,
    -0.020426155999302864,
    0.0022965073585510254,
    0.19898131489753723,
    -0.03431709483265877,
    0.08857963234186172,
    -0.159185990691185,
    -0.678331196308136,
    0.06178589537739754,
    -0.09924641251564026,
    0.5789700746536255,
    -0.04188413545489311,
    -0.1724027693271637,
    0.009697742760181427,
    0.003037465503439307,
    -0.23907437920570374,
    -0.7227921485900879,
    -0.5429713129997253,
    -0.1788913607597351,
    0.5617097020149231,
    0.571704089641571,
    -0.09715527296066284,
    -0.42472657561302185,
    0.051543690264225006,
    -0.17346610128879547,
    0.5206305980682373,
    -0.20692116022109985,
    0.05242575332522392,
    -0.042058419436216354,
    0.23164279758930206,
    -0.06243743747472763,
    0.030122816562652588,
    -0.26946407556533813
  ],
  "root_pose": [
    -2.5050718784332275,
    0.3459298014640808,
    0.8107517957687378
  ],
  "translation": [
    0.09113258123397827,
    0.08459363877773285,
    29.295988082885742
  ],
  "jaw_pose": [
    0.0007453401922248304,
    -0.010068396106362343,
    0.0005520210252143443
  ],
  "left_hand_pose": [
    -0.01562890148807758,
    0.14207883931904014,
    -0.007521028373091265,
    0.03979346175539818,
    -0.0014607147086384276,
    0.1507040964527918,
    -0.011908788840213694,
    -0.03634463395529812,
    0.03990613949134095,
    -0.017100045525691193,
    0.024303467812202453,
    -0.20431244753693867,
    -0.01853695116656981,
    0.03573538683558756,
    0.2154169991218342,
    0.06197441123481623,
    -0.12114565162600992,
    0.04067955913818244,
    -0.1616211732950344,
    -0.22816869347671148,
    -0.01759567870213896,
    0.16958619345804926,
    0.12608775706266218,
    0.07871895213869284,
    -0.05949180779410229,
    0.06418928788305221,
    0.05800929285235374,
    0.019399897858930676,
    -0.030991631943993153,
    -0.059047880887264426,
    -0.04953811410567355,
    0.052114407344381546,
    0.09334960547099502,
    -0.03528598027706925,
    -0.12047012637962984,
    0.0029558173562950762,
    0.11305267903765881,
    0.030995200962171898,
    0.1398993795771497,
    -0.0915367507375246,
    -0.012203654638462425,
    -0.19406402097146577,
    0.06774030519976659,
    -0.011911303660190851,
    0.026459884243599685
  ],
  "right_hand_pose": [
    0.025239003835540674,
    -0.10252884348867405,
    0.1004163702122155,
    0.03225677952330798,
    0.02536492546274237,
    -0.2422848891981344,
    -0.007781058425843618,
    -0.0066241833158701136,
    -0.12673176669727373,
    -0.027710325027074253,
    0.07658366160689964,
    0.2673502182463886,
    -0.06539741110884587,
    -0.09472033226381857,
    -0.2587874565592869,
    0.0776737437126071,
    0.08380122047211612,
    -0.07947144518252075,
    -0.20261152763828622,
    0.2297191285689408,
    0.07646236658149952,
    0.2735576290626786,
    -0.19229135302846143,
    -0.17223043149050132,
    -0.10788943022147995,
    -0.007469381184770411,
    -0.06279117522047244,
    0.017132616411057414,
    0.11500972710398981,
    0.12619466345632846,
    -0.07285563675842455,
    -0.11570227071926531,
    -0.2396827787075695,
    -0.0143860712841275,
    0.12094324011432256,
    0.012131719922484296,
    0.26640786568645325,
    -0.29986617200501287,
    -0.1097431171875628,
    -0.1730189152225075,
    0.18873722376406807,
    0.25126989130410937,
    0.09147286417688894,
    0.1036752416788014,
    -0.3051397387995218
  ],
  "expression": [
    -0.6156656026840209,
    -2.612079620361328,
    3.127674293518066,
    1.1271807432174683,
    -0.39058005809783936,
    0.6199009895324706,
    0.5826269388198853,
    -1.1861198186874389,
    -1.1455357789993286,
    -1.5318992614746094
  ]
}