{
  "focal_length": [
    26510.370572408043,
    26510.369777679443
  ],
  "principal_point": [
    753.1974487304688,
    570.7191925048828
  ],
  "camera_translation": [
    0.05834732949733734,
    0.26027023792266846,
    40.313209533691406
  ],
  "detection_bbox": [
    530.7042236328125,
    5.164642333984375,
    976.690673828125,
    1137.2738037109375
  ]
}