{
  "betas": [
    0.2206004410982132,
    0.7853875756263733,
    -0.10615518689155579,
    -0.5122583508491516,
    -0.004129868932068348,
    -0.8283060193061829,
    -0.05147645249962807,
    0.09548906981945038,
    -0.15537448227405548,
    -0.027813661843538284
  ],
  "body_pose": [
    -0.010338651947677135,
    0.06639782339334488,
    0.18446388840675354,
    -0.04152074456214905,
    -0.1540471911430359,
    -0.15869654715061188,
    0.07661543786525726,
    0.016246488317847252,
    -0.02741631120443344,
    0.12988674640655518,
    -0.04695313796401024,
    -0.0016795936971902847,
    0.2077351212501526,
    -0.06884895265102386,
    -0.004841962829232216,
    0.01809176616370678,
    -0.006723340600728989,
    -0.019063767045736313,
    -0.05291278660297394,
    0.14201827347278595,
    -0.07695722579956055,
    -0.02550087682902813,
    -0.26646658778190613,
    0.06976228952407837,
    0.03826722502708435,
    0.005426520481705666,
    -0.004036496393382549,
    -0.017413146793842316,
    0.007524444721639156,
    0.019670765846967697,
    -0.0074958219192922115,
    -0.015281225554645061,
    -0.015599685721099377,
    0.08871790766716003,
    -0.010633066296577454,
    0.029537398368120193,
    0.059072285890579224,
    0.015030172653496265,
    -0.28685933351516724,
    0.0507383719086647,
    0.020144201815128326,
    0.27054157853126526,
    0.09940441697835922,
    -0.024234091863036156,
    -0.005734281614422798,
    0.12391757220029831,
    -0.1948367804288864,
    -0.7898685336112976,
    0.15393950045108795,
    0.1890074908733368,
    0.8460545539855957,
    0.26279276609420776,
    -0.989839494228363,
    0.2037043571472168,
    0.26596617698669434,
    1.012526512145996,
    -0.13930705189704895,
    0.19986076653003693,
    -0.07520446181297302,
    0.5669395327568054,
    0.13738302886486053,
    0.015003582462668419,
    -0.42174017429351807
  ],
  "root_pose": [
    -3.042799949645996,
    0.007185500580817461,
    -0.061163660138845444
  ],
  "translation": [
    -0.014885591343045235,
    0.2728208601474762,
    39.66286849975586
  ],
  "jaw_pose": [
    0.01145972590893507,
    -0.005368872545659542,
    -0.0022442308254539967
  ],
  "left_hand_pose": [
    -0.002895411802455783,
    0.01088959351181984,
    0.27847471833229065,
    0.23326806183401258,
    0.10591530115181445,
    0.44135223501511545,
    -0.08862140108560251,
    0.07754923465437578,
    0.027874258430603763,
    -0.15058883648787325,
    0.04064768823898826,
    1.221625385352999,
    -0.20478405604230104,
    -0.050361099631360054,
    0.13181701654101233,
    0.01642921210093757,
    0.08621143350161276,
    0.20930497699993048,
    0.1720158672511718,
    0.34065955716249247,
    0.4770568949941352,
    -0.35186763463543336,
    -0.09544042924233881,
    0.029867599769356656,
    -0.28515243691004377,
    0.13247694603239416,
    -0.07447782621664586,
    0.12324245996808596,
    0.22751252638152303,
    0.8998747963610666,
    -0.41965914916107155,
    0.054487958100578555,
    0.19369818655024315,
    -0.22651004024648477,
    0.12395819825428128,
    0.2599763141342496,
    0.5309936754900753,
    -0.19764728116324873,
    -0.331365697559914,
    -0.5611923453019105,
    -0.04663555807516854,
    0.2705117457800722,
    0.16761507155935476,
    0.08983400809060901,
    -0.22076073389495154
  ],
  "right_hand_pose": [
    -0.019547948613762856,
    0.03674240782856941,
    -0.529757559299469,
    0.045267956401275095,
    0.04389318389034631,
    -0.06072868029056656,
    0.048395874297122124,
    -0.01343218847262548,
    0.006549412865672487,
    0.23459547988606788,
    -0.0314222265192809,
    0.3783889544211836,
    -0.26380768992062903,
    -0.0500035058719122,
    0.005709883977640982,
    0.01399358507665948,
    0.08317639302766601,
    0.13696065656143927,
    0.2817938928617,
    -0.139020842589585,
    0.2683722609624587,
    -0.1279577475893933,
    -0.07859982577175496,
    -0.033771929031984615,
    -0.28239874574979856,
    0.21179021760522102,
    -0.16361615721407738,
    0.24325154533457424,
    -0.10977976714093918,
    0.19882723908438704,
    -0.28737119770478,
    -0.011835725146569357,
    0.031222819198821864,
    -0.16902790957950223,
    0.20630419244371648,
    0.17238894273308333,
    0.4958594529409217,
    -0.11407512656205117,
    -0.24959249713789536,
    -0.60234371011055,
    0.03232306991309931,
    0.33283753722497406,
    0.17943817670139506,
    0.09702584207258924,
    -0.2906416132519117
  ],
  "expression": [
    -0.001734117418527603,
    0.29242165088653566,
    -0.06317062675952911,
    -0.12191922962665558,
    -0.37879393100738523,
    -0.13118129968643188,
    -0.17177392244338988,
    0.34667612314224244,
    -0.03836545944213867,
    0.14039906859397888
  ],
  "fusion_metadata": {
    "body_source": "SMPLest-X",
    "hand_source": "Hierarchical Composition",
    "expression_source": "EMOCA"
  }
}