{
  "focal_length": [
    19809.247652689617,
    19809.248447418213
  ],
  "principal_point": [
    642.6267395019531,
    808.2648315429688
  ],
  "camera_translation": [
    0.1386706680059433,
    0.041348956525325775,
    31.59130859375
  ],
  "detection_bbox": [
    325.67877197265625,
    469.0322265625,
    960.57470703125,
    1148.4974365234375
  ]
}