{
  "focal_length": [
    22253.69771321615,
    22253.69691848755
  ],
  "principal_point": [
    798.9712524414062,
    705.5176239013672
  ],
  "camera_translation": [
    -0.0023231450468301773,
    0.16518756747245789,
    33.68618392944336
  ],
  "detection_bbox": [
    619.2872314453125,
    230.7720947265625,
    979.6552734375,
    1181.26318359375
  ]
}