{
  "focal_length": [
    18714.03535207113,
    18714.03455734253
  ],
  "principal_point": [
    655.4784851074219,
    760.53759765625
  ],
  "camera_translation": [
    0.09112881869077682,
    0.08460063487291336,
    29.295595169067383
  ],
  "detection_bbox": [
    356.0539245605469,
    369.4364013671875,
    955.9030151367188,
    1152.6387939453125
  ]
}