{
  "betas": [
    0.5940589904785156,
    0.06483040750026703,
    0.06185908988118172,
    -0.4246516823768616,
    0.11548898369073868,
    -0.5730692148208618,
    -0.05727846175432205,
    0.08228867501020432,
    -0.15823200345039368,
    -0.05173090100288391
  ],
  "body_pose": [
    -0.3698464334011078,
    -0.01107941847294569,
    -0.011181293055415154,
    0.22871340811252594,
    -0.20329533517360687,
    -0.466270387172699,
    0.06285727024078369,
    0.01915678195655346,
    0.07435394078493118,
    0.8452433347702026,
    0.07320938259363174,
    -0.14110344648361206,
    0.7864741086959839,
    0.11110402643680573,
    -0.07964354008436203,
    -0.03307230770587921,
    0.02650456130504608,
    0.05164584517478943,
    -0.1055864691734314,
    0.047888949513435364,
    -0.057099808007478714,
    0.04227561876177788,
    -0.17390643060207367,
    0.12039905786514282,
    0.024666517972946167,
    0.0635564774274826,
    0.054079748690128326,
    0.000754784676246345,
    0.006960507482290268,
    0.036048755049705505,
    -0.022760622203350067,
    -0.008750494569540024,
    -0.021466976031661034,
    0.08457505702972412,
    -0.13086393475532532,
    0.13920892775058746,
    0.05888386443257332,
    0.13174118101596832,
    -0.10121677815914154,
    -0.15375947952270508,
    0.17131616175174713,
    0.07341768592596054,
    -0.05004413053393364,
    -0.10567376762628555,
    -0.1185198426246643,
    0.17726729810237885,
    -0.08133357763290405,
    -0.8273440599441528,
    -0.37705594301223755,
    0.5409429669380188,
    0.7157832384109497,
    0.24884766340255737,
    -1.1345793008804321,
    0.31750112771987915,
    -0.6112123131752014,
    1.6058049201965332,
    -0.7603084444999695,
    -0.03473231568932533,
    -0.0577663891017437,
    -0.16635558009147644,
    -0.5422886610031128,
    -0.00980102177709341,
    -0.5598556399345398
  ],
  "root_pose": [
    3.058429479598999,
    -0.25173714756965637,
    0.42407721281051636
  ],
  "translation": [
    0.08210986107587814,
    0.3110840618610382,
    37.434268951416016
  ],
  "jaw_pose": [
    0.018787985667586327,
    -0.00799805112183094,
    0.0054107001051306725
  ],
  "left_hand_pose": [
    -0.0017464087577536702,
    0.035235706716775894,
    0.08642205595970154,
    0.11727323170694823,
    0.0773937186680726,
    0.09063326918977566,
    -0.03133092447321347,
    0.04740938332287203,
    0.07025513517636908,
    -0.012211285071618954,
    -0.04210524964627189,
    0.7301952306206938,
    -0.2368961937626589,
    -0.07239771806429002,
    0.10533410927171291,
    0.03231667978862456,
    0.12412594910218826,
    0.20286605947818284,
    -0.20382159492014748,
    0.503593560984894,
    0.6176895274889643,
    -0.23082105977818726,
    -0.1997793031170051,
    0.1057721838286534,
    -0.19839345966157781,
    0.1778739669847485,
    -0.02905022004813344,
    0.03653783875305458,
    0.10519144263821752,
    0.673179242328009,
    -0.34544427018683227,
    -0.051580398674129495,
    0.17178662094377312,
    -0.19020949010626875,
    0.2331269077463194,
    0.2289876318044001,
    1.1664967430808173,
    -0.3354791632587231,
    0.1291377222349016,
    -0.6722895229775115,
    0.26773853743132614,
    0.2088624333446836,
    0.22943106140928482,
    0.30637741047862227,
    0.011305064507179842
  ],
  "right_hand_pose": [
    0.014519765041768551,
    -0.02435953915119171,
    -0.3792315423488617,
    0.06207372393158494,
    0.06919567787888932,
    0.08985495103429478,
    0.07698492812870268,
    0.09082378619954407,
    0.18847610958365923,
    0.050659001990784346,
    0.06615109526683587,
    0.5411445919133288,
    -0.2262220179863422,
    -0.05134791749973987,
    0.0934694169582191,
    0.0021885347624048365,
    0.08617969469108669,
    0.28639860535778433,
    -0.8780621797939062,
    0.5572521502501891,
    1.5035971531989225,
    -0.9265032837303886,
    0.2763504180003464,
    1.0515098105100105,
    -0.31100973432571394,
    0.3143133946594955,
    0.47518320257138075,
    -0.17166991120512975,
    0.09389409694533875,
    1.3028808053318275,
    -0.3993055411632716,
    -0.03227553495268805,
    0.3522073157452421,
    -0.18918285536005347,
    0.15759638232057302,
    0.3638761509449146,
    0.6619371805979571,
    -0.13961024661303634,
    -0.526707460181089,
    -0.5041575009853287,
    -0.043124110138163974,
    0.42205751561462584,
    0.32896061988501296,
    -0.21261470968480495,
    0.705587101207337
  ],
  "expression": [
    -0.12260948717594146,
    0.15208743810653685,
    -0.3015376925468445,
    -0.177083158493042,
    -0.4430694580078125,
    0.18521016240119934,
    -0.17377576231956482,
    0.3971220374107361,
    -0.5051914572715759,
    0.4540752053260803
  ],
  "fusion_metadata": {
    "body_source": "SMPLest-X",
    "hand_source": "Hierarchical Composition",
    "expression_source": "EMOCA"
  }
}