{
  "betas": [
    0.5483813285827637,
    0.8839153051376343,
    -0.13828423619270325,
    -0.5657250881195068,
    -0.12783509492874146,
    -0.8577485084533691,
    -0.022612109780311584,
    0.10229817032814026,
    0.06038237363100052,
    -0.08793491870164871
  ],
  "body_pose": [
    0.004024866968393326,
    0.10424397140741348,
    0.15002982318401337,
    -0.04689111188054085,
    -0.12496805936098099,
    -0.10156973451375961,
    0.0882793664932251,
    0.00016268999024759978,
    -0.03164108470082283,
    0.049604639410972595,
    -0.04980463907122612,
    0.019174929708242416,
    0.12243777513504028,
    -0.014650065451860428,
    0.003993943799287081,
    -0.11660830676555634,
    -0.013058517128229141,
    -0.012673868797719479,
    -0.006554445717483759,
    0.13326077163219452,
    -0.10569790005683899,
    -0.03505568578839302,
    -0.16948658227920532,
    0.08767508715391159,
    0.07616158574819565,
    -0.004272341728210449,
    0.0025694489013403654,
    -0.003486056113615632,
    0.011419571004807949,
    0.01226705964654684,
    0.017106682062149048,
    -0.00452800840139389,
    -0.026160558685660362,
    0.07136815786361694,
    -0.016793129965662956,
    0.08080662041902542,
    -0.15203432738780975,
    0.06689511239528656,
    0.07414617389440536,
    -0.1334201544523239,
    -0.059071414172649384,
    0.043839652091264725,
    0.005026583094149828,
    -0.017452571541070938,
    -0.0018790183821693063,
    -0.258063942193985,
    -0.17693960666656494,
    -0.3542565107345581,
    -0.24685929715633392,
    0.10308253020048141,
    0.33675915002822876,
    -0.34385648369789124,
    -1.5833696126937866,
    0.7640048861503601,
    -0.42123550176620483,
    1.7282307147979736,
    -0.7819969654083252,
    -0.058568764477968216,
    -0.2201320081949234,
    0.6547741293907166,
    -0.12027519941329956,
    0.26175013184547424,
    -0.5224791169166565
  ],
  "root_pose": [
    -2.957338809967041,
    -0.01575511507689953,
    -0.03879249840974808
  ],
  "translation": [
    0.0021803658455610275,
    0.26408275961875916,
    40.72554397583008
  ],
  "jaw_pose": [
    0.011364854872226715,
    -0.005486565176397562,
    0.0013792418176308274
  ],
  "left_hand_pose": [
    -0.0029278190340846777,
    0.04751967638731003,
    0.5104734301567078,
    0.41516759748653215,
    0.1621176653452778,
    0.6112637364465107,
    -0.39643625458874254,
    0.1294234848744956,
    -0.26083235671831634,
    0.06817532150600272,
    0.07835883882588307,
    0.5683545439407048,
    -0.22164981635208703,
    -0.08178906925384023,
    -0.06354845477128496,
    -0.005688600310436775,
    0.08469748954673906,
    0.0011126676545485628,
    -0.1288786906090173,
    0.020415119585032483,
    0.38703962876524106,
    0.09085989540761995,
    -0.1113552922707031,
    0.03280366411837224,
    -0.4006275733905081,
    0.07060784211542422,
    -0.3407571135821427,
    0.08124283274636744,
    0.10582354605528464,
    0.4089807152686898,
    -0.2510964255896767,
    0.008704921091708534,
    -0.10270312478329083,
    -0.16254632263363172,
    0.09847615953979541,
    0.0386421091894413,
    1.2780629915033137,
    -0.30725459127437604,
    0.2096287163803686,
    -0.6515625628546647,
    0.05008897802547135,
    0.18080791696851614,
    0.5693228380521995,
    0.11392101686770244,
    0.25053572244214517
  ],
  "right_hand_pose": [
    -0.02369409240782261,
    0.021198252215981483,
    -0.25285404920578003,
    0.4761087355088323,
    0.14158911351977796,
    0.5515507733279054,
    -0.4397590865276533,
    0.14555955229676176,
    -0.24843736968577146,
    0.011044172691084946,
    0.11088727604203777,
    0.5629830649973567,
    -0.2544650617264382,
    -0.0505531166480537,
    0.21709626771894006,
    0.018976238628364256,
    0.11145272515440799,
    0.11442963755689826,
    -0.13719045900468707,
    0.34528616094469033,
    0.36438174953734037,
    0.020027971416863403,
    -0.08027372885398967,
    0.1945677163405347,
    -0.6050210372538519,
    0.039340858794673354,
    -0.34699559153297166,
    0.09568531693766295,
    0.18050099437162492,
    0.36794497791745506,
    -0.35223197002240747,
    0.05247717604821481,
    0.13126778930635752,
    -0.18868698069932946,
    0.12400100047319072,
    0.1861790173302176,
    1.1978968965913168,
    -0.2061164722888916,
    0.1880833415064848,
    -0.5455920443983245,
    -0.0233215166677838,
    0.1743633272430127,
    0.5368093242405234,
    -0.004154596764925133,
    0.4133691797364512
  ],
  "expression": [
    -0.04484010636806488,
    0.25293034315109253,
    0.02659173086285591,
    -0.28242257237434387,
    -0.17579087018966674,
    0.2584401726722717,
    -0.26403089761734005,
    0.7141462326049804,
    -0.17284038662910461,
    0.0591840773820877
  ],
  "fusion_metadata": {
    "body_source": "SMPLest-X",
    "hand_source": "Hierarchical Composition",
    "expression_source": "EMOCA"
  }
}