{
  "focal_length": [
    26600.561141967773,
    26600.561141967773
  ],
  "principal_point": [
    677.8798980712891,
    609.2727661132812
  ],
  "camera_translation": [
    0.07289339601993561,
    0.25822916626930237,
    41.398799896240234
  ],
  "detection_bbox": [
    458.1721496582031,
    41.79412841796875,
    898.587646484375,
    1177.75146484375
  ]
}