{
  "focal_length": [
    20457.698504130047,
    20457.699298858643
  ],
  "principal_point": [
    660.6679992675781,
    707.8613433837891
  ],
  "camera_translation": [
    0.22467245161533356,
    0.16766569018363953,
    33.03492736816406
  ],
  "detection_bbox": [
    372.82135009765625,
    271.430419921875,
    949.5146484375,
    1145.292236328125
  ]
}