{
  "focal_length": [
    23841.64015452067,
    23841.638565063477
  ],
  "principal_point": [
    793.3212890625,
    688.785530090332
  ],
  "camera_translation": [
    0.08210986107587814,
    0.3110840618610382,
    37.434268951416016
  ],
  "detection_bbox": [
    452.5537109375,
    180.16390991210938,
    1135.0888671875,
    1198.4072265625
  ]
}