{
  "betas": [
    0.4764502942562103,
    0.27905672788619995,
    -0.1952837109565735,
    -0.3831673860549927,
    -0.17101417481899261,
    -0.753666341304779,
    -0.02974383533000946,
    -0.009256661869585514,
    0.15617668628692627,
    -0.09982501715421677
  ],
  "body_pose": [
    -0.06356841325759888,
    0.015556438826024532,
    0.0960562527179718,
    -0.638270914554596,
    0.18888144195079803,
    -0.17071926593780518,
    0.22844935953617096,
    -0.07850854098796844,
    -0.04491477087140083,
    0.2930968105792999,
    -0.023269211873412132,
    -0.02006618306040764,
    1.9015679359436035,
    -0.019456487149000168,
    0.20746013522148132,
    -0.028623400256037712,
    -0.028561590239405632,
    0.0011317324824631214,
    -0.11881858110427856,
    0.07207263261079788,
    -0.012259431183338165,
    -0.06674495339393616,
    -0.12024331837892532,
    0.05541013926267624,
    0.015526633709669113,
    -0.040501441806554794,
    -0.016826819628477097,
    -0.01850133202970028,
    -0.006059038452804089,
    0.03577139973640442,
    -0.029127566143870354,
    0.011588668450713158,
    -0.022764598950743675,
    -0.06520970910787582,
    0.011821233667433262,
    0.06899488717317581,
    -0.07202480733394623,
    -0.15024849772453308,
    -0.1413360983133316,
    0.17833513021469116,
    -0.17626847326755524,
    0.1390354335308075,
    -0.2531590759754181,
    -0.03547464683651924,
    0.07994800060987473,
    -0.13409917056560516,
    -0.33742231130599976,
    -0.6800985336303711,
    0.35841646790504456,
    -0.14779004454612732,
    0.908669650554657,
    -0.23244529962539673,
    -1.991613507270813,
    0.24297204613685608,
    0.09975675493478775,
    1.620355248451233,
    -0.11578566581010818,
    -0.5286256074905396,
    -0.4183720052242279,
    0.0846371054649353,
    -0.3059331178665161,
    0.2175273299217224,
    0.16193874180316925
  ],
  "root_pose": [
    -3.010810136795044,
    -0.07826229184865952,
    -0.062244463711977005
  ],
  "translation": [
    -0.03136845678091049,
    0.2790417969226837,
    39.11030960083008
  ],
  "jaw_pose": [
    0.007145704701542854,
    -0.005369116552174091,
    0.009407865814864635
  ],
  "left_hand_pose": [
    -0.050861772149801254,
    0.00211379979737103,
    0.06373842060565948,
    0.46842711779448404,
    0.3366855702664326,
    1.32537198864886,
    -0.25128613521995014,
    0.29682657852137856,
    0.5906408531059248,
    -0.13931098764022296,
    -0.07344861409962246,
    1.0546035820052764,
    -0.24723649251625046,
    0.0034661718418180706,
    1.2431310343560376,
    0.0004399343611643714,
    0.08641076356414705,
    0.7169138628914025,
    -0.3100011896255994,
    0.44689083764085613,
    0.7712959483122956,
    -0.9827963200595342,
    0.16645092000817813,
    1.019190329874871,
    -0.20327177289751522,
    0.06235228444626046,
    0.9056820716324646,
    0.010391742070362834,
    0.11394128682911017,
    0.9086357954455653,
    -0.5719380730558302,
    0.25257229929675945,
    1.2187430763428633,
    -0.2339934545522318,
    0.0005820862176214442,
    0.7183999278691104,
    1.071586752189503,
    -0.3047110014272618,
    -0.028976067725784475,
    -0.5277366659013741,
    0.09482639714617899,
    0.0845695868102056,
    0.6127361382893532,
    -0.49553271757656364,
    0.4958325533232744
  ],
  "right_hand_pose": [
    -0.02405041642487049,
    -0.026643596589565277,
    0.059803083539009094,
    0.19763881001537284,
    0.05506914036582855,
    0.3387957143547265,
    -0.1611248531231185,
    0.0751088407555992,
    -0.0681184633889743,
    -0.14671711712928143,
    -0.019599842705721467,
    0.9392942400546822,
    -0.18872497800043167,
    -0.08974504839201182,
    0.38147750963416854,
    0.0436197691152247,
    0.18000082993323424,
    0.19826755326646028,
    -0.6341138002169149,
    0.3104752959121454,
    0.8280433179495614,
    0.08686326578013613,
    -0.036186934455720125,
    0.3010283129214176,
    -0.4986241103327426,
    -0.027581284756660204,
    -0.18124672355945012,
    -0.10631659307125496,
    0.07090424085986408,
    0.889014186883784,
    -0.3632958319990989,
    0.04131924103902856,
    0.33212126147892534,
    -0.20813413405385722,
    0.2114340555321056,
    0.29720736454984176,
    1.2552762155987989,
    -0.4373276280355733,
    0.17887125493736467,
    -0.759665289491696,
    0.22568910484358415,
    0.09263747034989347,
    0.36291970992055456,
    0.3448645413861928,
    -0.08317100473966642
  ],
  "expression": [
    -0.06301373541355133,
    0.01290975585579872,
    0.20982261300086974,
    0.07794521749019623,
    -0.3157889127731323,
    0.49130194187164306,
    -0.5796180725097656,
    0.512230396270752,
    0.14279010593891142,
    -0.15110480189323425
  ],
  "fusion_metadata": {
    "body_source": "SMPLest-X",
    "hand_source": "Hierarchical Composition",
    "expression_source": "EMOCA"
  }
}