{
  "focal_length": [
    26769.148508707684,
    26769.14930343628
  ],
  "principal_point": [
    780.5084533691406,
    614.5084075927734
  ],
  "camera_translation": [
    -0.026210198178887367,
    0.3008916676044464,
    40.68608093261719
  ],
  "detection_bbox": [
    569.8795166015625,
    43.4332275390625,
    992.137451171875,
    1186.5836181640625
  ]
}