{
  "betas": [
    0.19083169102668762,
    0.270134299993515,
    -0.30653372406959534,
    -0.7101725339889526,
    0.24575132131576538,
    -0.8573096394538879,
    0.035502348095178604,
    -0.09485165029764175,
    -0.13379907608032227,
    0.017268899828195572
  ],
  "body_pose": [
    -0.22112248837947845,
    0.044375356286764145,
    0.24802637100219727,
    -0.24566295742988586,
    -0.12052134424448013,
    -0.14578968286514282,
    0.20456327497959137,
    0.013451449573040009,
    -0.030381595715880394,
    0.41534459590911865,
    0.006329846102744341,
    -0.029533544555306435,
    0.49641042947769165,
    -0.11391708254814148,
    0.055736932903528214,
    0.05894048884510994,
    -0.007290791720151901,
    -0.007716550957411528,
    -0.13994070887565613,
    0.11336103826761246,
    -0.06282518059015274,
    -0.21183805167675018,
    -0.17887285351753235,
    0.01922205090522766,
    -0.007658361457288265,
    -0.0024881360586732626,
    0.0040091355331242085,
    -0.015423023141920567,
    -0.005573882721364498,
    0.027758201584219933,
    -0.010229221545159817,
    0.0014824073296040297,
    0.0006746156141161919,
    0.1556280255317688,
    -0.019133415073156357,
    0.0387379415333271,
    0.044789209961891174,
    -0.17287763953208923,
    -0.2676752507686615,
    0.04305471107363701,
    0.18613511323928833,
    0.28486520051956177,
    0.16037560999393463,
    -0.04278862103819847,
    0.03721380978822708,
    0.15828992426395416,
    -0.3337130546569824,
    -0.5879630446434021,
    0.1869105100631714,
    0.2564530372619629,
    0.642695426940918,
    0.2302214801311493,
    -1.617026686668396,
    0.2063627690076828,
    0.21598170697689056,
    1.699898362159729,
    -0.20777475833892822,
    -0.0037370556965470314,
    -0.3353999853134155,
    0.4933314025402069,
    0.032160159200429916,
    0.36665427684783936,
    -0.5076563358306885
  ],
  "root_pose": [
    -3.008161783218384,
    -0.007531353738158941,
    0.004638524726033211
  ],
  "translation": [
    -0.013767482712864876,
    0.25564655661582947,
    38.6515007019043
  ],
  "jaw_pose": [
    0.014631555415689945,
    -0.005297721829265356,
    0.00487843994051218
  ],
  "left_hand_pose": [
    0.005895473528653383,
    0.03904201090335846,
    0.36018362641334534,
    -0.04130193964749154,
    0.05421872906152833,
    -0.008896179506373062,
    0.0632366664969708,
    0.02439959576199173,
    0.26203390751392813,
    0.1942799691067147,
    -0.11441780163482865,
    -0.2295106785559715,
    -0.27476683373641764,
    -0.007960743982572547,
    0.18680229347736635,
    0.011035530426156978,
    0.08979812625754431,
    0.282461950968955,
    -0.6699513650013611,
    0.2798709357222984,
    1.0136046061391222,
    -0.1674517717910852,
    0.0007189759381360242,
    0.45112901178591375,
    -0.3092843766609701,
    0.34444102121761666,
    0.16937661493324838,
    -0.01458409302908609,
    -0.18692301593561095,
    0.3007697529958423,
    -0.28404691846331287,
    -0.06106842294826701,
    0.07145294991335382,
    -0.15749786079087075,
    0.2673436812340176,
    0.27390048834555186,
    0.9704283877800571,
    0.09716029606472304,
    0.07789512168557375,
    -0.6970814555993524,
    0.279884105273648,
    0.19149272332172557,
    0.24566901525872314,
    -0.050015945105837296,
    0.11680848050912275
  ],
  "right_hand_pose": [
    -0.015226381830871105,
    0.06954124569892883,
    -0.5227677226066589,
    0.03727744890560697,
    0.03593023942373232,
    -0.16073409048415108,
    -0.009150106375649504,
    -0.0016043175701465264,
    0.06894217804301157,
    0.2796433861377774,
    0.007230546665055862,
    -0.33147269487427955,
    -0.300787679902279,
    0.018924540548026454,
    0.18027181974651688,
    -0.0007445226304215753,
    0.08027530867025097,
    0.2877665981457944,
    0.022611973195052846,
    -0.03472016798595359,
    0.29409368597121227,
    -0.10415226804103318,
    -0.023081293949012323,
    0.032395739720499125,
    -0.2613654690966401,
    0.2368468129197171,
    -0.035088969458236606,
    0.22008250274834668,
    -0.06635129196460314,
    -0.28179777616174384,
    -0.3565676149414136,
    -0.005667141585019268,
    0.13518717551154782,
    -0.16192209403945218,
    0.23418460685708506,
    0.37099952825396504,
    0.7467221129115271,
    0.0945023172628776,
    -0.09388593389132642,
    -0.6566799586380079,
    0.22561950342793488,
    0.23117019402273925,
    0.27005147189760387,
    -0.10703192738356654,
    0.1282155571146438
  ],
  "expression": [
    -0.1558540642261505,
    0.3382994771003723,
    0.005710540898144245,
    -0.41968549489974977,
    -0.4034085273742676,
    -0.14707144796848295,
    -0.2900153696537018,
    0.2511391997337341,
    -0.482197630405426,
    -0.24043022990226745
  ],
  "fusion_metadata": {
    "body_source": "SMPLest-X",
    "hand_source": "Hierarchical Composition",
    "expression_source": "EMOCA"
  }
}