{
  "betas": [
    -0.3157064914703369,
    0.18367530405521393,
    -0.12297371029853821,
    -0.6816292405128479,
    0.0852774828672409,
    -0.8325241804122925,
    -0.20919713377952576,
    -0.020338308066129684,
    -0.034358423203229904,
    0.12409763038158417
  ],
  "body_pose": [
    -0.19994987547397614,
    0.05395527929067612,
    0.2799004316329956,
    -0.17510643601417542,
    -0.11555779725313187,
    -0.10814286023378372,
    0.23001958429813385,
    0.027323033660650253,
    -0.06282416731119156,
    0.2827017903327942,
    0.03529106080532074,
    0.013505343347787857,
    0.3369210958480835,
    -0.1493718922138214,
    0.04596741124987602,
    0.06219267472624779,
    -0.006410516798496246,
    -0.01927490159869194,
    0.028598111122846603,
    0.08225534856319427,
    -0.13243453204631805,
    -0.09483547508716583,
    -0.15728957951068878,
    0.00948701798915863,
    0.006861197762191296,
    -0.00919165089726448,
    0.009091903455555439,
    -0.015787338837981224,
    0.0082465298473835,
    0.024511178955435753,
    -0.0042841373942792416,
    -0.013829240575432777,
    -0.015889912843704224,
    0.17583735287189484,
    -0.011954057961702347,
    0.12860357761383057,
    0.02679406851530075,
    -0.13349610567092896,
    -0.16730357706546783,
    0.04052406921982765,
    0.15553128719329834,
    0.24959596991539001,
    0.06301583349704742,
    -0.02692406252026558,
    -0.016161387786269188,
    0.0824117586016655,
    -0.4247351288795471,
    -0.9420361518859863,
    0.11122435331344604,
    0.39316630363464355,
    1.0943512916564941,
    0.06736981123685837,
    -1.6801836490631104,
    0.41191762685775757,
    -0.12151074409484863,
    1.6499942541122437,
    -0.1883467435836792,
    -0.25926774740219116,
    -0.1515037715435028,
    0.49014243483543396,
    -0.5711897611618042,
    0.012893576174974442,
    -0.2517646253108978
  ],
  "root_pose": [
    -3.0414745807647705,
    -0.02668922021985054,
    -0.02579309418797493
  ],
  "translation": [
    -0.05921117961406708,
    0.24441862106323242,
    38.7971305847168
  ],
  "jaw_pose": [
    0.020745158195495605,
    -0.0034982040524482727,
    0.004407986998558044
  ],
  "left_hand_pose": [
    -0.020411064848303795,
    -0.005084219854325056,
    0.5059691071510315,
    -0.0177108659569974,
    0.03410739563942802,
    -0.12310740794011615,
    0.05145951225124596,
    -0.013800749145593654,
    0.10895887917908849,
    0.29536999237367784,
    -0.05675085637164027,
    -0.28122105327295915,
    -0.23827362789664833,
    0.032053699334767274,
    0.17334331861112942,
    -0.047779878221732755,
    0.06528379479036582,
    0.23886896741674649,
    -0.4111139607296285,
    -0.09467134721363839,
    0.8746644104692797,
    0.23663756606397482,
    -0.02774502815708858,
    0.06315831869832204,
    -0.4576763601061359,
    0.05572302504224232,
    -0.42747868096501895,
    0.09959863674007086,
    -0.15762155728163701,
    0.02179512771046487,
    -0.2426406634882247,
    0.003809318123204712,
    0.0843967795388587,
    -0.1792019280205985,
    0.17482258847325485,
    0.24156370036571206,
    0.4789121994914236,
    0.2957175643983012,
    -0.167126861238751,
    -0.6115844770489334,
    0.2403303786323267,
    0.35435271164733395,
    0.3533052319042498,
    -0.20939228871196414,
    -0.11707217914553511
  ],
  "right_hand_pose": [
    0.007606614381074905,
    -0.030712347477674484,
    -0.4927320182323456,
    0.0,
    0.0,
    0.0,
    0.0,
    0.0,
    0.0,
    0.0,
    0.0,
    0.0,
    0.0,
    0.0,
    0.0,
    0.0,
    0.0,
    0.0,
    0.0,
    0.0,
    0.0,
    0.0,
    0.0,
    0.0,
    0.0,
    0.0,
    0.0,
    0.0,
    0.0,
    0.0,
    0.0,
    0.0,
    0.0,
    0.0,
    0.0,
    0.0,
    0.0,
    0.0,
    0.0,
    0.0,
    0.0,
    0.0,
    0.0,
    0.0,
    0.0
  ],
  "expression": [
    -0.16902945041656495,
    0.2963152348995209,
    0.052568913996219636,
    -0.23962372541427612,
    -0.3501228332519531,
    -0.23795156478881835,
    -0.294631415605545,
    0.12494688928127289,
    -0.40365307331085204,
    -0.12709796726703643
  ],
  "fusion_metadata": {
    "body_source": "SMPLest-X",
    "hand_source": "Hierarchical Composition",
    "expression_source": "EMOCA"
  }
}