{
  "focal_length": [
    25725.452105204266,
    25725.45051574707
  ],
  "principal_point": [
    797.3737182617188,
    630.4701442718506
  ],
  "camera_translation": [
    0.0069341231137514114,
    0.27913030982017517,
    40.97922897338867
  ],
  "detection_bbox": [
    587.0445556640625,
    81.66053771972656,
    1008.702880859375,
    1180.27978515625
  ]
}