{
  "focal_length": [
    24303.749402364097,
    24303.748607635498
  ],
  "principal_point": [
    772.1775817871094,
    615.5609617233276
  ],
  "camera_translation": [
    0.01493801362812519,
    0.2806625962257385,
    39.13874435424805
  ],
  "detection_bbox": [
    548.7987670898438,
    97.08099365234375,
    996.556396484375,
    1135.0408935546875
  ]
}