{
  "betas": [
    0.027571169659495354,
    0.27829158306121826,
    -0.10530020296573639,
    -0.5940841436386108,
    0.04516908898949623,
    -0.8976864218711853,
    0.005514446645975113,
    0.009390474297106266,
    -0.22092407941818237,
    -0.02468416653573513
  ],
  "body_pose": [
    0.03660903126001358,
    0.07205769419670105,
    0.17100544273853302,
    -0.0538177415728569,
    -0.12467673420906067,
    -0.15042340755462646,
    0.06361701339483261,
    -0.0037426326889544725,
    -0.020480504259467125,
    0.06775649636983871,
    -0.037544507533311844,
    0.014917301945388317,
    0.14884433150291443,
    -0.05325431004166603,
    -0.001550499233417213,
    0.06730916351079941,
    -0.011020761914551258,
    -0.003419589251279831,
    -0.029410434886813164,
    0.11767970770597458,
    -0.092336006462574,
    -0.028068743646144867,
    -0.20400184392929077,
    0.0657496452331543,
    -0.016451438888907433,
    -0.0035270340740680695,
    0.00620523514226079,
    -0.009623915888369083,
    0.00888966117054224,
    0.02391713112592697,
    -0.00201061530970037,
    -0.011827646754682064,
    -0.00787807535380125,
    0.08666890114545822,
    -0.026005033403635025,
    0.06972726434469223,
    0.05068007856607437,
    -0.1301204115152359,
    -0.284059077501297,
    0.018478302285075188,
    0.15587396919727325,
    0.24172966182231903,
    0.07803784310817719,
    -0.011411171406507492,
    0.023468416184186935,
    0.17474928498268127,
    -0.32450276613235474,
    -0.7317555546760559,
    0.10044418275356293,
    0.33572790026664734,
    0.713913083076477,
    0.2434646040201187,
    -1.3017492294311523,
    0.20324265956878662,
    0.21233601868152618,
    1.3409829139709473,
    -0.32148492336273193,
    0.20522868633270264,
    -0.2939220368862152,
    0.5510941743850708,
    0.37991830706596375,
    0.18476934731006622,
    -0.4821932017803192
  ],
  "root_pose": [
    -3.0146644115448,
    0.00446740910410881,
    0.04530148580670357
  ],
  "translation": [
    -0.004911972209811211,
    0.26425474882125854,
    39.74951171875
  ],
  "jaw_pose": [
    0.014343497343361378,
    -0.004851972218602896,
    0.0031182500533759594
  ],
  "left_hand_pose": [
    0.0033800355158746243,
    0.03980565071105957,
    0.32381656765937805,
    -0.016403675039407272,
    0.055558239587167414,
    -0.1747414823072296,
    0.1615687095637165,
    -0.006052146342481349,
    0.0651408736334999,
    0.18441888597040132,
    -0.00020525346751044322,
    0.27153411185955684,
    -0.2960562443616279,
    -0.07128072933345936,
    0.11724689335687814,
    0.06232553206473802,
    0.12495438494212048,
    0.14909205477542936,
    0.3228635318851107,
    -0.09027962469681922,
    0.24460991539812502,
    -0.2965244538351244,
    -0.08777752330711329,
    -0.060742108610079136,
    -0.1904548267266365,
    0.25045642889424047,
    0.04898814513047619,
    0.18881393661118046,
    -0.08214685902129037,
    0.4309134329130625,
    -0.37360028570048703,
    -0.020368423203128205,
    0.07389041221723501,
    -0.15112964044037164,
    0.25368338625421394,
    0.20236489027221602,
    0.3552609937220582,
    0.14377599828345813,
    -0.3692642995458704,
    -0.6308045793561704,
    0.07730718245068367,
    0.36203697428149423,
    0.3235649112291981,
    -0.19958891508129828,
    -0.14284895209202
  ],
  "right_hand_pose": [
    -0.02298157848417759,
    0.03467656299471855,
    -0.3100607097148895,
    0.049221834070554124,
    0.07344291727015474,
    -0.15010020695325177,
    0.15536338424719617,
    0.021167384151166105,
    -0.019064376812391884,
    0.2776764034456534,
    0.01368523874862591,
    0.19863621720961605,
    -0.30154890142601415,
    -0.017322754075681727,
    -0.08628437827267026,
    0.04520622683230756,
    0.10865733323318466,
    0.0767913442408823,
    0.3099765832901801,
    -0.08553155771577181,
    0.1932531492116071,
    -0.2035315998324198,
    -0.0917276940069489,
    -0.06971963125566721,
    -0.2087152095172147,
    0.2084744001385301,
    -0.09196391239733875,
    0.31174891151437034,
    -0.03321540323150671,
    0.06660999979535168,
    -0.346409434878134,
    -0.013743793804483713,
    -0.062327169332475875,
    -0.13629759549443024,
    0.2010772945476466,
    0.12520787540854236,
    0.28640828923254497,
    0.06641744447336746,
    -0.46793864178137023,
    -0.6623399403698529,
    0.0824784986443515,
    0.45750255615255664,
    0.3515114513573398,
    -0.09587410486575026,
    -0.2976953515147523
  ],
  "expression": [
    -0.1369047224521637,
    0.21968032121658324,
    0.026091856509447096,
    -0.24639816284179686,
    -0.07770566046237945,
    0.1430930972099304,
    -0.3904765248298645,
    0.5857407331466674,
    -0.34754487276077267,
    -0.27470984458923337
  ],
  "fusion_metadata": {
    "body_source": "SMPLest-X",
    "hand_source": "Hierarchical Composition",
    "expression_source": "EMOCA"
  }
}