{
  "focal_length": [
    18714.23880259196,
    18714.239597320557
  ],
  "principal_point": [
    655.4803771972656,
    760.5376586914062
  ],
  "camera_translation": [
    0.09113258123397827,
    0.08459363877773285,
    29.295988082885742
  ],
  "detection_bbox": [
    356.05255126953125,
    369.44580078125,
    955.908203125,
    1152.6295166015625
  ]
}