{
  "focal_length": [
    25880.58153788249,
    25880.579948425293
  ],
  "principal_point": [
    440.98351669311523,
    440.9003143310547
  ],
  "camera_translation": [
    -0.007293248549103737,
    0.620910108089447,
    31.491918563842773
  ],
  "detection_bbox": [
    26.894208908081055,
    66.62696075439453,
    856.0728149414062,
    816.1737060546875
  ]
}