{
  "betas": [
    -0.12880654633045197,
    0.3900149464607239,
    -0.15255707502365112,
    -0.5338972806930542,
    -0.09190380573272705,
    -0.7975656986236572,
    -0.004237744957208633,
    0.07998764514923096,
    -0.18503141403198242,
    -0.026539497077465057
  ],
  "body_pose": [
    0.03606265038251877,
    0.07767781615257263,
    0.18767470121383667,
    -0.04378600791096687,
    -0.14172987639904022,
    -0.14872349798679352,
    0.03198191151022911,
    0.010143556632101536,
    -0.032127030193805695,
    0.0625234916806221,
    -0.026824379339814186,
    0.00993276759982109,
    0.16816432774066925,
    -0.08059075474739075,
    0.008829417638480663,
    0.06936134397983551,
    -0.009903430007398129,
    -0.013205045834183693,
    -0.043398499488830566,
    0.13576765358448029,
    -0.08613724261522293,
    -0.055501390248537064,
    -0.22255998849868774,
    0.06435345113277435,
    0.0012149962130934,
    -0.004457875620573759,
    -0.0001563186087878421,
    -0.005251639056950808,
    0.009969690814614296,
    0.03050318919122219,
    -0.0066225361078977585,
    -0.016320807859301567,
    -0.015492194332182407,
    0.07162067294120789,
    -0.014521317556500435,
    0.06324192136526108,
    0.06511533260345459,
    -0.08911990374326706,
    -0.28390708565711975,
    0.061914775520563126,
    0.10730204731225967,
    0.27703484892845154,
    0.10060623288154602,
    -0.026612497866153717,
    -0.001900720875710249,
    0.21487902104854584,
    -0.29780757427215576,
    -0.742246150970459,
    0.21540246903896332,
    0.2932857871055603,
    0.7885919809341431,
    0.4592994451522827,
    -1.4509097337722778,
    0.3030799925327301,
    0.4761435091495514,
    1.5895873308181763,
    -0.4019893705844879,
    0.302409291267395,
    -0.21709418296813965,
    0.5131198167800903,
    0.352569580078125,
    0.14901818335056305,
    -0.46776092052459717
  ],
  "root_pose": [
    -3.0207769870758057,
    -0.006089347880333662,
    0.015794914215803146
  ],
  "translation": [
    -0.018280474469065666,
    0.26166021823883057,
    39.600643157958984
  ],
  "jaw_pose": [
    0.012891250662505627,
    -0.0069123525172472,
    0.002204036572948098
  ],
  "left_hand_pose": [
    -0.0018715516198426485,
    0.007215185556560755,
    0.21130621433258057,
    0.28755329850888994,
    0.1259658451740822,
    0.5406362573500324,
    -0.10144471700535815,
    0.1026473330238134,
    0.27667404317469535,
    -0.02683449149910987,
    0.04137142527598744,
    1.068341498404745,
    -0.25367590893254255,
    -0.06973001535091129,
    0.18188532435757862,
    0.03872327947156207,
    0.09751047839542208,
    0.29941192296602875,
    0.09143902153519655,
    0.2758374833494813,
    0.5993264992408666,
    -0.43881617645228405,
    -0.11246086972961111,
    0.02625282420235489,
    -0.07483327364924418,
    0.15995862507245603,
    0.14047222472832413,
    0.14692939720551085,
    0.14961223336580756,
    0.7996080017389182,
    -0.44387925140754486,
    -0.0007205033964684149,
    0.26153012565212463,
    -0.20460723738556919,
    0.1360546983032633,
    0.3183697608663973,
    0.3698700678974315,
    -0.22907524167446675,
    -0.5103538539239172,
    -0.637192525406712,
    0.01938315394107628,
    0.24272409386470334,
    0.2984541993240354,
    -0.10022382540692922,
    -0.11215685434800968
  ],
  "right_hand_pose": [
    -0.008679579943418503,
    -0.04278252273797989,
    -0.04325655847787857,
    0.11686686651226372,
    0.1376161689804489,
    0.7031115271188142,
    -0.045091596031979084,
    0.1224337912528515,
    0.555872910354155,
    0.15654288754876267,
    0.009098351320114148,
    0.24514575199098343,
    -0.3820506190217519,
    0.04200130946114165,
    0.8821036968317929,
    0.02514367495396693,
    0.1653846030639204,
    0.5191934666131072,
    0.29146043636162944,
    -0.02234162171149784,
    0.16715301161997256,
    -0.5028979186962255,
    0.050501558798052425,
    0.20925842908903464,
    -0.19615060307392407,
    0.2803090631823788,
    0.21122209059352265,
    0.17758298003698422,
    -0.011115752348383906,
    0.05090772570176388,
    -0.5074050165415765,
    0.10538455430495867,
    0.8155650257428769,
    -0.18916862439750876,
    0.30115386128098265,
    0.5760877808637495,
    0.3796763920264523,
    -0.12313397516988817,
    -0.4331497817468325,
    -0.5741815928522792,
    0.002378900566489605,
    0.36420298116183375,
    0.38639180453955563,
    -0.23844638137412738,
    -0.051076487172392576
  ],
  "expression": [
    -0.10327751040458678,
    0.31310741901397704,
    0.0218258835375309,
    -0.3382125020027161,
    -0.0945601612329483,
    0.3353903889656067,
    -0.3587522149085998,
    0.8012292623519898,
    -0.07461695373058319,
    0.05258014798164368
  ],
  "fusion_metadata": {
    "body_source": "SMPLest-X",
    "hand_source": "Hierarchical Composition",
    "expression_source": "EMOCA"
  }
}