{
  "betas": [
    0.3864649832248688,
    0.43554067611694336,
    -0.2583405077457428,
    -0.512214183807373,
    -0.24875548481941223,
    -0.8725098371505737,
    -0.16406182944774628,
    0.08945296704769135,
    0.027186986058950424,
    -0.11974093317985535
  ],
  "body_pose": [
    -0.45533856749534607,
    0.0640140026807785,
    0.3057483434677124,
    -0.10668835788965225,
    -0.08701881021261215,
    -0.050946492701768875,
    0.17511819303035736,
    0.027759142220020294,
    -0.038858380168676376,
    2.0740411281585693,
    0.031192272901535034,
    -0.47802120447158813,
    0.3798564672470093,
    -0.14984411001205444,
    0.06110961362719536,
    0.01772945560514927,
    -0.020907415077090263,
    -0.007029939442873001,
    -0.22632892429828644,
    0.10985593497753143,
    -0.05151629075407982,
    -0.2344718724489212,
    -0.1372983753681183,
    -0.10210543870925903,
    0.011609967797994614,
    -0.017930664122104645,
    0.023601658642292023,
    -0.044147029519081116,
    0.010883980430662632,
    -0.006828917656093836,
    -0.009120490401983261,
    -0.013818556442856789,
    -0.033611565828323364,
    0.008853603154420853,
    0.00403692526742816,
    0.11440182477235794,
    0.13170692324638367,
    0.08090183883905411,
    -0.1639017015695572,
    -0.03942843899130821,
    0.03564000502228737,
    0.23254111409187317,
    -0.25594446063041687,
    0.052669260650873184,
    -0.1037454754114151,
    0.3045501708984375,
    0.01646485924720764,
    -0.8580873608589172,
    -0.1227375715970993,
    0.2642105221748352,
    0.9718661904335022,
    0.21369045972824097,
    -1.5279920101165771,
    0.11717446148395538,
    -0.37374258041381836,
    2.03375244140625,
    -0.3884322941303253,
    -0.0973014235496521,
    -0.23045268654823303,
    -0.01485813781619072,
    -0.489633709192276,
    0.13746610283851624,
    -0.293235719203949
  ],
  "root_pose": [
    -3.0438084602355957,
    0.06974383443593979,
    0.017555050551891327
  ],
  "translation": [
    0.04218363016843796,
    0.29127371311187744,
    39.13103103637695
  ],
  "jaw_pose": [
    -0.0006622489308938384,
    -0.0031168186105787754,
    -0.00016543909441679716
  ],
  "left_hand_pose": [
    -0.008786218240857124,
    0.034151025116443634,
    0.04934164881706238,
    0.11312161522782506,
    0.12394204765675099,
    0.11398194731107084,
    -0.029802125996897542,
    0.02980871800050971,
    -0.003496728828452842,
    -0.008983914573899417,
    -0.019168843214203084,
    0.629165763610771,
    -0.21331004628394482,
    -0.05547405452553123,
    0.29356709504407186,
    0.03644506688023363,
    0.13650815559934631,
    0.22124118486307467,
    -0.4556053712972912,
    0.43678966922697315,
    0.5683857212969275,
    -0.08561624316200359,
    -0.1373594111351894,
    0.33547974115075885,
    -0.41423355345450064,
    0.030654344352879042,
    0.03216767132678367,
    -0.039328525767307,
    0.12319807006145597,
    0.581616006452607,
    -0.3464333582618411,
    -0.03717836712147932,
    0.4090517653155594,
    -0.19035774615427228,
    0.20983277330308855,
    0.3127015000011365,
    1.258339962079611,
    -0.5921134741221435,
    0.1358826630435141,
    -0.7458942784367433,
    0.20694865136002966,
    0.12807657703264919,
    0.26709292422634806,
    0.31100001958083906,
    -0.090447415523754
  ],
  "right_hand_pose": [
    0.0007451691781170666,
    0.03275730460882187,
    -0.27110743522644043,
    0.03050815405221596,
    0.06210151387061902,
    0.4477501149583652,
    0.026323484166397456,
    0.030758103627624628,
    0.23221679606434567,
    0.02876899540465887,
    -0.07140661560215093,
    0.33831205922400986,
    -0.24325665102205732,
    -0.04335381799804183,
    0.5679759891552898,
    -0.029910324665105154,
    0.11487972562352398,
    0.4140651031806256,
    -0.6312355311090925,
    0.3654740625837609,
    0.9379282529902411,
    -0.07192040755150284,
    0.03144673282177832,
    0.5350494508472171,
    -0.6189373665869522,
    0.10363075271073437,
    -0.016079575216841353,
    -0.09956933432111092,
    -0.003952881859655691,
    0.6109707195292141,
    -0.39012353587009935,
    0.025441480230790986,
    0.6730111905466449,
    -0.21437945984056134,
    0.2219702035411851,
    0.5652021708868259,
    0.800629028821261,
    -0.09043099759697315,
    -0.09844929978183521,
    -0.6003386754966662,
    -0.03058492753321539,
    0.269603613658598,
    0.5923706671945836,
    -0.31411357459559,
    0.2108731663500545
  ],
  "expression": [
    0.0018079720437526702,
    0.5179364919662476,
    -0.06629411727190017,
    -0.04003240317106247,
    -0.36933413743972776,
    0.07532252669334412,
    -0.8229743957519531,
    0.5569662809371948,
    0.3530846357345581,
    -0.063161963224411
  ],
  "fusion_metadata": {
    "body_source": "SMPLest-X",
    "hand_source": "Hierarchical Composition",
    "expression_source": "EMOCA"
  }
}