{
  "focal_length": [
    25171.10824584961,
    25171.10824584961
  ],
  "principal_point": [
    714.6172485351562,
    660.6184387207031
  ],
  "camera_translation": [
    0.07545824348926544,
    0.2241637110710144,
    40.241615295410156
  ],
  "detection_bbox": [
    449.50628662109375,
    123.63479614257812,
    980.7282104492188,
    1198.60205078125
  ]
}