{
  "focal_length": [
    25414.287249247234,
    25414.28565979004
  ],
  "principal_point": [
    726.4102478027344,
    629.2692012786865
  ],
  "camera_translation": [
    0.02624562941491604,
    0.26355642080307007,
    41.29218292236328
  ],
  "detection_bbox": [
    502.4892883300781,
    87.0977783203125,
    951.3311767578125,
    1172.440673828125
  ]
}