{
  "focal_length": [
    25163.952509562176,
    25163.95330429077
  ],
  "principal_point": [
    786.75927734375,
    651.7034425735474
  ],
  "camera_translation": [
    -0.05538823455572128,
    0.23846974968910217,
    37.54448699951172
  ],
  "detection_bbox": [
    584.5142822265625,
    114.8724365234375,
    990.0042724609375,
    1189.534423828125
  ]
}