{
  "betas": [
    -0.4282568395137787,
    0.016971778124570847,
    -0.5286393761634827,
    -0.8860471248626709,
    -0.11005491763353348,
    -0.7395601272583008,
    -0.19254030287265778,
    -0.07024405151605606,
    0.07904881983995438,
    0.10236873477697372
  ],
  "body_pose": [
    -0.24340538680553436,
    0.0720234289765358,
    0.23151089251041412,
    -0.38821497559547424,
    -0.1540166735649109,
    -0.23599199950695038,
    0.37205076217651367,
    0.0005411810707300901,
    0.005642514675855637,
    0.3526599109172821,
    0.036387354135513306,
    -0.03640161082148552,
    0.4751652479171753,
    -0.14978928864002228,
    0.0575348436832428,
    -0.034770648926496506,
    0.000612279400229454,
    0.02374693565070629,
    -0.020260663703083992,
    0.14050133526325226,
    -0.0365510918200016,
    -0.017598861828446388,
    -0.1772278994321823,
    0.06635637581348419,
    -0.03207358345389366,
    0.003147255862131715,
    0.032108426094055176,
    -0.032266613095998764,
    0.01003334205597639,
    0.00646055256947875,
    -0.021702606230974197,
    0.007807438261806965,
    -0.007917317561805248,
    0.19826950132846832,
    -0.03266993165016174,
    0.07321806252002716,
    -0.16050434112548828,
    -0.5697206258773804,
    0.05847366899251938,
    -0.10092749446630478,
    0.5911291241645813,
    0.08453141152858734,
    -0.021123798564076424,
    -0.009283277206122875,
    -0.018656058236956596,
    -0.13241128623485565,
    -0.8038008809089661,
    -0.8522546291351318,
    -0.27952393889427185,
    0.7152813076972961,
    0.8299568295478821,
    -0.14441658556461334,
    -0.6538034081459045,
    0.08898726105690002,
    -0.3769066035747528,
    0.4025188982486725,
    -0.18501056730747223,
    -0.8831571340560913,
    -0.04011963680386543,
    0.24004697799682617,
    -0.7242740988731384,
    -0.06025797501206398,
    -0.2563948929309845
  ],
  "root_pose": [
    -3.008408308029175,
    0.0747997909784317,
    -0.04242841899394989
  ],
  "translation": [
    -0.036037132143974304,
    0.25871139764785767,
    36.940181732177734
  ],
  "jaw_pose": [
    0.013090193271636963,
    -0.0014724819920957088,
    0.0003176257014274597
  ],
  "left_hand_pose": [
    -0.017215030267834663,
    0.06061914935708046,
    0.25479230284690857,
    0.011861663003662551,
    0.02702049702861194,
    -0.2914517286718093,
    0.0770575886253517,
    -0.002133633505445551,
    0.03729174944410031,
    0.3346689143808216,
    0.05992738255845726,
    -0.20333766207005025,
    -0.28091633681507905,
    -0.0607486264951726,
    -0.19069464155530094,
    0.05332955913660904,
    0.04855712315516179,
    0.1460493339229988,
    0.15718876143337893,
    -0.31611356315694417,
    0.3273301914356695,
    -0.07605506374690925,
    -0.05973091077713344,
    -0.10074963231586954,
    -0.17113248628537125,
    0.19360826895601438,
    -0.08261854356130238,
    0.3156137372293629,
    -0.08955762493135758,
    -0.08413194141516822,
    -0.31457485818163083,
    -0.032846367075386226,
    -0.20286360103593337,
    -0.07677711185336299,
    0.1626597477037023,
    0.15247285206818972,
    0.28999092903991647,
    -0.012697703233562042,
    -0.47641047579799634,
    -0.6385043518518418,
    0.09019108255706032,
    0.210111743940563,
    0.25594200798288697,
    -0.06892614792319034,
    -0.14474485692679637
  ],
  "right_hand_pose": [
    -0.029998838901519775,
    0.01907961070537567,
    -0.4420900344848633,
    0.002392358355371708,
    0.02562713869145415,
    -0.20669663050875506,
    0.08220375773413041,
    0.008136940749880514,
    0.072043924254463,
    0.2896602521002897,
    0.07834938183358815,
    -0.04667971584009716,
    -0.2618154643131114,
    -0.0408918328342574,
    -0.1928130625414956,
    0.032215475181740505,
    0.07549840045775658,
    0.11514747829467123,
    0.08803332969724843,
    -0.28803266728124155,
    0.3150332501952151,
    0.028712866460276185,
    -0.10517350392635869,
    -0.08334164397732918,
    -0.2586283103156782,
    0.16456766712468973,
    -0.14272417724110903,
    0.2879687953481391,
    -0.05753524134901592,
    -0.04532681596182874,
    -0.2774316667784119,
    -0.05618150609074465,
    -0.1820667480398332,
    -0.1413695381259825,
    0.19312175608574547,
    0.14818092379020137,
    0.5548686163407537,
    0.16395275794069483,
    -0.24334577756931808,
    -0.6314587087619349,
    0.17831374459220267,
    0.23908732544805464,
    0.3054205864606019,
    -0.05478126563612919,
    0.02275334593471029
  ],
  "expression": [
    -0.08206292688846588,
    0.43957092761993405,
    -0.12338266074657439,
    -0.36644822359085083,
    -0.5658328771591187,
    -0.2614957273006439,
    -0.39955601692199705,
    0.0636994868516922,
    -0.5394293904304505,
    -0.07392443418502807
  ],
  "fusion_metadata": {
    "body_source": "SMPLest-X",
    "hand_source": "Hierarchical Composition",
    "expression_source": "EMOCA"
  }
}