{
  "betas": [
    0.6079559922218323,
    0.27744588255882263,
    -0.3315425217151642,
    -0.39948534965515137,
    0.039675433188676834,
    -0.5688212513923645,
    0.05344514548778534,
    -0.177943155169487,
    -0.026290489360690117,
    -0.054837554693222046
  ],
  "body_pose": [
    -0.36837178468704224,
    0.05449610948562622,
    0.21206776797771454,
    -0.30859774351119995,
    -0.08335623145103455,
    -0.1014280915260315,
    0.2960366904735565,
    0.021371232345700264,
    -0.03215634077787399,
    0.7524349689483643,
    0.036161527037620544,
    -0.05460425838828087,
    0.6935702562332153,
    -0.07378111034631729,
    0.10299724340438843,
    -0.036192283034324646,
    0.00024402327835559845,
    -0.020876748487353325,
    -0.17465443909168243,
    0.20432911813259125,
    -0.11563523858785629,
    -0.3624860942363739,
    -0.21536695957183838,
    -0.15208597481250763,
    0.029186677187681198,
    0.00021521738381125033,
    0.001452095340937376,
    -0.015314042568206787,
    -0.007463374640792608,
    0.008829351514577866,
    -0.01684374362230301,
    -0.009259392507374287,
    0.0017533873906359076,
    0.10933474451303482,
    0.09369559586048126,
    0.12635646760463715,
    -0.05508745461702347,
    -0.06123020499944687,
    -0.15295447409152985,
    0.027746712788939476,
    0.0586586557328701,
    0.13553909957408905,
    -0.0020215031690895557,
    0.16021694242954254,
    -0.0826481357216835,
    -0.08791624754667282,
    -0.17047487199306488,
    -0.5808553695678711,
    0.1083713099360466,
    0.13051968812942505,
    0.6030979156494141,
    -0.26473450660705566,
    -0.8911718130111694,
    0.14270856976509094,
    0.2626703977584839,
    1.0814368724822998,
    -0.1831105798482895,
    -0.20772509276866913,
    -0.1037442609667778,
    0.32441025972366333,
    0.2105579525232315,
    0.1057969331741333,
    -0.09630808234214783
  ],
  "root_pose": [
    -3.022291660308838,
    -0.01213793270289898,
    0.27198466658592224
  ],
  "translation": [
    -0.012216383591294289,
    0.28426626324653625,
    38.61869430541992
  ],
  "jaw_pose": [
    0.01714492030441761,
    -0.002064457396045327,
    -0.0032853728625923395
  ],
  "left_hand_pose": [
    0.004379845689982176,
    0.07003316283226013,
    -0.07495912164449692,
    0.14754464159927885,
    0.15844543051919524,
    0.9104394589274076,
    -0.05603684586950968,
    0.12043674569253957,
    0.5605452088524936,
    0.007279953242151676,
    -0.13898778169295467,
    0.5168067080448915,
    -0.31284834217984603,
    -0.10896921083406788,
    1.1018287893194971,
    0.025354925505681847,
    0.1384758288282757,
    0.5364065318465396,
    -0.08955778940179238,
    0.3987047372354954,
    0.4042978104362517,
    -0.7054731696805351,
    -0.0857524905018545,
    0.5990167926563764,
    -0.2612296758804475,
    0.1392200709917286,
    0.477716984965597,
    0.08643668896753219,
    0.004000726927288708,
    0.41762241084730634,
    -0.4706154773615842,
    -0.0007933287284995342,
    0.9657061673803521,
    -0.26551815249693145,
    0.23198392905528495,
    0.5766280376138935,
    1.1419503960230286,
    -0.6317783527747305,
    -0.10878659553703103,
    -0.6754648124863601,
    -0.03694360948360673,
    0.14616299929222137,
    0.5963751955787336,
    0.09076958623170278,
    0.6513564298096371
  ],
  "right_hand_pose": [
    -0.013571865856647491,
    -0.028951114043593407,
    -0.025476990267634392,
    0.15755599829113284,
    0.11461423975805833,
    0.4431995073784689,
    -0.05659189990754306,
    0.07399334888637785,
    0.2822123050670943,
    -0.08626435496963174,
    0.03499878103718581,
    0.8234652235250801,
    -0.22556338405719897,
    -0.06808029701993375,
    0.3998078112847152,
    0.02894221613253669,
    0.11759711223951068,
    0.38008691909239223,
    -0.05263466809725014,
    0.32166239270818175,
    0.39457961289283855,
    -0.12946314590422917,
    -0.06307199550430381,
    0.1836839012887431,
    -0.47165539762174563,
    0.09631483506494949,
    -0.14466946596363603,
    0.06331299961265027,
    0.2361277212431473,
    0.6595648153345928,
    -0.41144325955287286,
    0.042129474192879886,
    0.35463307976391156,
    -0.2246305531383314,
    0.15842248623085206,
    0.41026552255010557,
    1.0310763303777926,
    -0.37049124313289655,
    0.0308782596801435,
    -0.6545733533676638,
    0.06184600931795593,
    0.22070918190599084,
    0.2807597071257858,
    0.22654689079818754,
    -0.16857947514767307
  ],
  "expression": [
    -0.16254917979240416,
    0.27084918022155763,
    -0.054221194982528684,
    -0.06432367712259292,
    -0.4303002119064331,
    -0.27509506344795226,
    -0.22433581352233886,
    0.33407059907913206,
    -0.5391485452651977,
    -0.3526241898536682
  ],
  "fusion_metadata": {
    "body_source": "SMPLest-X",
    "hand_source": "Hierarchical Composition",
    "expression_source": "EMOCA"
  }
}