{
  "focal_length": [
    25120.600064595543,
    25120.599269866943
  ],
  "principal_point": [
    741.8357238769531,
    637.9593381881714
  ],
  "camera_translation": [
    -0.05812162905931473,
    0.25724804401397705,
    38.50931930541992
  ],
  "detection_bbox": [
    554.1998901367188,
    102.05322265625,
    930.4715576171875,
    1174.865478515625
  ]
}