{
  "betas": [
    0.15630380809307098,
    0.3606456518173218,
    -0.026210997253656387,
    -0.7672460675239563,
    0.19476650655269623,
    -0.7896332144737244,
    0.0011732839047908783,
    0.053321048617362976,
    -0.22131682932376862,
    0.02297372929751873
  ],
  "body_pose": [
    -0.28460395336151123,
    0.02874254249036312,
    0.23637129366397858,
    -0.30684250593185425,
    -0.1337280422449112,
    -0.14444516599178314,
    0.24062952399253845,
    0.026400193572044373,
    -0.039120085537433624,
    0.36173582077026367,
    -0.0034690890461206436,
    -0.03237699344754219,
    0.4940296709537506,
    -0.12936438620090485,
    0.06671164929866791,
    0.04643246531486511,
    -0.007243027910590172,
    -0.0008202046738006175,
    -0.08755745738744736,
    0.09999777376651764,
    -0.0764879658818245,
    -0.15414102375507355,
    -0.1756521463394165,
    0.08570713549852371,
    0.02221718057990074,
    -0.007226766087114811,
    0.01840672828257084,
    -0.015087894164025784,
    -0.004536238498985767,
    0.03174665570259094,
    -0.00353485275991261,
    0.004033014643937349,
    -0.016401803120970726,
    0.16081875562667847,
    0.009321783669292927,
    0.04319807142019272,
    -0.0007449231343343854,
    -0.26300087571144104,
    0.023141102865338326,
    -0.004242818336933851,
    0.2770439684391022,
    0.14010675251483917,
    0.06590769439935684,
    -0.07478565722703934,
    0.06762426346540451,
    0.16675738990306854,
    -0.3823341131210327,
    -0.3026830852031708,
    0.2212131768465042,
    0.3167825937271118,
    0.6101895570755005,
    0.4190900921821594,
    -1.849534034729004,
    0.16938556730747223,
    0.3089357018470764,
    1.9081755876541138,
    -0.12318126112222672,
    0.1304595023393631,
    -0.28997093439102173,
    0.1384359747171402,
    -0.22663575410842896,
    0.18036772310733795,
    -0.07357250899076462
  ],
  "root_pose": [
    -2.9795658588409424,
    0.013896467164158821,
    -0.04232027009129524
  ],
  "translation": [
    -0.033214472234249115,
    0.24995192885398865,
    39.13196563720703
  ],
  "jaw_pose": [
    0.012398689985275269,
    -0.004988591652363539,
    0.005647127516567707
  ],
  "left_hand_pose": [
    0.02715885452926159,
    0.059080857783555984,
    0.18070261180400848,
    0.09982018355060776,
    0.17330579881276326,
    0.8693294910200302,
    -0.18486288404493015,
    0.4042792704530844,
    0.6876013604227611,
    -0.09718106939428596,
    -0.056281809377935484,
    0.6278982782143757,
    -0.3205144066113416,
    -0.07771854568480704,
    1.1433294567955794,
    0.019232884192781362,
    0.31731332027554104,
    0.7289311573176888,
    -0.8571864723557732,
    0.3683417544249384,
    1.2627059228424935,
    -0.585533961262722,
    0.12311683080765878,
    0.8781324837381844,
    -0.3986402600777083,
    0.2775824404970655,
    0.43882227070728796,
    -0.202663351863074,
    0.0017022808788913176,
    1.1074647210960173,
    -0.568850417637534,
    0.15222416726001475,
    1.1047669708746044,
    -0.2683245669284927,
    0.3669551570364073,
    0.6870514203697475,
    0.959462778061143,
    -0.4057258295525895,
    -0.36247138638818116,
    -0.6242683654935626,
    -0.14512124508301016,
    0.3150442743805116,
    0.465502795528852,
    -0.1694740623860461,
    0.6961927379249144
  ],
  "right_hand_pose": [
    0.011483808979392052,
    -0.07086734473705292,
    -0.25900840759277344,
    0.08535432248478234,
    0.10685795658126254,
    0.32172549598798045,
    0.09903083278304727,
    0.0990839644589558,
    0.6101208456482009,
    0.05715835346435141,
    -0.1673815979470081,
    0.5150173252359821,
    -0.35177273136869674,
    -0.006111952023245471,
    1.1260496696630191,
    0.01329663150673071,
    0.019230637658479766,
    0.5661334542603312,
    -0.6224881260301468,
    0.452125280597751,
    1.3190240645942957,
    -0.4337516677689966,
    -0.04906043679582177,
    0.5880120447155862,
    -0.14408953283157552,
    0.07686019653613808,
    0.42700554476514624,
    -0.12367878223793025,
    -0.013595458230503382,
    1.1746130761958782,
    -0.5224966552739039,
    0.03878614753595022,
    0.8893912415902565,
    -0.15859272410278907,
    0.10053451557982138,
    0.43881048536582196,
    0.6304095465600839,
    0.12373285716716032,
    -0.23419481195257347,
    -0.5818533728452326,
    0.017168310426868783,
    0.302137241197967,
    0.5171691362568529,
    -0.3992836195554116,
    0.2402230106290722
  ],
  "expression": [
    -0.06745433807373047,
    0.46126327514648435,
    0.006535338051617145,
    -0.3975149989128113,
    -0.3762828469276428,
    -0.20760258436203002,
    -0.3780384063720703,
    0.1998554527759552,
    -0.5539461493492126,
    -0.05549962520599365
  ],
  "fusion_metadata": {
    "body_source": "SMPLest-X",
    "hand_source": "Hierarchical Composition",
    "expression_source": "EMOCA"
  }
}