{
  "betas": [
    -0.06447228789329529,
    -0.0003317026421427727,
    -0.2820884585380554,
    -0.6050248146057129,
    0.1981619894504547,
    -0.6688476204872131,
    -0.009225554764270782,
    0.014361697249114513,
    -0.08061535656452179,
    0.021967412903904915
  ],
  "body_pose": [
    -0.21153217554092407,
    0.03914189338684082,
    0.2697135806083679,
    -0.17687861621379852,
    -0.16814318299293518,
    -0.11153341829776764,
    0.17160066962242126,
    0.023488936945796013,
    -0.03917159512639046,
    0.33961766958236694,
    0.007548963651061058,
    -0.02207868918776512,
    0.37878888845443726,
    -0.144133061170578,
    0.04845592752099037,
    0.04778112471103668,
    -0.01189217995852232,
    0.01907992549240589,
    -0.09328225255012512,
    0.11542712152004242,
    -0.07543884217739105,
    -0.17196525633335114,
    -0.17440536618232727,
    0.06963179260492325,
    0.020192043855786324,
    -0.017037928104400635,
    0.035273756831884384,
    -0.02296191081404686,
    -0.004028927534818649,
    0.03136846795678139,
    -0.002402488375082612,
    0.017192404717206955,
    -0.006054901517927647,
    0.18781541287899017,
    0.0022667953744530678,
    0.038065291941165924,
    0.021682484075427055,
    -0.2540980279445648,
    0.010975120589137077,
    -0.0006455620750784874,
    0.23558089137077332,
    0.24544073641300201,
    0.15922510623931885,
    -0.11256283521652222,
    0.10420244187116623,
    0.12431332468986511,
    -0.4558611810207367,
    -0.30855000019073486,
    0.12412066757678986,
    0.2979215085506439,
    0.7815389037132263,
    0.3925514817237854,
    -1.7833399772644043,
    0.1410979926586151,
    0.07526906579732895,
    1.6806644201278687,
    -0.1198655441403389,
    0.13099922239780426,
    -0.35077741742134094,
    0.3319041132926941,
    -0.475523978471756,
    0.18201851844787598,
    -0.36372658610343933
  ],
  "root_pose": [
    -3.0058586597442627,
    -0.02503306418657303,
    -0.0667542889714241
  ],
  "translation": [
    -0.07153453677892685,
    0.25552114844322205,
    39.81026840209961
  ],
  "jaw_pose": [
    0.011982418596744537,
    -0.006490635219961405,
    0.00714342575520277
  ],
  "left_hand_pose": [
    0.012161655351519585,
    0.027354411780834198,
    0.2601759135723114,
    0.018206856300882788,
    0.1480885639790133,
    0.8553225986164674,
    -0.004924316020245374,
    0.24057278339711521,
    0.8334110200170486,
    0.10339481552653351,
    -0.08255228968453722,
    0.020439681376977735,
    -0.3272312773029635,
    0.02019386536265238,
    1.3096520920348738,
    -0.037304573080337536,
    0.33600583111619464,
    1.1507444834587326,
    -0.3591970926234645,
    0.363470442342366,
    0.7365291066607138,
    -0.6193909010169258,
    0.1314540193958416,
    0.7987333641900528,
    -0.48230915730684326,
    0.4490828874779306,
    0.8443603247127051,
    -0.0017990080683988503,
    0.04151105186030613,
    0.34354228468617415,
    -0.5035289827122086,
    0.10089921175088361,
    1.2094068811684937,
    -0.3855934601990276,
    0.4288468418198747,
    1.2421534964536838,
    0.9412466803775623,
    0.1593289045658302,
    -0.02897329164611147,
    -0.6490368468901124,
    0.10217925661189643,
    0.21915690798634935,
    0.413454202145676,
    -0.47045277649989464,
    0.3508371280542729
  ],
  "right_hand_pose": [
    0.01242480706423521,
    -0.08836272358894348,
    -0.17473337054252625,
    0.19159071704979902,
    0.21652484032089606,
    1.3715403580846963,
    0.015549124671203096,
    0.22983993486269608,
    0.9953669377173534,
    -0.015393876908586514,
    -0.23144859054643685,
    0.7502482039432607,
    -0.2729711608067369,
    0.13834813136158752,
    1.450438868120408,
    -0.07449828213072536,
    0.04022055873012092,
    1.0326058112360872,
    -0.09774528336464466,
    0.12675829422496407,
    0.5609949776464682,
    -0.9608889974816324,
    0.32208919303387307,
    1.0080791721087152,
    -0.563603016883377,
    0.18720432614600083,
    1.013803529436339,
    0.044211292693862876,
    -0.11851416448868148,
    0.6862176954777932,
    -0.5252016501641732,
    0.3628007500606926,
    1.4239039133343816,
    -0.3560187602324765,
    0.0712148469518885,
    1.0540156793100413,
    0.6794061198025947,
    0.17977677527334784,
    -0.10588196739601033,
    -0.3924234010776794,
    -0.1167594092281497,
    0.3543406015447085,
    0.6818987964719297,
    -0.5040997280152055,
    0.20752957648346504
  ],
  "expression": [
    -0.1975255250930786,
    0.3834221363067627,
    0.01340646743774414,
    -0.38091219663619996,
    -0.35974448919296265,
    -0.19923030138015746,
    -0.3700856208801269,
    0.2166314721107483,
    -0.54532470703125,
    -0.2461260437965393
  ],
  "fusion_metadata": {
    "body_source": "SMPLest-X",
    "hand_source": "Hierarchical Composition",
    "expression_source": "EMOCA"
  }
}