{
  "focal_length": [
    25886.90757751465,
    25886.90757751465
  ],
  "principal_point": [
    782.4583435058594,
    638.6459350585938
  ],
  "camera_translation": [
    -0.0012155268341302872,
    0.2648594379425049,
    40.61531448364258
  ],
  "detection_bbox": [
    472.1458435058594,
    86.39190673828125,
    1093.7708740234375,
    1191.89990234375
  ]
}