{
  "betas": [
    0.5959413051605225,
    0.8369393944740295,
    -0.08761079609394073,
    -0.5809348821640015,
    -0.02427605912089348,
    -0.8112704157829285,
    0.07843302190303802,
    0.017921708524227142,
    0.038578543812036514,
    -0.08675352483987808
  ],
  "body_pose": [
    -0.009162511676549911,
    0.09348750859498978,
    0.16106891632080078,
    -0.03765913471579552,
    -0.12690037488937378,
    -0.10532759130001068,
    0.09210533648729324,
    0.010336915962398052,
    -0.03899216279387474,
    0.07994471490383148,
    -0.05510338023304939,
    0.02497941628098488,
    0.13016383349895477,
    -0.013154796324670315,
    0.005386893171817064,
    -0.11866568773984909,
    -0.007587038446217775,
    -0.018691057339310646,
    0.025979310274124146,
    0.12161743640899658,
    -0.12987573444843292,
    -0.039316654205322266,
    -0.17481137812137604,
    0.07747327536344528,
    0.07332519441843033,
    -5.277070522424765e-05,
    0.0019877473823726177,
    -0.0007910344866104424,
    0.008802865631878376,
    0.008630193769931793,
    0.016732681542634964,
    -0.005096652545034885,
    -0.03146548569202423,
    0.03810390830039978,
    -0.010356071405112743,
    0.09811169654130936,
    -0.17126275599002838,
    0.055373415350914,
    0.09953498095273972,
    -0.1290435642004013,
    -0.027929481118917465,
    0.035221926867961884,
    0.008623476140201092,
    -0.01072158757597208,
    -0.038164641708135605,
    -0.28088274598121643,
    -0.19633743166923523,
    -0.32668688893318176,
    -0.25917670130729675,
    0.16219601035118103,
    0.35352590680122375,
    -0.34082576632499695,
    -1.536380410194397,
    0.765723466873169,
    -0.4140480160713196,
    1.6905831098556519,
    -0.7310289740562439,
    -0.0882861539721489,
    -0.17185789346694946,
    0.5915341377258301,
    -0.22084401547908783,
    0.17906248569488525,
    -0.421425461769104
  ],
  "root_pose": [
    -2.968653678894043,
    -0.007794416043907404,
    -0.06979618221521378
  ],
  "translation": [
    -0.005171181634068489,
    0.26331469416618347,
    40.735557556152344
  ],
  "jaw_pose": [
    0.012015363201498985,
    -0.005377897527068853,
    0.0003769062168430537
  ],
  "left_hand_pose": [
    0.005160926375538111,
    0.0596550889313221,
    0.3097502887248993,
    0.12158490576088027,
    0.042375452451499214,
    0.20082246585373625,
    -0.02369291563971784,
    -0.006328373292165028,
    0.00629529337173924,
    -0.05572194999849488,
    -0.13287598529873176,
    0.9925169450990724,
    -0.2324221960093818,
    -0.06829953816522306,
    0.15410032995226794,
    0.027622110591754345,
    0.10940701247958666,
    0.124671052041478,
    0.05710234427234339,
    -0.019719247827669536,
    0.3435768904474648,
    -0.056550121911113395,
    -0.07758902656648611,
    -0.0008484711590288622,
    -0.29954862352701334,
    0.13160950138012947,
    -0.1839702220227114,
    0.17628684293518126,
    -0.032076827703947756,
    0.4316204818150292,
    -0.3226235299986056,
    0.025748532032166652,
    0.07222289910152073,
    -0.20108579754595127,
    0.17171652024673803,
    0.17645974486180158,
    0.8476010981540284,
    -0.07681703748961334,
    -0.039573033771754855,
    -0.5800297594673253,
    -0.0680996944513001,
    0.30854057252851047,
    0.3754148508586318,
    0.06217486005437263,
    0.050506498561372994
  ],
  "right_hand_pose": [
    0.0007403052877634764,
    -0.026092732325196266,
    -0.07989254593849182,
    -0.02174756727096337,
    0.018003771904274327,
    -0.14784602498579336,
    0.11163167946986544,
    -0.03078685012139007,
    0.003367356827350508,
    0.18245792507412892,
    -0.20257642695024758,
    0.18129331202795235,
    -0.20940864178753604,
    -0.039235495840241025,
    -0.17965774246851635,
    -0.010245963440731504,
    0.0534926469176716,
    0.03801210269690164,
    -1.0034173342585062,
    0.44295806302904994,
    1.5512056727892412,
    -0.25715573323709356,
    0.07890183027590686,
    0.6586800286861085,
    -0.48205718415365845,
    0.20391884978607513,
    -0.007108918891698249,
    -0.25311326207698687,
    -0.043852391724511844,
    1.3864132229028512,
    -0.3455045864141162,
    0.009448476854067847,
    0.28356799985414416,
    -0.1404460350385659,
    0.18390681752163388,
    0.2121998693390598,
    0.6512256107078089,
    0.042759000094947305,
    -0.20699376402065572,
    -0.7817582601049469,
    0.10076545076298989,
    0.3092859928099083,
    0.23432327722087615,
    0.08682151696759942,
    -0.13704194358113875
  ],
  "expression": [
    -0.05909074544906616,
    0.17681297063827514,
    -0.06298262625932693,
    -0.1945711076259613,
    -0.04790297448635101,
    0.2655672311782837,
    -0.2915365934371948,
    0.9030053615570068,
    -0.12284468114376068,
    0.0020515646785497664
  ],
  "fusion_metadata": {
    "body_source": "SMPLest-X",
    "hand_source": "Hierarchical Composition",
    "expression_source": "EMOCA"
  }
}