{
  "betas": [
    0.6789443492889404,
    0.6188612580299377,
    0.17317865788936615,
    -0.05604945868253708,
    -0.28522205352783203,
    -0.8299326300621033,
    -0.02120242640376091,
    0.21517404913902283,
    0.2754473090171814,
    -0.1054597795009613
  ],
  "body_pose": [
    -0.2756946384906769,
    0.04101567715406418,
    0.2225748598575592,
    -0.0839640274643898,
    -0.2097747027873993,
    -0.22220395505428314,
    0.14564907550811768,
    0.05457159876823425,
    -0.018686944618821144,
    0.22218725085258484,
    -0.03573024272918701,
    -0.011748853139579296,
    0.508751392364502,
    -0.07602132111787796,
    0.04068067669868469,
    -0.07504747062921524,
    0.0035820393823087215,
    -0.02947782538831234,
    0.09110710024833679,
    0.12665994465351105,
    -0.13353656232357025,
    -0.0039690276607871056,
    -0.3213026523590088,
    0.059433549642562866,
    0.055071182548999786,
    0.02623811922967434,
    0.0010451325215399265,
    -0.014062116853892803,
    0.0022311501670628786,
    0.03515981137752533,
    -0.012955869548022747,
    -0.011893599294126034,
    -0.01673019491136074,
    -0.06154177337884903,
    -0.014897878281772137,
    0.10623150318861008,
    0.05007277429103851,
    0.07487349212169647,
    -0.24251145124435425,
    0.01421757135540247,
    0.05885988846421242,
    0.1876741498708725,
    0.007933254353702068,
    -0.0024642692878842354,
    0.012522438541054726,
    0.09522778540849686,
    -0.05807369202375412,
    -0.8948276042938232,
    0.05863182619214058,
    0.3205570578575134,
    0.8547114729881287,
    -0.0034631919115781784,
    -0.4019560217857361,
    0.0439830981194973,
    0.10070621222257614,
    0.8742640018463135,
    -0.15426920354366302,
    -0.14751753211021423,
    -0.03925162926316261,
    0.3320278227329254,
    -0.02261306717991829,
    0.07625759392976761,
    -0.26852667331695557
  ],
  "root_pose": [
    -3.053868532180786,
    0.08517545461654663,
    0.05733704939484596
  ],
  "translation": [
    -0.04564531147480011,
    0.27278777956962585,
    40.91278076171875
  ],
  "jaw_pose": [
    0.009096657857298851,
    -0.0018009000923484564,
    -0.0010872792918235064
  ],
  "left_hand_pose": [
    -0.0010408454108983278,
    0.08817002177238464,
    0.10605277121067047,
    0.04996598778214384,
    0.07072440121011851,
    0.5454323502361874,
    -0.03970846940822009,
    0.06331293615843164,
    0.1917800947314172,
    -0.1053204299612433,
    -0.02113068375990735,
    0.48355862951282014,
    -0.1292878846493057,
    -0.08340422711630556,
    0.5892739327261092,
    0.010005449381001523,
    0.2159735355341804,
    0.22157848999131488,
    -0.7447280869985192,
    0.17964104143468065,
    0.656560528025005,
    0.2850146468327313,
    -0.03576516667069333,
    0.3389866317427829,
    -0.49998325450702313,
    -0.05837814890319222,
    -0.20411810892871668,
    -0.2126655185443254,
    0.07597810707710632,
    0.5582284052712125,
    -0.23092338337536764,
    -0.04676884028155384,
    0.4751779370323179,
    -0.2063689749150325,
    0.268431567767343,
    0.27593765705446277,
    1.0200438026384098,
    -0.3899492630917383,
    0.018254492920317323,
    -0.7085927942454627,
    0.031778233803066894,
    0.11235993007081278,
    0.7285807289132131,
    0.036186096877707456,
    0.110962466852333
  ],
  "right_hand_pose": [
    0.0005547607433982193,
    -0.06791307032108307,
    -0.050797685980796814,
    0.1932012706161354,
    0.11918577954849995,
    0.48887312427211216,
    -0.06355434113748169,
    0.06721620271839726,
    0.21525147488552743,
    -0.07998784839604486,
    -0.08958927073828545,
    0.9088961884822431,
    -0.271689016733575,
    -0.030226409626024076,
    0.4087891724430435,
    0.021061068363756243,
    0.09360642906650807,
    0.31058364968440105,
    -0.25143676176783264,
    0.5804736845461895,
    0.7191210474995727,
    -0.5101218454326648,
    -0.06858408021250642,
    0.39170149497825035,
    -0.3135939538358929,
    0.1450985892517308,
    0.22842483380935827,
    0.003589551983101412,
    0.10034745475137785,
    0.8164785843794139,
    -0.45226052774548636,
    0.04556763448435192,
    0.49508353640676045,
    -0.2255164329986708,
    0.16680562057694057,
    0.4006200177907858,
    1.0663296158430458,
    -0.2422193393484454,
    0.07787386281730788,
    -0.5617713895346376,
    0.0249638679320583,
    0.3005516464243125,
    0.2352562612162099,
    0.1077658388394157,
    -0.08082241710341702
  ],
  "expression": [
    -0.033383479714393614,
    -0.03780214190483093,
    -0.10456478297710418,
    -0.007115058414638042,
    -0.35852580070495604,
    0.45181607007980346,
    -0.4550273537635803,
    0.30006948709487913,
    -0.38065195083618164,
    0.21335883736610411
  ],
  "fusion_metadata": {
    "body_source": "SMPLest-X",
    "hand_source": "Hierarchical Composition",
    "expression_source": "EMOCA"
  }
}