{
  "focal_length": [
    22894.396781921387,
    22894.396781921387
  ],
  "principal_point": [
    656.5471343994141,
    696.3230438232422
  ],
  "camera_translation": [
    0.13840101659297943,
    0.273125022649765,
    34.495819091796875
  ],
  "detection_bbox": [
    352.233642578125,
    207.90924072265625,
    961.860595703125,
    1185.73681640625
  ]
}