{
  "focal_length": [
    25598.953564961754,
    25598.955154418945
  ],
  "principal_point": [
    765.1721801757812,
    622.2443161010742
  ],
  "camera_translation": [
    -0.005605103448033333,
    0.2519831657409668,
    40.21968460083008
  ],
  "detection_bbox": [
    536.434814453125,
    76.13327026367188,
    994.9095458984375,
    1169.3553466796875
  ]
}