{
  "focal_length": [
    25419.92028554281,
    25419.91949081421
  ],
  "principal_point": [
    787.4176330566406,
    646.4453611373901
  ],
  "camera_translation": [
    -0.033214472234249115,
    0.24995192885398865,
    39.13196563720703
  ],
  "detection_bbox": [
    532.9937133789062,
    104.15374755859375,
    1042.841552734375,
    1189.7369384765625
  ]
}