{
  "betas": [
    -0.42342978715896606,
    -0.013088795356452465,
    -0.3463733494281769,
    -0.48123714327812195,
    -0.24399791657924652,
    -0.3406333029270172,
    -0.01481539011001587,
    -0.06259623914957047,
    -0.08410508185625076,
    -0.007637838367372751
  ],
  "body_pose": [
    -0.6343070864677429,
    0.18127408623695374,
    0.029957689344882965,
    -1.3042469024658203,
    0.09065522998571396,
    -0.24323658645153046,
    1.1098793745040894,
    -0.07788953185081482,
    0.1404416710138321,
    0.4991121292114258,
    0.1411508470773697,
    -0.1752030849456787,
    0.7000768184661865,
    -0.08638854324817657,
    0.12250261008739471,
    -0.2016880214214325,
    -0.018309732899069786,
    0.0886375829577446,
    -0.12379544228315353,
    0.2900960445404053,
    0.01705179736018181,
    0.25174033641815186,
    -0.20478636026382446,
    0.1628401279449463,
    -0.02530297264456749,
    -0.021770145744085312,
    0.03593358024954796,
    -0.005229646805673838,
    -0.010735012590885162,
    0.009082418866455555,
    -0.01916356571018696,
    0.019900871440768242,
    -0.009971274994313717,
    0.04014969617128372,
    -0.038165878504514694,
    0.07126494497060776,
    -0.2579306662082672,
    -0.8149452805519104,
    0.23087821900844574,
    -0.1886444091796875,
    0.7577109932899475,
    -0.23238593339920044,
    -0.16338306665420532,
    0.04886740818619728,
    0.023646913468837738,
    -0.3591777980327606,
    -0.7352537512779236,
    -0.1560477316379547,
    -0.24550177156925201,
    0.6422588229179382,
    0.1392555981874466,
    -0.3088247776031494,
    -0.22590212523937225,
    -0.006442361976951361,
    -0.38882675766944885,
    0.2889767587184906,
    -0.11080809682607651,
    -0.2173372209072113,
    0.029514368623495102,
    0.1747240275144577,
    -0.37769296765327454,
    -0.054184019565582275,
    -0.1773955225944519
  ],
  "root_pose": [
    -2.2776665687561035,
    0.4510667026042938,
    1.034035563468933
  ],
  "translation": [
    0.13865114748477936,
    0.041376784443855286,
    31.591440200805664
  ],
  "jaw_pose": [
    -0.004606244619935751,
    -0.013204392045736313,
    -0.004796656314283609
  ],
  "left_hand_pose": [
    -0.020148122683167458,
    0.05520723760128021,
    0.27163252234458923,
    -0.03948120400309563,
    0.011560826562345028,
    0.44647735357284546,
    0.04105000197887421,
    0.04284260421991348,
    0.18655268847942352,
    0.0933031365275383,
    0.027484769001603127,
    0.21330183744430542,
    0.07075732946395874,
    0.014070138335227966,
    0.4572257399559021,
    0.03772272914648056,
    -0.002055780030786991,
    0.27963921427726746,
    0.2022770792245865,
    -0.003952964674681425,
    0.25219282507896423,
    0.16085882484912872,
    0.13202981650829315,
    0.27308592200279236,
    0.14706113934516907,
    0.07995237410068512,
    0.21858108043670654,
    0.1507345587015152,
    0.03681543469429016,
    0.22048190236091614,
    0.18157704174518585,
    0.08869802951812744,
    0.4716073274612427,
    0.06076047196984291,
    0.027801569551229477,
    0.27031072974205017,
    -0.2675773799419403,
    -0.10199224203824997,
    0.08306394517421722,
    -0.05612454190850258,
    -0.010322649031877518,
    0.021069563925266266,
    -0.12673930823802948,
    -0.08740148693323135,
    0.02499745413661003
  ],
  "right_hand_pose": [
    0.010658046307856689,
    -0.1189574313088996,
    -0.3357596515271535,
    -0.07693487654079763,
    -0.0027099704023087617,
    -0.9342483584208005,
    0.2538210481338571,
    -0.07064900079930608,
    -0.19108732616804525,
    0.35006772428620364,
    -0.02316142920847384,
    -0.37163464507401206,
    -0.10012511950382039,
    -0.012223620752279132,
    -0.8066226502467198,
    0.0676229782273142,
    0.008186134390332889,
    -0.2502743521407619,
    0.7522434794796076,
    -0.17245169789966958,
    -0.5355008673149945,
    0.00799730943392818,
    -0.16802501644138046,
    -0.4856475051750292,
    0.0900692094080956,
    0.1340301070910644,
    -0.10182001701925852,
    0.3970921262714679,
    -0.15465916475761837,
    -0.526881169287426,
    -0.007739970907506721,
    -0.11039255082808444,
    -0.7686539492359431,
    0.0499669880112244,
    0.09721972356984165,
    -0.23966242317467504,
    -0.33267991307400524,
    0.24980419486826094,
    -0.33158350683240956,
    -0.12208245793223843,
    0.21810222996015396,
    0.2589502875445088,
    -0.281517880114089,
    0.12808938095856295,
    -0.38773253118720086
  ],
  "expression": [
    -0.13955045342445374,
    -2.0,
    2.0,
    1.142288374900818,
    -0.3696987390518188,
    0.9199479103088378,
    0.8173549890518188,
    -1.3970405101776122,
    -1.28867769241333,
    -1.6802870750427246
  ]
}