{
  "focal_length": [
    25077.861150105797,
    25077.86273956299
  ],
  "principal_point": [
    706.9801483154297,
    630.7008152008057
  ],
  "camera_translation": [
    0.04218363016843796,
    0.29127371311187744,
    39.13103103637695
  ],
  "detection_bbox": [
    480.56512451171875,
    95.70640563964844,
    934.3952026367188,
    1166.6951904296875
  ]
}