{
  "betas": [
    0.6498641967773438,
    0.4297643303871155,
    0.367171049118042,
    -0.4685695469379425,
    0.11562909930944443,
    -0.8628052473068237,
    0.09106791019439697,
    0.10430113971233368,
    0.16665737330913544,
    0.046189624816179276
  ],
  "body_pose": [
    -0.11681753396987915,
    0.06857466697692871,
    0.19785495102405548,
    -0.16094575822353363,
    -0.07075637578964233,
    -0.1647968590259552,
    0.11881802976131439,
    0.0101527851074934,
    -0.03883000835776329,
    0.36077192425727844,
    0.025334855541586876,
    -0.023026492446660995,
    0.44762712717056274,
    -0.04048290476202965,
    0.05727493017911911,
    -0.061727214604616165,
    -0.025946903973817825,
    -0.033453911542892456,
    -0.13312000036239624,
    0.08881109207868576,
    -0.0680694505572319,
    -0.1544797718524933,
    -0.13259130716323853,
    -0.0005845146370120347,
    0.05633559077978134,
    -0.008588986471295357,
    0.0016679406398907304,
    -0.013579363003373146,
    -0.0036908562760800123,
    -0.0004988075816072524,
    -0.013830652460455894,
    -0.008559638634324074,
    -0.009525766596198082,
    -0.05637039244174957,
    -0.03547246754169464,
    0.15711601078510284,
    0.01737484149634838,
    -0.05246966704726219,
    -0.27017122507095337,
    -0.09321587532758713,
    0.12037371098995209,
    0.12800632417201996,
    0.005045496392995119,
    0.006307786330580711,
    -0.049534089863300323,
    0.07113943248987198,
    -0.2219257354736328,
    -1.0389485359191895,
    -0.050618976354599,
    0.5983009338378906,
    0.9595239758491516,
    -0.23051224648952484,
    -0.41248905658721924,
    0.07299857586622238,
    -0.2659483253955841,
    1.873365879058838,
    -0.2215539962053299,
    -0.7649937272071838,
    0.053356558084487915,
    0.2917135953903198,
    -0.8093253374099731,
    -0.02570609375834465,
    -0.13219189643859863
  ],
  "root_pose": [
    -3.079350233078003,
    0.01930975168943405,
    -0.007622112520039082
  ],
  "translation": [
    -0.05044350028038025,
    0.277369886636734,
    41.72506332397461
  ],
  "jaw_pose": [
    0.004711582325398922,
    0.001998381456360221,
    -0.0014645587652921677
  ],
  "left_hand_pose": [
    -0.00645170733332634,
    0.02378169819712639,
    0.5216664671897888,
    0.08434821403503828,
    0.054129193109783855,
    0.032757201849511114,
    0.08499966696539513,
    0.05933539345216191,
    0.27975409903458287,
    0.18986722595502592,
    0.0033147750471721753,
    0.3635165682918094,
    -0.31729918886028385,
    0.029270047466681857,
    0.26612417678799566,
    0.015060208355108892,
    0.08846142614474896,
    0.3757687204365316,
    0.19487864415166206,
    0.19566416023907768,
    0.45688654122527994,
    -0.6674051380974759,
    0.12473439790924502,
    0.3293247473638226,
    -0.2753796721502926,
    0.2509389507535296,
    0.22966214635523627,
    0.16166738315911058,
    0.014010591644275407,
    0.3341397119763155,
    -0.4895716996619918,
    0.06994283178919204,
    0.5403258438189613,
    -0.20995240928825093,
    0.20290877262471135,
    0.4936459056388156,
    0.626967548667643,
    0.13246599503430267,
    -0.2764884388722675,
    -0.4603825435161842,
    -0.13468557541678017,
    0.394808884494148,
    0.5508028134270369,
    -0.24274113849616674,
    0.4719249435292216
  ],
  "right_hand_pose": [
    -0.012564757838845253,
    -0.025720324367284775,
    -0.2646307647228241,
    0.005097944284696976,
    0.09192059640985836,
    -0.05002563694862796,
    0.20850552087379604,
    0.010236415802596094,
    -0.03264450340706956,
    -0.10012605112381744,
    -0.19110225543187567,
    1.126650617407514,
    -0.23636998011829083,
    -0.06761699254712819,
    0.02480521548763135,
    0.03848533331418477,
    0.08764635055432847,
    0.1777929505055594,
    -0.6076748026893186,
    0.5494199298191242,
    1.0972947032844358,
    -0.22020833761423897,
    -0.16820936674006154,
    0.24303491471798327,
    -0.2694390389719895,
    0.030460445398061264,
    0.0014405083246778086,
    -0.051819018489631566,
    0.11033063384790141,
    1.1924649034039319,
    -0.39968720300482674,
    -0.013366014630214583,
    0.09787049956997683,
    -0.18602185671890675,
    0.12725093024713738,
    0.22307507887034136,
    0.6939146169943028,
    -0.2693936660148779,
    -0.30482796757219804,
    -0.7833023555289261,
    0.1304922544441895,
    0.2963804641793927,
    0.13442176179078594,
    0.2867165382963805,
    -0.29659169998510276
  ],
  "expression": [
    -0.1502642512321472,
    0.048271742463111875,
    0.1601851165294647,
    0.1181692063808441,
    -0.3258337140083313,
    0.17782482504844666,
    -0.34922894239425656,
    0.5101674199104309,
    -0.33719844818115235,
    -0.018475271388888357
  ],
  "fusion_metadata": {
    "body_source": "SMPLest-X",
    "hand_source": "Hierarchical Composition",
    "expression_source": "EMOCA"
  }
}