{
  "betas": [
    0.6023082733154297,
    0.10323943942785263,
    0.1941395252943039,
    -0.511683464050293,
    0.10596580058336258,
    -0.776077389717102,
    -0.0505322590470314,
    -0.05726245045661926,
    -0.101100392639637,
    -0.02900056727230549
  ],
  "body_pose": [
    -0.06682275235652924,
    0.06361537426710129,
    0.16369298100471497,
    -0.0779944509267807,
    -0.07379207015037537,
    -0.1094212532043457,
    0.1240840032696724,
    0.006273581180721521,
    -0.03766702115535736,
    0.15155112743377686,
    -0.008539560250937939,
    -0.0046619935892522335,
    0.22069986164569855,
    -0.0334329679608345,
    0.022439531981945038,
    0.004422339145094156,
    -0.016789335757493973,
    -0.024091331288218498,
    -0.08272805064916611,
    0.12016341090202332,
    -0.07233268022537231,
    -0.12193424254655838,
    -0.16533328592777252,
    0.0061632138676941395,
    0.058676827698946,
    -0.007780852261930704,
    -0.003318402450531721,
    -0.016931388527154922,
    -0.001319556962698698,
    0.004425025545060635,
    -0.015212352387607098,
    -0.012393578886985779,
    -0.007435429375618696,
    0.12128031253814697,
    -0.02173260971903801,
    0.08865455538034439,
    0.027399012818932533,
    0.01216951571404934,
    -0.234568253159523,
    0.026031004264950752,
    -0.011060795746743679,
    0.22560186684131622,
    0.16208356618881226,
    -0.017450129613280296,
    -0.0223559383302927,
    0.14114215970039368,
    -0.25781190395355225,
    -0.8861995935440063,
    0.12396321445703506,
    0.23809991776943207,
    0.9509204626083374,
    0.2142052799463272,
    -0.8833895921707153,
    0.17316511273384094,
    0.14548978209495544,
    0.9489986300468445,
    -0.18802443146705627,
    0.046867486089468,
    -0.027991097420454025,
    0.2103268802165985,
    -0.10200107842683792,
    -0.06457418948411942,
    -0.1207718551158905
  ],
  "root_pose": [
    -3.0478999614715576,
    0.009876078926026821,
    -0.0723322406411171
  ],
  "translation": [
    -0.0005843061953783035,
    0.27502378821372986,
    40.668701171875
  ],
  "jaw_pose": [
    0.01576429419219494,
    -0.0024244291707873344,
    -0.0004155990609433502
  ],
  "left_hand_pose": [
    0.00024084090546239167,
    0.10859442502260208,
    -0.07875987887382507,
    0.15753262239407786,
    0.07709921368656185,
    0.5022450973677473,
    0.005384140509253716,
    0.10745623809041419,
    0.4636958416590208,
    0.10557782590289827,
    -0.2177217127579472,
    0.4186036339949188,
    -0.30580010029313975,
    -0.09257855852959407,
    0.560961315012963,
    0.0023172061878781913,
    0.09673752105381415,
    0.528507324701015,
    -0.4294330851380448,
    0.1279507152108607,
    1.0742100909304582,
    -0.39391580674672705,
    0.06597442447275564,
    0.5287602903374664,
    -0.5527721789787255,
    0.1762007154646386,
    0.237819634652979,
    -0.012296830749609598,
    -0.1772536618892499,
    0.7031579011370407,
    -0.44372820645097155,
    -0.012099938820902077,
    0.6980312327747196,
    -0.24285324649673126,
    0.20542196156002676,
    0.5964893486043734,
    0.8393844272381659,
    0.12677452184017377,
    -0.1310141073239348,
    -0.45021263860816757,
    -0.1258381556429351,
    0.5242714692665662,
    0.41009245331898364,
    -0.12069502568033098,
    0.16165147298020668
  ],
  "right_hand_pose": [
    -0.005976960528641939,
    -0.0866474136710167,
    -0.06456634402275085,
    0.11009796823614283,
    0.042052177417045394,
    0.1909953185997809,
    0.0017421892248911392,
    0.056535272733402996,
    0.18768132471436139,
    0.19156621961310466,
    -0.15906487469318895,
    0.3766915513240688,
    -0.2701945425626245,
    -0.09180515093726407,
    0.16050096814031192,
    0.022949438407636785,
    0.11875725586522391,
    0.27288991034379334,
    -0.19398377389638563,
    -0.014254528974861415,
    0.8202709607603469,
    -0.1024731172518814,
    -0.04606439713235985,
    0.233210328590515,
    -0.541893559313793,
    0.19464768423525902,
    -0.1129186484377273,
    0.08634977039897374,
    -0.16901737747295814,
    0.45373325687094884,
    -0.30420505414313403,
    -0.08357057255966281,
    0.29523662946872015,
    -0.23163665163946945,
    0.27717346005230026,
    0.38526717420587575,
    0.7627851659731432,
    0.05845973322014164,
    -0.1564303192193709,
    -0.5098785768651962,
    -0.016422399332175992,
    0.3990727970393624,
    0.3291633879348994,
    -0.08372102160885149,
    0.11471969948255646
  ],
  "expression": [
    -0.05869367122650146,
    0.27495827078819274,
    0.05004725307226181,
    -0.13248841166496275,
    -0.4569607973098755,
    -0.2189481496810913,
    -0.2404568016529083,
    0.10088913738727569,
    -0.32860665321350097,
    -0.0470472514629364
  ],
  "fusion_metadata": {
    "body_source": "SMPLest-X",
    "hand_source": "Hierarchical Composition",
    "expression_source": "EMOCA"
  }
}