{
  "betas": [
    -0.5769602656364441,
    0.11713124066591263,
    -0.24985940754413605,
    -0.6413936018943787,
    -0.06417596340179443,
    -0.8312563896179199,
    -0.08262905478477478,
    -0.010053695179522038,
    -0.14211156964302063,
    0.10437314212322235
  ],
  "body_pose": [
    -0.26897546648979187,
    0.024301428347826004,
    0.24547511339187622,
    -0.3354772627353668,
    -0.13564153015613556,
    -0.16816489398479462,
    0.29712581634521484,
    0.022190187126398087,
    -0.034798771142959595,
    0.37809836864471436,
    0.02082694135606289,
    -0.03078491985797882,
    0.508992612361908,
    -0.16055278480052948,
    0.062248535454273224,
    0.043274540454149246,
    -0.0038445480167865753,
    -0.007113335188478231,
    -0.12000221014022827,
    0.09043527394533157,
    -0.04579519107937813,
    -0.15383853018283844,
    -0.16942666471004486,
    0.05515419319272041,
    -0.0028133117593824863,
    0.00280686654150486,
    0.00840357132256031,
    -0.02583273872733116,
    0.003395160660147667,
    0.020911522209644318,
    -0.021893493831157684,
    -0.0050855521112680435,
    -0.011601529084146023,
    0.13549849390983582,
    -0.015984363853931427,
    0.04779385030269623,
    0.011421683244407177,
    -0.23113220930099487,
    -0.18675900995731354,
    0.009975919499993324,
    0.2680889964103699,
    0.2222549319267273,
    0.05640491098165512,
    -0.04226617515087128,
    0.06683088839054108,
    0.08897001296281815,
    -0.4811411499977112,
    -0.8491623401641846,
    0.08721915632486343,
    0.45240333676338196,
    0.8973526954650879,
    0.006848532240837812,
    -1.4643012285232544,
    0.18216706812381744,
    -0.08578971773386002,
    1.5329571962356567,
    -0.12967973947525024,
    -0.47057709097862244,
    -0.13202835619449615,
    0.33933138847351074,
    -0.5111396312713623,
    0.11086921393871307,
    -0.25175029039382935
  ],
  "root_pose": [
    -2.9988157749176025,
    0.0009164497605524957,
    -0.04490688443183899
  ],
  "translation": [
    -0.0321497842669487,
    0.246978759765625,
    37.86615753173828
  ],
  "jaw_pose": [
    0.015444763004779816,
    -0.0069324783980846405,
    0.005417822860181332
  ],
  "left_hand_pose": [
    -0.0001359646557830274,
    0.0765574723482132,
    0.4427485764026642,
    -0.08250839549130001,
    0.049426063274966424,
    -0.057964359908936204,
    0.1240615572482397,
    0.026600634406171237,
    0.22623967113504972,
    0.1822142998457585,
    -0.2826959930380996,
    -0.48468937540824325,
    -0.22330978055693698,
    -0.05683142191382973,
    0.1223947407499568,
    0.05981472215577946,
    0.17903061394152303,
    0.23928822661285423,
    -1.0350008900895966,
    0.378426544742834,
    1.3877532064495326,
    0.2521512195205831,
    -0.11149926092553471,
    0.3649802033746971,
    -0.6106061264673263,
    0.0906592785848718,
    -0.27177125264568114,
    -0.23252103789924067,
    -0.214174840668969,
    1.1300432471049808,
    -0.43684232699789843,
    0.01540275930750614,
    0.4365758647064283,
    -0.1752609843873854,
    0.2595389906504396,
    0.4119775646572892,
    1.1673160772675109,
    0.06207798957599094,
    0.17851109283492453,
    -0.5799094459239527,
    0.06808739129194853,
    0.36816878707298606,
    0.5231356419874085,
    -0.5305420521201214,
    -0.0837825759234974
  ],
  "right_hand_pose": [
    -0.010956709273159504,
    -0.0024627160746604204,
    -0.3380691409111023,
    -0.08419477138812259,
    0.06205580886763771,
    -0.17875738952908235,
    0.10999541496273141,
    -0.03673604849707426,
    0.11654378059815407,
    0.20085513312819422,
    -0.1935615139204613,
    -0.33923708292784854,
    -0.24910683091932004,
    0.023871886016109234,
    0.14698759287353147,
    0.03353898518327676,
    0.09857477402572792,
    0.24790836853222584,
    -0.6794191290466776,
    0.40041154488225655,
    1.1000929701057436,
    -0.013272730986972736,
    -0.04692030701969327,
    0.32114893660252564,
    -0.4402997049247763,
    0.18898726466651342,
    0.055680000298597265,
    -0.13907978573223356,
    -0.22392165604097808,
    0.7989368653137622,
    -0.45054416533615743,
    0.06320108432530248,
    0.5002136567504604,
    -0.17189890989163484,
    0.18746458391096565,
    0.5147219500533877,
    0.8831150409709112,
    0.23189127206746935,
    0.03417797924291476,
    -0.6067222721943116,
    0.10985105736218921,
    0.3361603217764041,
    0.4115405614287711,
    -0.47934500166215877,
    -0.23665335020140052
  ],
  "expression": [
    -0.17332507967948912,
    0.3466522693634033,
    -0.05619452297687531,
    -0.4804906368255615,
    -0.4089887022972107,
    -0.06594546139240265,
    -0.3235089898109436,
    0.20979970693588257,
    -0.532225477695465,
    -0.19447510242462157
  ],
  "fusion_metadata": {
    "body_source": "SMPLest-X",
    "hand_source": "Hierarchical Composition",
    "expression_source": "EMOCA"
  }
}