{
  "betas": [
    -0.1473107486963272,
    -0.028888922184705734,
    -0.5231183767318726,
    -0.693246603012085,
    -0.11617615073919296,
    -0.4316088855266571,
    -0.18091386556625366,
    -0.08695672452449799,
    -0.07462846487760544,
    0.0072946674190461636
  ],
  "body_pose": [
    -0.52674400806427,
    0.19314438104629517,
    0.07005226612091064,
    -0.9833783507347107,
    0.033332306891679764,
    -0.21448270976543427,
    0.8352594375610352,
    -0.07631512731313705,
    0.07138123363256454,
    0.4552627205848694,
    0.20942552387714386,
    -0.1233222633600235,
    0.56195068359375,
    -0.10958267748355865,
    0.07573698461055756,
    -0.08774930983781815,
    -0.02475181594491005,
    0.06415340304374695,
    -0.13713377714157104,
    0.23561541736125946,
    0.013385237194597721,
    0.05590449273586273,
    -0.21540726721286774,
    0.06028810143470764,
    -0.025169553235173225,
    -0.026340002194046974,
    0.025935126468539238,
    -0.0023756837472319603,
    0.014766278676688671,
    -0.004846836440265179,
    -0.007182755041867495,
    -0.02042023465037346,
    0.0023070944007486105,
    0.19897781312465668,
    -0.034288667142391205,
    0.08856271952390671,
    -0.15923410654067993,
    -0.6783154010772705,
    0.061829354614019394,
    -0.09926345944404602,
    0.578962504863739,
    -0.04195451736450195,
    -0.17246319353580475,
    0.009760242886841297,
    0.0030700531788170338,
    -0.2389717549085617,
    -0.7228685617446899,
    -0.5430602431297302,
    -0.17892825603485107,
    0.5617355704307556,
    0.5716876983642578,
    -0.09697889536619186,
    -0.4248061776161194,
    0.05146222561597824,
    -0.1735783815383911,
    0.5205792784690857,
    -0.20689482986927032,
    0.05254248157143593,
    -0.0420069694519043,
    0.23158206045627594,
    -0.06262113898992538,
    0.0301533006131649,
    -0.2695055902004242
  ],
  "root_pose": [
    -2.505048990249634,
    0.34592199325561523,
    0.8106701374053955
  ],
  "translation": [
    0.09112598747015,
    0.08457950502634048,
    29.29578971862793
  ],
  "jaw_pose": [
    0.0007342801545746624,
    -0.01006997749209404,
    0.0005570294451899827
  ],
  "left_hand_pose": [
    -0.014883941039443016,
    0.09679681062698364,
    -0.052163951098918915,
    0.14860478689251003,
    0.06744639358686515,
    0.6055159135473105,
    -0.10830175398031333,
    0.12726029317571289,
    0.14855315120567517,
    -0.13519508486955795,
    -0.07524732041925782,
    0.7338969475130227,
    -0.16223535985901863,
    -0.090977086850866,
    0.48944014156989435,
    0.04279149439495041,
    0.21348249984198633,
    0.29723396535658964,
    -0.6186541566216709,
    0.4244526386415935,
    0.6430532115464122,
    -0.04506618535281095,
    -0.06008947057099326,
    0.4281752548651826,
    -0.42921616516060224,
    -0.0038446615220743517,
    0.021480935023993834,
    -0.1224697966727907,
    0.11684426526118123,
    0.6945761375770415,
    -0.3528797015907367,
    0.005766567883947667,
    0.5380396044523093,
    -0.21140686529544986,
    0.2525632026512939,
    0.3703987591082862,
    0.9640169580082895,
    -0.3079179430272637,
    -0.04835130979474594,
    -0.5913761883591307,
    -0.014352817521996417,
    0.14118314423873565,
    0.6032994529838862,
    -0.03404973729499244,
    0.25089813701596253
  ],
  "right_hand_pose": [
    -0.0039742486551404,
    -0.057890232652425766,
    0.004846588242799044,
    0.14106810466041983,
    0.09135060434096907,
    0.5139351208019679,
    -0.10417402356594326,
    0.08429147590454465,
    0.0617275239997424,
    -0.145805364370941,
    0.025639808999844263,
    0.7969347182224726,
    -0.2090958198012947,
    -0.14996203227909702,
    0.44606968413244164,
    0.05849082687274128,
    0.17613806868809254,
    0.2584420793122513,
    -0.6596445109649227,
    0.42600307373382285,
    0.7019198994257727,
    0.05890525025181836,
    -0.1262930665367925,
    0.3346637755133741,
    -0.4776137875879799,
    0.05287524517620743,
    0.016699052655875155,
    -0.12473707812066402,
    0.2008623604211779,
    0.7617229201461055,
    -0.3761972242434877,
    -0.0578212954909361,
    0.3917064312157348,
    -0.19050695630250813,
    0.2530363163859866,
    0.38548629638706555,
    1.117372144657084,
    -0.5767889140701047,
    -0.018195047405159016,
    -0.6728583528441137,
    0.16218075160360923,
    0.19838901457137922,
    0.6270320119610084,
    0.0577142007236181,
    -0.02778171753995947
  ],
  "expression": [
    -0.6159695863723754,
    -2.0,
    2.0,
    1.1276182651519775,
    -0.39059858322143554,
    0.6202160596847534,
    0.5829026341438294,
    -1.1862273216247559,
    -1.1457847595214843,
    -1.532050609588623
  ],
  "fusion_metadata": {
    "body_source": "SMPLest-X",
    "hand_source": "Hierarchical Composition",
    "expression_source": "EMOCA"
  }
}