{
  "betas": [
    0.5628883838653564,
    0.884473443031311,
    -0.12555155158042908,
    -0.6216124892234802,
    -0.007764712907373905,
    -0.8887991309165955,
    0.06450362503528595,
    0.03293270990252495,
    0.025506287813186646,
    -0.08528102189302444
  ],
  "body_pose": [
    -0.024087388068437576,
    0.09556559473276138,
    0.1619415134191513,
    -0.0355951301753521,
    -0.1271529346704483,
    -0.1053423061966896,
    0.08845869451761246,
    0.009321321733295918,
    -0.03950158879160881,
    0.09897603839635849,
    -0.04060579836368561,
    0.020524868741631508,
    0.14733336865901947,
    -0.014169907197356224,
    0.006886268500238657,
    -0.11701603978872299,
    -0.008643626235425472,
    -0.0176478773355484,
    0.021998558193445206,
    0.12186042964458466,
    -0.12569154798984528,
    -0.0447826087474823,
    -0.17307761311531067,
    0.07844672352075577,
    0.07289163023233414,
    -0.0011139275738969445,
    0.0023411086294800043,
    -0.0028105333913117647,
    0.009443371556699276,
    0.010077094659209251,
    0.015109679661691189,
    -0.004503828939050436,
    -0.03361719101667404,
    0.05009448155760765,
    -0.00945982988923788,
    0.10369794070720673,
    -0.1684010922908783,
    0.05151987820863724,
    0.10692005604505539,
    -0.12435183674097061,
    -0.035492174327373505,
    0.03430367261171341,
    0.0054413676261901855,
    -0.006880032829940319,
    -0.034512121230363846,
    -0.27492156624794006,
    -0.195342019200325,
    -0.33000490069389343,
    -0.25603801012039185,
    0.14865031838417053,
    0.33455920219421387,
    -0.3310893476009369,
    -1.5433080196380615,
    0.7455552816390991,
    -0.4096726179122925,
    1.7114371061325073,
    -0.7273216247558594,
    -0.09833555668592453,
    -0.16773292422294617,
    0.5888260006904602,
    -0.1973276287317276,
    0.1881171464920044,
    -0.42039981484413147
  ],
  "root_pose": [
    -2.982395648956299,
    -0.009947742335498333,
    -0.07751843333244324
  ],
  "translation": [
    -0.00986250676214695,
    0.2611130475997925,
    40.91862106323242
  ],
  "jaw_pose": [
    0.01261106412857771,
    -0.005711502395570278,
    0.00024481021682731807
  ],
  "left_hand_pose": [
    -0.015642546117305756,
    0.01988545060157776,
    0.4595825970172882,
    0.5123032143086923,
    0.12228005656018599,
    0.4532332169813641,
    -0.27766319175776033,
    0.08107110262721176,
    -0.33482279057917474,
    0.2013134756330482,
    -0.04745570739649837,
    0.5071512690987353,
    -0.20983129349682772,
    -0.031547985521403886,
    -0.196899345066165,
    -0.04976191499543698,
    0.05364437630654118,
    0.028145613565953263,
    0.18145261618626854,
    -0.12112552894281331,
    0.20958903529896716,
    -0.004398811203240847,
    -0.09422010366861552,
    -0.030199011918484602,
    -0.30768838908902435,
    0.08351790638004125,
    -0.2519427361453803,
    0.21370523078472994,
    -0.010258181759099125,
    0.238161422655196,
    -0.27032376744472697,
    0.04427249680902347,
    -0.17049279317695862,
    -0.15217269624265875,
    0.05862766626853235,
    0.06752218604621263,
    0.4849455022848564,
    -0.06824300291118224,
    -0.2999430440421266,
    -0.572494776535552,
    -0.004626896753640894,
    0.32952237243824783,
    0.32502976992611776,
    -0.0009741793609571202,
    -0.14925116147813158
  ],
  "right_hand_pose": [
    -0.0006304717971943319,
    -0.0344768688082695,
    -0.009370537474751472,
    0.034837853532428444,
    0.05045920349191267,
    -0.06782877685658478,
    0.1655020766046796,
    -0.012965420581740453,
    -0.007329044229031854,
    -0.1412195510145207,
    -0.2067702241773443,
    1.320123417831539,
    -0.195071543550696,
    -0.034560357852460186,
    -0.09004858860044893,
    0.011420605616219763,
    0.07810062218616554,
    0.06498290197872486,
    -0.5669845106636655,
    0.42629298425797474,
    1.3963417034229118,
    -0.31240911801343696,
    0.021810286393698714,
    0.18131599633226642,
    -0.2724858533006409,
    0.09678548616920349,
    -0.13458676515578402,
    -0.08755217630896016,
    0.07474542788910499,
    1.5853297139852698,
    -0.3515411350353783,
    0.0714178665840448,
    -0.10048137311802101,
    -0.16294323609972572,
    0.10399638380606552,
    0.07299619756185721,
    0.41890765047433987,
    0.00543740158373343,
    -0.4297614724994991,
    -0.732193049580797,
    0.10286530298910807,
    0.38246406906047636,
    0.28189146386195446,
    0.1529437117922576,
    -0.3342461032131034
  ],
  "expression": [
    -0.09145400226116181,
    0.2036595582962036,
    -0.028233298659324644,
    -0.1815803825855255,
    -0.07960532605648041,
    0.23999741077423095,
    -0.37496885061264035,
    0.9084385156631469,
    -0.09329816401004791,
    -0.024636431783437728
  ],
  "fusion_metadata": {
    "body_source": "SMPLest-X",
    "hand_source": "Hierarchical Composition",
    "expression_source": "EMOCA"
  }
}