{
  "focal_length": [
    17788.294156392418,
    17788.29336166382
  ],
  "principal_point": [
    880.6258239746094,
    811.6255798339844
  ],
  "camera_translation": [
    -0.07206317782402039,
    0.05053911730647087,
    29.627344131469727
  ],
  "detection_bbox": [
    596.0131225585938,
    474.81781005859375,
    1166.238525390625,
    1149.433349609375
  ]
}