{
  "betas": [
    0.5645205974578857,
    0.48593300580978394,
    0.20660893619060516,
    -0.4816843867301941,
    0.13587921857833862,
    -1.0320119857788086,
    0.14951342344284058,
    0.04293670132756233,
    0.19755800068378448,
    -0.01337987370789051
  ],
  "body_pose": [
    -0.20532108843326569,
    0.056331660598516464,
    0.28297775983810425,
    -0.1500311642885208,
    -0.13282936811447144,
    -0.032590385526418686,
    0.12479472905397415,
    0.02142300456762314,
    -0.058323487639427185,
    0.49839383363723755,
    -0.06902410089969635,
    -0.00988564919680357,
    0.4430575966835022,
    -0.05869761109352112,
    0.0767442062497139,
    -0.14898541569709778,
    -0.01258009672164917,
    -0.01198937650769949,
    0.03510453924536705,
    0.20776081085205078,
    -0.15873833000659943,
    -0.11259478330612183,
    -0.1880459189414978,
    0.043100010603666306,
    0.10415459424257278,
    -0.00886625237762928,
    0.020125210285186768,
    -0.013213720172643661,
    0.005896145012229681,
    0.016786737367510796,
    0.015819648280739784,
    -0.002430090680718422,
    -0.008536780253052711,
    0.16210366785526276,
    -0.08610263466835022,
    0.14553560316562653,
    -0.1901872605085373,
    -0.02908407151699066,
    0.35082778334617615,
    -0.18168972432613373,
    0.06421401351690292,
    -0.05638468265533447,
    0.048119187355041504,
    -0.12219706177711487,
    0.07362540811300278,
    -0.28172239661216736,
    -0.3146321177482605,
    -0.0577210858464241,
    -0.3967404067516327,
    0.23433373868465424,
    0.3055702745914459,
    -0.360808789730072,
    -1.5709114074707031,
    0.5312685370445251,
    -0.5899195671081543,
    1.229963779449463,
    -0.544247031211853,
    -0.23691067099571228,
    -0.16802287101745605,
    0.5327587723731995,
    -0.4742030203342438,
    -0.035279661417007446,
    -0.5191097259521484
  ],
  "root_pose": [
    -3.057684898376465,
    -0.07855204492807388,
    -0.06343699991703033
  ],
  "translation": [
    0.06132041662931442,
    0.33058249950408936,
    42.94426727294922
  ],
  "jaw_pose": [
    0.008508813567459583,
    -0.00869972724467516,
    0.005337825044989586
  ],
  "left_hand_pose": [
    0.003712145611643791,
    0.07066213339567184,
    0.3231225609779358,
    -0.0646711151694818,
    0.0402882941686346,
    -0.05637864333502759,
    0.1950940962083371,
    -0.019602262355692842,
    0.006235060733368633,
    -0.23437076511948843,
    -0.33474074132633663,
    1.1440684374066916,
    -0.20444876144074203,
    -0.10144471886832955,
    0.06411810780876041,
    0.037985808045927306,
    0.11843713960365707,
    0.1561944232936467,
    -1.1349985969996614,
    0.5013097606806364,
    1.536014955929673,
    0.09343561512417167,
    -0.08142832834195704,
    0.49846648125069287,
    -0.6257825552928152,
    0.05842513828379492,
    -0.24404562477300915,
    -0.35004091470968374,
    0.16611090415109933,
    1.6206196115395486,
    -0.4445887010576413,
    0.06735256834213903,
    0.42093222560090676,
    -0.20607268029255155,
    0.21712143520746213,
    0.3662090256939754,
    1.167821128422095,
    -0.23657290311674115,
    0.01410456184483452,
    -0.8012920031451165,
    0.03535286619687509,
    0.2899623187451848,
    0.3502692344132818,
    0.02774346920937589,
    0.04187972531110322
  ],
  "right_hand_pose": [
    0.006895984522998333,
    -0.028780119493603706,
    -0.46859320998191833,
    -0.08639914598267219,
    0.07292324192002499,
    -0.07545857344647032,
    0.15749791476432878,
    -0.03804892387911991,
    0.05887888640803346,
    0.29729540328383297,
    -0.13064566384238735,
    -0.21619148320501433,
    -0.21047812150413867,
    0.0111375378445426,
    0.07847755289510634,
    -0.030499657181794277,
    0.05621276873004577,
    0.1304632455796258,
    -0.4105599188790572,
    0.15295239013473516,
    0.7131715550007012,
    0.263434996029859,
    -0.05226656010496961,
    0.18290831313716327,
    -0.5057468868661966,
    0.011981838172324616,
    -0.4178321380762334,
    0.14484648116988624,
    -0.11459853218903575,
    0.02376132914863283,
    -0.24803484530324507,
    0.015211214085477385,
    -0.016079696182968273,
    -0.12602714737153015,
    0.13697323111637905,
    0.15830802658714374,
    0.7095753571224546,
    0.0476557830924166,
    -0.11442664188544648,
    -0.6708250034607998,
    0.010485173730008927,
    0.3646971099249089,
    0.3165738238865063,
    -0.011773567540573975,
    -0.27640717733311493
  ],
  "expression": [
    -0.08487060070037841,
    0.25526440143585205,
    0.07646541595458985,
    -0.17905647754669188,
    -0.18715410232543944,
    0.058014553785324094,
    -0.4079320549964905,
    0.6158149480819702,
    -0.3006684064865112,
    -0.156080424785614
  ],
  "fusion_metadata": {
    "body_source": "SMPLest-X",
    "hand_source": "Hierarchical Composition",
    "expression_source": "EMOCA"
  }
}