{
  "focal_length": [
    25537.487665812176,
    25537.48846054077
  ],
  "principal_point": [
    785.8080444335938,
    645.8489503860474
  ],
  "camera_translation": [
    -0.03221505135297775,
    0.26794731616973877,
    38.302642822265625
  ],
  "detection_bbox": [
    586.7408447265625,
    101.0491943359375,
    985.875244140625,
    1191.648681640625
  ]
}