{
  "betas": [
    -0.5370674729347229,
    0.3996433913707733,
    -0.4762861132621765,
    -0.584214985370636,
    -0.08299542218446732,
    -0.7656561732292175,
    -0.23504917323589325,
    0.08068270981311798,
    -0.07991394400596619,
    -0.0016707833856344223
  ],
  "body_pose": [
    -0.02040691114962101,
    0.24791723489761353,
    0.3851551413536072,
    -0.3689711093902588,
    -0.03356124833226204,
    0.09089399874210358,
    0.3289698660373688,
    -0.05493960529565811,
    -0.1728324294090271,
    0.05196350812911987,
    -0.04971862956881523,
    0.0659787505865097,
    0.21477214992046356,
    -0.03773866966366768,
    0.032677050679922104,
    -0.08072898536920547,
    -0.08587457239627838,
    -0.0838269516825676,
    0.16184239089488983,
    0.28963959217071533,
    -0.2708006501197815,
    0.06552857905626297,
    -0.16900977492332458,
    0.11135834455490112,
    0.02032417804002762,
    -0.09040366113185883,
    -0.04291359335184097,
    -0.015224217437207699,
    -0.003575555281713605,
    0.012598572298884392,
    -0.0067273578606545925,
    -0.011227860115468502,
    -0.025514651089906693,
    0.05575228109955788,
    0.12296605855226517,
    0.06735235452651978,
    -0.09384728968143463,
    -0.2796866297721863,
    0.3213563561439514,
    0.03827220946550369,
    -0.13062387704849243,
    -0.0925891324877739,
    -0.14102257788181305,
    0.16222789883613586,
    -0.08228743821382523,
    -0.19905251264572144,
    -0.3061540424823761,
    -0.1181933730840683,
    -0.062048111110925674,
    -0.272449791431427,
    0.20530515909194946,
    -0.33302897214889526,
    -0.8383321762084961,
    0.056535523384809494,
    -0.4196130931377411,
    0.782732367515564,
    -0.0999794751405716,
    -0.3083341419696808,
    -0.09417515248060226,
    -0.017727527767419815,
    -0.37025749683380127,
    0.13650082051753998,
    -0.03323666751384735
  ],
  "root_pose": [
    -2.702831268310547,
    -0.21178185939788818,
    0.7509331703186035
  ],
  "translation": [
    -0.005613462999463081,
    0.2520097494125366,
    40.22414016723633
  ],
  "jaw_pose": [
    0.01800921931862831,
    0.0010936612961813807,
    -0.006588516756892204
  ],
  "left_hand_pose": [
    -0.08159483224153519,
    0.03784748166799545,
    0.3217509686946869,
    0.12172123792915421,
    -0.19969800314743394,
    -1.1273058122231447,
    -0.1264331851031297,
    -0.14377894362526472,
    -0.30045918459838555,
    -0.09247836114553845,
    0.005110673137796539,
    -0.40669901812026926,
    -0.21578849508000483,
    -0.049178266229274514,
    -1.2724001932356102,
    -0.0581080368662346,
    -0.22598487346102386,
    -0.4006713786379563,
    -0.23035109841689547,
    -0.5935656725313876,
    -0.10607084578825048,
    -0.6292788355408347,
    -0.0004600180851050784,
    -0.6637535903955456,
    -0.36959076062579765,
    0.031118283452541265,
    -0.246699521105883,
    -0.019420404722900443,
    -0.1969008386089675,
    -0.21791764033311103,
    -0.43822466012695327,
    -0.10995816521476945,
    -1.1712401143679656,
    -0.2888001821202866,
    -0.1970064743717854,
    -0.40370322710244344,
    1.1665640438541165,
    0.5503207948598463,
    -0.08292822983400541,
    -0.6883210966296275,
    -0.1312939787671505,
    0.18912810370100194,
    0.6899482546238727,
    -0.15806615509523528,
    -0.28475700106490015
  ],
  "right_hand_pose": [
    -0.012664255686104298,
    0.0217228215187788,
    -0.6214757561683655,
    0.029052742139167902,
    0.08360925692592662,
    0.13326282546953952,
    0.05617984167108269,
    0.0022621333378010835,
    0.0018303674903113337,
    0.06821135225130913,
    0.0028458507155137247,
    0.4948979396810213,
    -0.1910841851012571,
    -0.04948818485038933,
    0.012513373661939017,
    -0.02357635541164823,
    0.08649791206229393,
    0.05750637268475207,
    0.10722877749925992,
    0.381542586011292,
    0.46832362624832546,
    -0.16325472517443684,
    -0.12254920072207315,
    0.10531400960098268,
    -0.24080370347486915,
    0.13012135633848776,
    -0.2825598430700534,
    0.15694903348468014,
    0.1339869501163805,
    0.487817756635874,
    -0.2964006691284712,
    -0.026853460517896277,
    0.003903123619126364,
    -0.1350152199678152,
    0.15508792716192035,
    0.12471539985944857,
    0.6274634960220326,
    -0.08888194058472104,
    -0.08646277544263807,
    -0.5472257906738432,
    0.005258630001963324,
    0.30066274172411966,
    0.338102812919531,
    -0.004930658499162278,
    -0.13508489316093003
  ],
  "expression": [
    -0.2815931975841522,
    0.27128968834877015,
    0.17841532230377197,
    -0.2578438639640808,
    0.2441872715950012,
    -0.3713264107704162,
    -0.2896819174289703,
    0.8146723508834839,
    -0.36846849918365476,
    -0.14021506011486054
  ],
  "fusion_metadata": {
    "body_source": "SMPLest-X",
    "hand_source": "Hierarchical Composition",
    "expression_source": "EMOCA"
  }
}