{
  "focal_length": [
    25026.48989359538,
    25026.488304138184
  ],
  "principal_point": [
    806.5754089355469,
    635.3663086891174
  ],
  "camera_translation": [
    -0.06924179196357727,
    0.27957192063331604,
    41.19491958618164
  ],
  "detection_bbox": [
    551.7166137695312,
    101.4678955078125,
    1062.4342041015625,
    1170.2647705078125
  ]
}