{
  "focal_length": [
    26127.72305806478,
    26127.72226333618
  ],
  "principal_point": [
    782.8732299804688,
    639.1267890930176
  ],
  "camera_translation": [
    -0.04564531147480011,
    0.27278777956962585,
    40.91278076171875
  ],
  "detection_bbox": [
    522.1519775390625,
    81.73538208007812,
    1044.594482421875,
    1197.5181884765625
  ]
}