{
  "betas": [
    -0.5374186635017395,
    0.3994481861591339,
    -0.4759572446346283,
    -0.5844472050666809,
    -0.08277888596057892,
    -0.7660363912582397,
    -0.2346045821905136,
    0.08028106391429901,
    -0.07990128546953201,
    -0.0014985748566687107
  ],
  "body_pose": [
    -0.020473066717386246,
    0.24793928861618042,
    0.3852395713329315,
    -0.3691093623638153,
    -0.033547669649124146,
    0.09088359028100967,
    0.32893064618110657,
    -0.05493554845452309,
    -0.17280754446983337,
    0.052087508141994476,
    -0.04969372600317001,
    0.06599017232656479,
    0.21495670080184937,
    -0.03775930032134056,
    0.032677121460437775,
    -0.08070597052574158,
    -0.08587148040533066,
    -0.08383076637983322,
    0.1620609015226364,
    0.28977879881858826,
    -0.27089038491249084,
    0.06567645072937012,
    -0.1690884381532669,
    0.11137445271015167,
    0.020319579169154167,
    -0.09039253741502762,
    -0.042918384075164795,
    -0.015227277763187885,
    -0.003560852026566863,
    0.012612752616405487,
    -0.006734163500368595,
    -0.011232353746891022,
    -0.02550775557756424,
    0.055923014879226685,
    0.12299768626689911,
    0.06727509200572968,
    -0.0937926396727562,
    -0.2796867787837982,
    0.32132694125175476,
    0.03823630139231682,
    -0.13057498633861542,
    -0.09269695729017258,
    -0.14076966047286987,
    0.16230814158916473,
    -0.08230863511562347,
    -0.19903738796710968,
    -0.3060764670372009,
    -0.11826193332672119,
    -0.06212315335869789,
    -0.2723928987979889,
    0.20522631704807281,
    -0.33304500579833984,
    -0.8384203314781189,
    0.05657193064689636,
    -0.41965407133102417,
    0.7829166054725647,
    -0.10003411769866943,
    -0.30834832787513733,
    -0.09418254345655441,
    -0.017823927104473114,
    -0.37041303515434265,
    0.1364736407995224,
    -0.03297533094882965
  ],
  "root_pose": [
    -2.7028391361236572,
    -0.21181553602218628,
    0.7510142922401428
  ],
  "translation": [
    -0.005590612068772316,
    0.25202322006225586,
    40.22273635864258
  ],
  "left_hand_pose": [
    0.02731220172208823,
    0.1032323886599837,
    0.17876824786087753,
    0.012909912792042358,
    -0.1337123242692072,
    -0.37108580222304244,
    -0.030040219963030065,
    -0.052863284404849956,
    -0.11199989390136944,
    0.025616678198328302,
    -0.04583317946925882,
    0.12288548185581477,
    -0.07209008638755601,
    -0.10441996624455296,
    -0.5675430525438816,
    -0.03892512002636878,
    -0.13364802524504743,
    -0.06275785414318424,
    0.22668188490974103,
    -0.3972817273665056,
    0.5193866870560228,
    -0.41462645672997456,
    0.06553826840656383,
    -0.15685938339167016,
    0.00013359674070229088,
    0.09146290981351912,
    -0.16720929322953543,
    0.12244928980882094,
    -0.11104820529177943,
    0.4176106163566661,
    -0.1348830726418901,
    -0.05207718998644024,
    -0.5398509044446613,
    -0.11267929710190597,
    -0.06491339810012134,
    -0.030348650637862185,
    0.31559976488348584,
    0.2733980527947545,
    0.00861983994839835,
    -0.18848165900802133,
    -0.15785045092760933,
    0.13624722696827182,
    0.15438910683975304,
    -0.20402719605041858,
    -0.007398979805337935
  ],
  "right_hand_pose": [
    -0.06498152647713137,
    -0.17967180481604805,
    -0.1395294067548315,
    -0.07975858299794394,
    0.017623578047699914,
    -0.6229571845305628,
    0.15257280681118232,
    -0.08865352588261369,
    -0.1866289232067048,
    0.18630639159517587,
    0.05378970332256909,
    -0.03468656029506273,
    -0.047385776408808256,
    0.005753515164889117,
    -0.6923437670297895,
    -0.004393438571782409,
    -0.005838936153682486,
    -0.28040715181002,
    0.5642617608258964,
    0.18525864084640994,
    -0.15713390659594773,
    0.05139765363642343,
    -0.18854748721374207,
    -0.40158019740289275,
    0.1289206538916308,
    0.06977672997750992,
    -0.36205007094640096,
    0.2988187280164016,
    0.04813431679919243,
    -0.14771050005390307,
    0.006940918356591996,
    -0.0847344357462255,
    -0.6274860863041779,
    0.041105665050565426,
    0.022994850890256296,
    -0.24863917660513268,
    -0.2235007829485981,
    0.18804080148037078,
    -0.17801084522504185,
    -0.047386353052237096,
    0.031815102162422164,
    0.3535436184568498,
    -0.19745633486458852,
    0.041030382456021024,
    -0.41244291442049236
  ],
  "expression": [
    -0.37556459903717043,
    0.3615034580230713,
    0.2379018783569336,
    -0.3438560009002686,
    0.32543501853942874,
    -0.4950435638427735,
    -0.3860881090164185,
    1.0864289283752442,
    -0.4913208961486817,
    -0.18695099353790284
  ],
  "jaw_pose": [
    0.09165062010288239,
    -0.01641315594315529,
    -0.03663007915019989
  ]
}