{
  "betas": [
    0.2515409290790558,
    0.9669041633605957,
    -0.1326003521680832,
    -0.5780664682388306,
    -0.09083721786737442,
    -0.8045696020126343,
    -0.04992036521434784,
    0.01693371683359146,
    -0.0017330650007352233,
    0.00940757431089878
  ],
  "body_pose": [
    0.00425614882260561,
    0.06577686965465546,
    0.15152692794799805,
    -0.0020223683677613735,
    -0.11953175812959671,
    -0.08317416906356812,
    0.07527849823236465,
    0.011295557953417301,
    -0.04078144580125809,
    0.0920233279466629,
    -0.02694099396467209,
    0.03009524568915367,
    0.1440468728542328,
    -0.05726157873868942,
    -0.006777680944651365,
    -0.07177743315696716,
    -0.01035426277667284,
    -0.025131458416581154,
    -0.03207319602370262,
    0.10468080639839172,
    -0.10892554372549057,
    -0.08972623944282532,
    -0.16616594791412354,
    0.05605659261345863,
    0.0213860422372818,
    -0.002964538289234042,
    -0.002274510683491826,
    0.0008430975140072405,
    0.0032128861639648676,
    0.015569532290101051,
    0.013964511454105377,
    -0.004764151759445667,
    -0.0274248868227005,
    0.07370748370885849,
    -0.024477744475007057,
    0.07092352956533432,
    -0.20537260174751282,
    -0.1735842078924179,
    0.09910538792610168,
    -0.17270153760910034,
    0.17539413273334503,
    0.02597583271563053,
    0.05284430459141731,
    -0.03184064105153084,
    -0.009727409109473228,
    -0.2204391211271286,
    -0.5307304859161377,
    -0.49980735778808594,
    -0.24468010663986206,
    0.4632229208946228,
    0.5510247349739075,
    -0.2022235244512558,
    -1.7656514644622803,
    0.9138577580451965,
    -0.2743907868862152,
    1.8583017587661743,
    -0.9394404888153076,
    -0.1622123420238495,
    -0.14842483401298523,
    0.7242444753646851,
    -0.22588010132312775,
    0.1095002219080925,
    -0.6446878910064697
  ],
  "root_pose": [
    -3.025531768798828,
    -0.0041785226203501225,
    -0.08702317625284195
  ],
  "translation": [
    -0.008230747655034065,
    0.25531378388404846,
    40.669124603271484
  ],
  "jaw_pose": [
    0.012475108727812767,
    -0.00780505919829011,
    0.00042453553760424256
  ],
  "left_hand_pose": [
    0.00370798003859818,
    0.032871637493371964,
    0.46194595098495483,
    -0.07070779966580953,
    0.08439676910752734,
    -0.12879863078364848,
    0.21159285550335558,
    -0.025217536222779027,
    0.062100405675796555,
    0.30082884226309925,
    -0.13865541701584783,
    -0.12467108253165644,
    -0.2480124767228846,
    0.004698205669145716,
    -0.032811177214402625,
    -0.04259192709205013,
    0.043144139456160836,
    0.12629084321326056,
    0.017965274675410748,
    -0.0287297027981641,
    0.3445361643965273,
    0.19932322081181733,
    -0.09824143462688983,
    0.01673907823608545,
    -0.416174471439412,
    0.032869013854551626,
    -0.45165077458547775,
    0.26492639580581345,
    -0.08315365573404927,
    0.002709497092696791,
    -0.32044807047292406,
    0.019836959182854167,
    -0.17664102558583336,
    -0.1517200070006904,
    0.09212498833685427,
    0.12276437133223982,
    0.7188965807311704,
    -0.009395855994066435,
    -0.07154079645773978,
    -0.6819264725614694,
    0.15841459534306845,
    0.2848087808265215,
    0.2542251865063102,
    0.0506759412123324,
    -0.1089351185278974
  ],
  "right_hand_pose": [
    0.006000036373734474,
    0.017187440767884254,
    -0.4772796928882599,
    -0.07344547471114105,
    0.05287118143411373,
    -0.20393653937385497,
    0.16812081995856062,
    -0.03668062917115741,
    0.03808275914806785,
    0.36647849715724246,
    -0.10852364452147453,
    -0.18827109060053185,
    -0.2570745380592073,
    0.009044058364080907,
    -0.05913442760285032,
    -0.05778617970657101,
    0.0312503792460663,
    0.10491598065979364,
    0.09951076455762108,
    -0.19648374747700775,
    0.3997688823001667,
    0.10140001972294642,
    -0.06927275779144319,
    -0.03058355191390207,
    -0.2630575125555451,
    0.11738277263101488,
    -0.3546588983354931,
    0.28415062144586595,
    -0.15485536441354686,
    -0.08388017314365016,
    -0.27179237406885,
    0.024664266473045524,
    -0.14308552234374564,
    -0.1384808568010913,
    0.10484593853438862,
    0.10753783593681555,
    0.4696614262528929,
    0.1001296101625154,
    -0.2623308636798116,
    -0.6998954148128337,
    0.1524961094799355,
    0.3634010510343591,
    0.17130183963442647,
    0.18767941191389834,
    -0.2433940875053269
  ],
  "expression": [
    -0.12288878560066223,
    0.15878641605377197,
    0.01953054964542389,
    -0.19267550110816956,
    -0.06709301769733429,
    0.2536998331546783,
    -0.35902680158615113,
    0.8266547441482544,
    -0.19938282966613768,
    -0.11101962625980377
  ],
  "fusion_metadata": {
    "body_source": "SMPLest-X",
    "hand_source": "Hierarchical Composition",
    "expression_source": "EMOCA"
  }
}