{
  "focal_length": [
    25321.040153503418,
    25321.040153503418
  ],
  "principal_point": [
    793.8074951171875,
    634.9837493896484
  ],
  "camera_translation": [
    -0.013409452512860298,
    0.2471144199371338,
    40.12068557739258
  ],
  "detection_bbox": [
    607.7794799804688,
    94.80155944824219,
    980.8355102539062,
    1176.1658935546875
  ]
}