{
  "focal_length": [
    24648.996988932293,
    24648.99778366089
  ],
  "principal_point": [
    778.9082641601562,
    664.5475273132324
  ],
  "camera_translation": [
    -0.004568489268422127,
    0.19381877779960632,
    36.24665832519531
  ],
  "detection_bbox": [
    578.8526000976562,
    138.70223999023438,
    979.9639282226562,
    1191.392822265625
  ]
}