{
  "betas": [
    0.5241691470146179,
    0.8737940788269043,
    -0.1393762230873108,
    -0.5691078901290894,
    -0.11200282722711563,
    -0.8244117498397827,
    -0.006776724010705948,
    0.1022944450378418,
    0.03371298685669899,
    -0.07766206562519073
  ],
  "body_pose": [
    -0.0009762264671735466,
    0.09990943223237991,
    0.15275205671787262,
    -0.03591035306453705,
    -0.12911874055862427,
    -0.10454880446195602,
    0.08752517402172089,
    0.005728752352297306,
    -0.0353550985455513,
    0.06041671708226204,
    -0.05040203779935837,
    0.020061684772372246,
    0.1302769035100937,
    -0.012537390924990177,
    0.006654991768300533,
    -0.11562766879796982,
    -0.010591802187263966,
    -0.01643317937850952,
    -0.007068099919706583,
    0.12539497017860413,
    -0.10921678692102432,
    -0.04222092404961586,
    -0.16796556115150452,
    0.08371984958648682,
    0.0753341093659401,
    -0.0012212770525366068,
    0.0009739765664562583,
    -0.0020091438200324774,
    0.009538214653730392,
    0.011788276955485344,
    0.01641661487519741,
    -0.005604303441941738,
    -0.02741994522511959,
    0.06338795274496078,
    -0.016163529828190804,
    0.0908336490392685,
    -0.16018258035182953,
    0.06120605394244194,
    0.08880729973316193,
    -0.13516995310783386,
    -0.041938234120607376,
    0.03668198734521866,
    0.0019102580845355988,
    -0.015617391094565392,
    -0.008529151789844036,
    -0.2554774284362793,
    -0.18802639842033386,
    -0.33187103271484375,
    -0.24701747298240662,
    0.13207286596298218,
    0.3253228962421417,
    -0.3256905972957611,
    -1.5934666395187378,
    0.7598809003829956,
    -0.38582170009613037,
    1.718682050704956,
    -0.7927120327949524,
    -0.05226431041955948,
    -0.21447671949863434,
    0.6397628784179688,
    -0.09106388688087463,
    0.2304695099592209,
    -0.5094801187515259
  ],
  "root_pose": [
    -2.967512845993042,
    -0.009030044078826904,
    -0.06374786049127579
  ],
  "translation": [
    -0.0012155268341302872,
    0.2648594379425049,
    40.61531448364258
  ],
  "jaw_pose": [
    0.012465173378586769,
    -0.005741221364587545,
    0.0008635326521471143
  ],
  "left_hand_pose": [
    0.001467755064368248,
    0.04723908379673958,
    0.48608529567718506,
    0.09522359943731913,
    0.10366521179981186,
    0.5740742281398917,
    -0.09303564702837813,
    0.058954105592162666,
    0.1937784134818005,
    -0.19790044418886027,
    -0.05533206567860891,
    0.9900942332021461,
    -0.22690942352642443,
    -0.09265910891020072,
    0.5331147881431331,
    0.03015802909633268,
    0.13206138306323828,
    0.16420949545608643,
    -0.12771314544324716,
    0.057098815351232686,
    0.4106524720823117,
    0.027767480200926356,
    -0.11404812156813025,
    0.053663781169832,
    -0.38687559950134826,
    0.10780142180844952,
    -0.2333180451349791,
    0.0643680508450026,
    0.06707546445796037,
    0.6506454349149786,
    -0.3193612938063214,
    0.036284717153424274,
    -4.97531939625718e-05,
    -0.2001468558921866,
    0.1227018965835622,
    0.09100532789960136,
    1.377775277025918,
    -0.4051028309748035,
    0.258142056846204,
    -0.7140716320306967,
    -0.05817396609672352,
    0.16150041715425112,
    0.6287643885081863,
    0.33067385197924815,
    0.21895412105428644
  ],
  "right_hand_pose": [
    -0.020279493182897568,
    0.018836718052625656,
    -0.27356085181236267,
    0.16772440443622164,
    0.12311023938235169,
    0.5152605393627787,
    -0.16971439949203532,
    0.04986287136392331,
    -0.009072619596193196,
    -0.3006302231787494,
    0.017777022269229358,
    1.1447649183460773,
    -0.2045574439464167,
    -0.09322110790653872,
    0.4777890507560606,
    0.034682553267001336,
    0.12231014851030576,
    0.12319408699114034,
    -0.14913821482143705,
    0.31150638599589336,
    0.4006250188960208,
    -0.06450233737502609,
    -0.10200777328977934,
    0.1509480258970009,
    -0.41765367392717934,
    0.08248944145961128,
    -0.2316605647050416,
    0.08105113699801496,
    0.13873554132190397,
    0.5516273800481071,
    -0.32913453824444605,
    0.031644096810244195,
    0.0849510798551858,
    -0.20242927140666045,
    0.13146171934880077,
    0.12340924594241753,
    1.2883668776714772,
    -0.31253201275921855,
    0.22269616556617466,
    -0.603977802699031,
    -0.04845189544090205,
    0.16646864645686682,
    0.5838564020075793,
    0.01929247015496091,
    0.3508818734840401
  ],
  "expression": [
    -0.03469532132148743,
    0.26704477071762084,
    -0.04293801337480545,
    -0.3039105176925659,
    -0.1921003818511963,
    0.31928669214248656,
    -0.3038238286972046,
    0.7356262922286987,
    -0.12046461403369903,
    0.0056775245815515515
  ],
  "fusion_metadata": {
    "body_source": "SMPLest-X",
    "hand_source": "Hierarchical Composition",
    "expression_source": "EMOCA"
  }
}