{
  "betas": [
    0.006499392446130514,
    0.30457332730293274,
    -0.3698960542678833,
    -0.7216697931289673,
    -0.16510996222496033,
    -1.1164501905441284,
    -0.2080841362476349,
    0.035020481795072556,
    -0.14418135583400726,
    0.1027473509311676
  ],
  "body_pose": [
    -0.8247447609901428,
    -0.05135036259889603,
    0.28133782744407654,
    -0.124016672372818,
    -0.06254810839891434,
    -0.08798009157180786,
    0.28805896639823914,
    0.05193351209163666,
    -0.07977224141359329,
    1.728502869606018,
    0.06769244372844696,
    -0.3474493622779846,
    0.5013777017593384,
    -0.04033750668168068,
    0.07602361589670181,
    -0.02077646739780903,
    -0.018044782802462578,
    -0.05093495175242424,
    -0.040543846786022186,
    0.02568463608622551,
    -0.07673373073339462,
    -0.11986561119556427,
    -0.11643294990062714,
    -0.040313512086868286,
    0.04591943696141243,
    -0.016566231846809387,
    -0.012639406137168407,
    -0.01859659142792225,
    -0.007052399218082428,
    0.001323576201684773,
    -0.039306748658418655,
    -0.018928714096546173,
    -0.03376464545726776,
    0.07203138619661331,
    -0.06284778565168381,
    0.12673453986644745,
    0.01667076349258423,
    -0.06806811690330505,
    -0.17380015552043915,
    0.03685908764600754,
    0.08190125972032547,
    0.15591742098331451,
    0.0008581460569985211,
    -0.07927460223436356,
    -0.004163830075412989,
    0.07949165254831314,
    -0.22909946739673615,
    -0.7953122854232788,
    0.10175180435180664,
    0.2918868660926819,
    0.8913856148719788,
    0.2523738443851471,
    -1.540827751159668,
    0.509035050868988,
    0.30431586503982544,
    1.7398982048034668,
    -0.5685230493545532,
    0.19652649760246277,
    -0.10506107658147812,
    0.2357749342918396,
    0.18042100965976715,
    -0.006883327849209309,
    0.05552010238170624
  ],
  "root_pose": [
    -3.112053155899048,
    0.09365188330411911,
    -0.08849990367889404
  ],
  "translation": [
    -0.0172321368008852,
    0.24627116322517395,
    39.69016647338867
  ],
  "jaw_pose": [
    0.011016059666872025,
    -0.001170623698271811,
    0.00014107215974945575
  ],
  "left_hand_pose": [
    0.000898323894944042,
    0.0206820759922266,
    0.017720455303788185,
    0.29702289385213654,
    0.24839695884115717,
    1.090269300969806,
    -0.14383857993037044,
    0.27187470055345686,
    0.66423136568646,
    -0.19608742903880008,
    -0.06353202548566175,
    1.1034639677439988,
    -0.2484637915187193,
    -0.002818740565202218,
    0.8198647712147299,
    -0.01914984971537367,
    0.10442785676744278,
    0.8160163103204889,
    -0.47762632102555275,
    0.6495490962097944,
    0.8221553946457827,
    -0.6761586027307037,
    0.06110862121649632,
    0.6516933888484849,
    -0.3347606601098403,
    0.14285743823831681,
    0.6066340006961255,
    -0.028225369772001168,
    0.16227294563484296,
    0.8534103465970551,
    -0.5749546271358472,
    0.21471849550624178,
    0.9090629336699709,
    -0.3085320574473818,
    0.10105905115700442,
    0.8754430982204748,
    1.0317508084138833,
    -0.05382841279505099,
    0.04100952710604484,
    -0.4476131434059477,
    -0.007966366190425794,
    0.3313211479185568,
    0.44389337351993263,
    -0.30534929546898976,
    0.027163373600088477
  ],
  "right_hand_pose": [
    -0.0019530551508069038,
    -0.04799424856901169,
    -0.07270079851150513,
    0.2117395428786802,
    0.1747225850035753,
    0.5716392607909084,
    -0.181651803771471,
    0.22631822509308444,
    0.6134439825386806,
    -0.12481246202387733,
    0.14614286870140605,
    0.990545516008128,
    -0.27939939142059017,
    0.011379329345870404,
    0.3805125046164514,
    0.008394186532829277,
    0.10389730944151279,
    0.58617281648458,
    0.39402782750656984,
    0.1466742313279843,
    0.01909047346747968,
    -0.8852996825243832,
    0.12221088549718696,
    0.4571089960202629,
    -0.19972023254185087,
    0.33569811352305684,
    0.6646193085973437,
    0.06213732898714716,
    0.32039661487139426,
    0.8534458337975166,
    -0.5536119040124602,
    0.16818237026027202,
    0.33228317532260915,
    -0.24465450703558744,
    0.1406385107942014,
    0.5775631447152619,
    0.7910949134517465,
    -0.11789628938489495,
    -0.143051295995854,
    -0.6163140882275798,
    0.06662887496823043,
    0.3599593925969886,
    0.18687706656905817,
    -0.1528384405990498,
    -0.35817140489872196
  ],
  "expression": [
    -0.06930373907089234,
    0.2915770411491394,
    0.04362922757863998,
    -0.09498066902160644,
    0.011206906288862228,
    0.28477159738540647,
    -0.4352370142936706,
    0.7962360620498657,
    -0.10292169749736786,
    -0.028420615196228027
  ],
  "fusion_metadata": {
    "body_source": "SMPLest-X",
    "hand_source": "Hierarchical Composition",
    "expression_source": "EMOCA"
  }
}