{
  "focal_length": [
    25599.074363708496,
    25599.074363708496
  ],
  "principal_point": [
    765.1750183105469,
    622.2464752197266
  ],
  "camera_translation": [
    -0.005617300048470497,
    0.2519809305667877,
    40.22018814086914
  ],
  "detection_bbox": [
    536.4397583007812,
    76.13288879394531,
    994.9102783203125,
    1169.360107421875
  ]
}