{
  "betas": [
    -0.43102970719337463,
    0.6846810579299927,
    -0.5368213057518005,
    -0.4726150333881378,
    -0.025560390204191208,
    -0.4022291600704193,
    -0.11630742251873016,
    -0.00107078708242625,
    -0.09072460234165192,
    0.14163416624069214
  ],
  "body_pose": [
    -0.6557602286338806,
    0.07273788750171661,
    0.19769220054149628,
    -0.7400460839271545,
    0.009764738380908966,
    -0.1539275348186493,
    0.7340288162231445,
    -0.014278515242040157,
    -0.0815928727388382,
    0.4309077560901642,
    0.11418827623128891,
    -0.041282862424850464,
    0.4758002460002899,
    -0.07403939962387085,
    0.06490225344896317,
    -0.0866459533572197,
    -0.03600240871310234,
    -0.018549611791968346,
    0.03792601451277733,
    0.056946564465761185,
    -0.11740677058696747,
    0.09580833464860916,
    -0.10909286141395569,
    0.046122390776872635,
    0.024830808863043785,
    -0.033412449061870575,
    0.003282134188339114,
    -0.016449082642793655,
    -0.007294090930372477,
    0.01071497518569231,
    -0.02081870473921299,
    -0.014706416986882687,
    -0.014236408285796642,
    -0.006351633928716183,
    0.030202224850654602,
    0.18413424491882324,
    -0.09231570363044739,
    -0.5673089027404785,
    0.0716751292347908,
    -0.11832094937562943,
    0.46404778957366943,
    0.10824549198150635,
    -0.08868808299303055,
    0.029410548508167267,
    -0.1212385967373848,
    -0.09807788580656052,
    -0.6748687624931335,
    -0.6162019371986389,
    0.003914167173206806,
    0.6777907013893127,
    1.045675277709961,
    -0.003956253174692392,
    -0.45108407735824585,
    0.055241648107767105,
    0.20522934198379517,
    0.9269261360168457,
    -0.25352105498313904,
    0.20320774614810944,
    0.01879890076816082,
    0.32704663276672363,
    0.1304735243320465,
    -0.1977444440126419,
    -0.4389004111289978
  ],
  "root_pose": [
    -2.7615253925323486,
    0.04896071180701256,
    0.22096368670463562
  ],
  "translation": [
    -0.002317216247320175,
    0.1651725172996521,
    33.68674850463867
  ],
  "jaw_pose": [
    0.006749135907739401,
    -0.00898559670895338,
    0.0009715626947581768
  ],
  "left_hand_pose": [
    -0.005205956753343344,
    -0.004116391763091087,
    0.193938747048378,
    0.03604357541493694,
    0.0397897987860787,
    0.34371555118923425,
    0.07875501565823471,
    0.12516407466901758,
    0.6483565647234679,
    0.09700661475835284,
    -0.11787172141039239,
    0.5746652332585559,
    -0.3122828375478025,
    -0.03397155965950396,
    0.36442682774677404,
    0.015431581313892596,
    0.05429524211027469,
    0.5716455541368544,
    0.03394517492154841,
    0.14474286430813668,
    0.48073110388803897,
    -0.17757342187622063,
    -0.06131062128593757,
    0.06658654001362886,
    -0.3697884178672401,
    0.15239465507951355,
    0.11001018608653093,
    0.12270825402198386,
    -0.0851253736789545,
    0.4858024066235669,
    -0.41900108338688086,
    0.0243087882247074,
    0.2606991401526369,
    -0.19451892531080606,
    0.12385142504008792,
    0.5992936958005386,
    0.569659411089751,
    0.08217720777637169,
    -0.2475933075308812,
    -0.5490201248258568,
    0.06943549288996788,
    0.3186507158638889,
    0.3445128295364482,
    -0.2590651348020235,
    0.28314250392418844
  ],
  "right_hand_pose": [
    0.04180072993040085,
    -0.11030653119087219,
    -0.3316139280796051,
    -0.0050179987712692525,
    0.020413116375004647,
    0.008333243045526992,
    0.05833092303868801,
    0.030237694372736986,
    0.22919718311206086,
    0.22345481272570417,
    0.01978687710519552,
    0.2341593589409948,
    -0.22180184680764437,
    -0.034610824202958135,
    -0.024639176528271533,
    0.041060024536881776,
    0.14153460575347201,
    0.2379375379223126,
    -0.2606524722131136,
    -0.009934138020091292,
    0.574723031460789,
    0.2231953969161063,
    -0.10664972998919885,
    -0.007365276104075421,
    -0.3192640219418077,
    0.02710026549304804,
    -0.21032663625372,
    0.07260615272159215,
    -0.07780405252979336,
    0.35181768326077834,
    -0.26312466362112086,
    -0.043848068178072824,
    0.000324975299944197,
    -0.12440919721671569,
    0.20330791703020573,
    0.25369051012566995,
    0.5519371977730407,
    -0.010250184519184144,
    -0.22420569646708458,
    -0.6549131814555973,
    0.12739910706310356,
    0.23883440178973891,
    0.37385851324750524,
    -0.020346812771012076,
    -0.04625154088844538
  ],
  "expression": [
    -0.43145012855529785,
    -0.2835776209831238,
    0.6503762483596801,
    0.17318286895751953,
    -0.2213221549987793,
    -0.13278892636299133,
    -0.35276391506195065,
    -0.8929579496383667,
    -0.9915149688720702,
    -0.7130017518997193
  ],
  "fusion_metadata": {
    "body_source": "SMPLest-X",
    "hand_source": "Hierarchical Composition",
    "expression_source": "EMOCA"
  }
}