{
  "focal_length": [
    23872.87139892578,
    23872.87139892578
  ],
  "principal_point": [
    598.9613037109375,
    675.6054840087891
  ],
  "camera_translation": [
    0.20350566506385803,
    0.27770230174064636,
    36.36952209472656
  ],
  "detection_bbox": [
    238.12171936035156,
    166.31756591796875,
    960.8009033203125,
    1185.8934326171875
  ]
}