{
  "betas": [
    0.3894907832145691,
    0.489629328250885,
    -0.9728732109069824,
    -0.32817235589027405,
    0.31634941697120667,
    -0.15074573457241058,
    -0.053276218473911285,
    -0.021431390196084976,
    -0.16756172478199005,
    0.2192535400390625
  ],
  "body_pose": [
    -0.009131800383329391,
    0.14729388058185577,
    0.09997351467609406,
    -1.8896245956420898,
    -0.041656799614429474,
    -0.45741018652915955,
    0.9499748945236206,
    -0.07359306514263153,
    0.10694506764411926,
    0.29109886288642883,
    0.017013978213071823,
    -0.028752513229846954,
    2.2034342288970947,
    -0.2963310182094574,
    0.8047158718109131,
    -0.06800198554992676,
    0.00467113871127367,
    0.04855803772807121,
    -0.2509967088699341,
    0.13301220536231995,
    0.059678833931684494,
    -0.0658169612288475,
    -0.09783016890287399,
    0.11131931841373444,
    -0.0700145959854126,
    -0.008448231965303421,
    0.014296731911599636,
    -0.028654618188738823,
    0.020539570599794388,
    0.022137144580483437,
    -0.02488636039197445,
    0.01584196835756302,
    -0.042955588549375534,
    -0.12930268049240112,
    -0.027649210765957832,
    -0.0839029997587204,
    -0.09666028618812561,
    -0.5595232248306274,
    -0.32027217745780945,
    -0.004881801083683968,
    0.5059280395507812,
    0.24345846474170685,
    -0.16097603738307953,
    -0.12396757304668427,
    0.0182336438447237,
    0.016229163855314255,
    -0.5917173624038696,
    -1.0157673358917236,
    0.14187265932559967,
    0.4057959318161011,
    0.7651609182357788,
    0.004328988492488861,
    -0.3313654363155365,
    -0.05931771919131279,
    -0.004575529135763645,
    0.5048940777778625,
    0.05389015004038811,
    -0.31579744815826416,
    -0.1243555098772049,
    0.13676823675632477,
    -0.2546972334384918,
    0.14966097474098206,
    0.12292812019586563
  ],
  "root_pose": [
    2.9896223545074463,
    0.23322860896587372,
    0.20810262858867645
  ],
  "translation": [
    -0.007729563862085342,
    0.2102767527103424,
    37.82075119018555
  ],
  "jaw_pose": [
    0.009790847077965736,
    -0.009871343150734901,
    -1.611079460417386e-05
  ],
  "left_hand_pose": [
    -0.0023294836282730103,
    0.10337629914283752,
    -0.07752183824777603,
    0.07130316364150864,
    0.11595225005110818,
    0.2840581747806841,
    0.026324347640937554,
    0.09390561044419994,
    0.36750187248464694,
    0.01327218598729941,
    -0.0210470209729124,
    0.640653638875108,
    -0.2624945538992904,
    -0.08535655061162822,
    0.30390803269266675,
    0.029252937909415234,
    0.20976788699196888,
    0.4057818670151532,
    -0.15075637488352106,
    0.5916008981943955,
    0.5116047655748968,
    -0.2876802227193369,
    -0.17952087179653836,
    0.19584715209751616,
    -0.23322289432465504,
    0.17063235500971355,
    0.2472627950945069,
    0.10643481804093285,
    0.18855679039524886,
    0.5429517644662628,
    -0.42362769918374277,
    -0.07305569708854943,
    0.33001957102913065,
    -0.179274928488423,
    0.3882268185781458,
    0.46673658021940817,
    1.0485006999611195,
    -0.018941748733751877,
    0.004198799451084049,
    -0.5440938860029942,
    0.14607523756831117,
    0.22930107648794087,
    0.5449038721758078,
    -0.50814188890085,
    0.16681554113537975
  ],
  "right_hand_pose": [
    0.016974356025457382,
    -0.04078088700771332,
    -0.04951781406998634,
    0.15590373005906957,
    0.22790107394111267,
    1.3703841033492568,
    -0.04879563565481,
    0.19742442756506332,
    0.6002668815506298,
    -0.19773281352263136,
    -0.09376542235373266,
    0.6065122509214178,
    -0.20853520011269303,
    0.01813607636567529,
    1.3926260119569112,
    -0.018287746548151938,
    0.17970152152177155,
    0.6610788061381877,
    -0.7214708951839897,
    0.7386497005488336,
    0.5550184692272963,
    -0.45479409463461423,
    -0.03879061634314068,
    0.7905401955130613,
    -0.5703911329154652,
    -0.0386891024801988,
    0.40795993977735723,
    -0.1783390986771326,
    0.22396529378818372,
    0.673479983355111,
    -0.509059149472788,
    0.10342001819867563,
    1.1919469670322718,
    -0.2792336710197923,
    0.1544043407306352,
    0.641489529549168,
    1.081034580228026,
    -0.4935798904884995,
    -0.013655576314439088,
    -0.6816622649758463,
    0.002796269761993897,
    0.06721266994337001,
    0.6587637988634995,
    -0.1785750113223842,
    0.2777380310746667
  ],
  "expression": [
    -0.023526129126548768,
    0.22119759321212767,
    0.007401025481522083,
    -0.1162080556154251,
    0.026760660856962205,
    -0.0272518090903759,
    -0.22772943377494811,
    0.6713188648223877,
    0.0060075435787439345,
    -0.05270044505596161
  ],
  "fusion_metadata": {
    "body_source": "SMPLest-X",
    "hand_source": "Hierarchical Composition",
    "expression_source": "EMOCA"
  }
}