{
  "betas": [
    0.6200118064880371,
    0.778708279132843,
    -0.10196207463741302,
    -0.5432672500610352,
    -0.07375427335500717,
    -0.798494279384613,
    0.03720243647694588,
    0.08423706144094467,
    0.07686454802751541,
    -0.054957009851932526
  ],
  "body_pose": [
    0.016494328156113625,
    0.09481112658977509,
    0.14765207469463348,
    -0.02797771617770195,
    -0.131661519408226,
    -0.10339543968439102,
    0.08888325095176697,
    0.008053286001086235,
    -0.03397313877940178,
    0.03390352800488472,
    -0.052665263414382935,
    0.022978510707616806,
    0.12275265157222748,
    -0.01718459278345108,
    0.005282193422317505,
    -0.11643452197313309,
    -0.009628990665078163,
    -0.016340205445885658,
    -0.029248733073472977,
    0.12986034154891968,
    -0.09361977875232697,
    -0.06411103159189224,
    -0.17350071668624878,
    0.07274561375379562,
    0.07638540118932724,
    -0.00021803969866596162,
    0.0013575261691585183,
    0.0008427403517998755,
    0.010730868205428123,
    0.007399689871817827,
    0.01925402693450451,
    -0.005309420172125101,
    -0.021365992724895477,
    0.06941290199756622,
    -0.008870531804859638,
    0.09189116954803467,
    -0.15937158465385437,
    0.06514094769954681,
    0.0732879564166069,
    -0.14247244596481323,
    -0.04129517823457718,
    0.03664750978350639,
    0.017233531922101974,
    -0.0067105465568602085,
    -0.004184151068329811,
    -0.25301477313041687,
    -0.1742481142282486,
    -0.3324177861213684,
    -0.24994327127933502,
    0.1382271647453308,
    0.32879775762557983,
    -0.3359416425228119,
    -1.5968093872070312,
    0.7660694718360901,
    -0.39432984590530396,
    1.726071834564209,
    -0.8040789365768433,
    -0.07118489593267441,
    -0.24248617887496948,
    0.6155177354812622,
    -0.10403306037187576,
    0.23090460896492004,
    -0.49751049280166626
  ],
  "root_pose": [
    -2.9554905891418457,
    -0.003554549068212509,
    -0.08309528976678848
  ],
  "translation": [
    -0.00024999119341373444,
    0.2663418650627136,
    40.59074020385742
  ],
  "jaw_pose": [
    0.012566164135932922,
    -0.005484518129378557,
    0.0009354411740787327
  ],
  "left_hand_pose": [
    0.002615231554955244,
    0.10203221440315247,
    0.1632983386516571,
    -0.021614396304505047,
    0.1119831318465329,
    0.22983901390115183,
    -0.027540896290598423,
    -0.0007778335495878968,
    0.0149438166148096,
    -0.010343104079407842,
    -0.013031987403815913,
    0.30752804172484316,
    -0.19285929995033574,
    -0.07474381743227737,
    0.295633822674254,
    -0.013167161743197138,
    0.10813434345769274,
    0.10683258840405949,
    -1.0396051593145894,
    0.46473964289448066,
    0.8912956108012702,
    0.4515788050363155,
    -0.09772570207168477,
    0.6917736756306074,
    -0.8334082129870776,
    -0.11998221759234069,
    -0.35644951141023745,
    -0.231446318699008,
    0.07984363629511397,
    0.7767545733480101,
    -0.28408426553781924,
    -0.029101022626359375,
    0.23569748708470104,
    -0.14647392279238372,
    0.1618298929584862,
    0.22721643284537557,
    1.552374876969087,
    -0.5690527752584149,
    0.42546468789218067,
    -0.8070603760254598,
    -0.155978407038764,
    0.014837309918244652,
    0.8737403425807818,
    0.29816805517227557,
    0.24677599971058609
  ],
  "right_hand_pose": [
    -0.026394713670015335,
    0.009040717035531998,
    -0.19519880414009094,
    0.013939736393884504,
    0.1172023093676018,
    0.048079643852076026,
    -0.013071242267665742,
    -0.0324809765467164,
    -0.11850950838832289,
    0.02684913720032603,
    -0.003091883670696458,
    0.24551664841390194,
    -0.15059327346193424,
    -0.08438322090846413,
    0.07894680485032138,
    0.03812924976033626,
    0.10562822338330065,
    -0.04552539386452708,
    -1.0661513995229799,
    0.547553726181121,
    0.8923182264965748,
    0.6098193079125535,
    -0.1874511650825703,
    0.49990036852849784,
    -0.6952890041319704,
    -0.22791300160802908,
    -0.6756364681743049,
    -0.19017712900333333,
    0.05672106204927895,
    0.7598352020666876,
    -0.16989506258847045,
    -0.09675050291405267,
    -0.06509579182096181,
    -0.08244377683492378,
    0.17170856808650012,
    -0.005847848387047249,
    1.495586107804716,
    -0.6045846942353263,
    0.3649557005440435,
    -0.6546797971807966,
    -0.18768502785023708,
    0.08287966691491656,
    0.6187175499548061,
    0.03606104149319843,
    0.3058303268598805
  ],
  "expression": [
    -0.05619381666183471,
    0.2565491795539856,
    -0.004836155287921429,
    -0.2742497563362121,
    -0.1095923513174057,
    0.2680584490299225,
    -0.32228919267654416,
    0.7427655458450317,
    -0.19454548358917237,
    0.03123062252998352
  ],
  "fusion_metadata": {
    "body_source": "SMPLest-X",
    "hand_source": "Hierarchical Composition",
    "expression_source": "EMOCA"
  }
}