{
  "betas": [
    -0.11796873807907104,
    0.20574404299259186,
    -0.07198266685009003,
    -0.5024493336677551,
    -0.2233758419752121,
    -0.8760066032409668,
    -0.15878304839134216,
    0.08766418695449829,
    0.14345349371433258,
    0.054261647164821625
  ],
  "body_pose": [
    -0.059215690940618515,
    0.07864786684513092,
    0.23040653765201569,
    -0.10409345477819443,
    -0.053092487156391144,
    -0.06718186289072037,
    0.07871194928884506,
    -0.016419032588601112,
    -0.0655112937092781,
    0.28476881980895996,
    0.03563974052667618,
    0.01985490694642067,
    0.3350552022457123,
    -0.07978405803442001,
    0.05100308731198311,
    0.003944454248994589,
    -0.01977282576262951,
    -0.01623912714421749,
    -0.02042948640882969,
    0.08719681948423386,
    -0.142938032746315,
    -0.12165460735559464,
    -0.054427262395620346,
    -0.01737547479569912,
    0.028554648160934448,
    -0.03410667926073074,
    -0.003898001043125987,
    -0.01151238102465868,
    -0.002291275653988123,
    0.020188339054584503,
    -0.01418322417885065,
    -0.011539846658706665,
    -0.004986423533409834,
    0.021423855796456337,
    -0.01714293658733368,
    0.10966712981462479,
    -0.11449940502643585,
    -0.2928123474121094,
    0.011574044823646545,
    0.057532310485839844,
    0.11503678560256958,
    0.11942683905363083,
    -0.11629471927881241,
    -0.04401389881968498,
    -0.016171498224139214,
    -0.08986715227365494,
    -0.7633591890335083,
    -0.9947437047958374,
    0.19141452014446259,
    0.36680760979652405,
    1.1379808187484741,
    -0.13080118596553802,
    -1.7955780029296875,
    0.18827451765537262,
    0.028338944539427757,
    1.4766064882278442,
    -0.18329021334648132,
    -0.7521430850028992,
    -0.1983972191810608,
    0.3690560758113861,
    -0.5158146619796753,
    -0.06827637553215027,
    -0.2517523467540741
  ],
  "root_pose": [
    -3.073812484741211,
    0.026141319423913956,
    0.09063619375228882
  ],
  "translation": [
    -0.055190615355968475,
    0.25259995460510254,
    41.0136833190918
  ],
  "jaw_pose": [
    0.00625517638400197,
    -0.002185358665883541,
    0.005147612653672695
  ],
  "left_hand_pose": [
    -0.02906036749482155,
    -0.05254729464650154,
    0.47696030139923096,
    0.07530873390126468,
    0.057430139467411226,
    0.11559418881875712,
    0.006337487286036633,
    0.006486980143209508,
    0.09592113756299853,
    0.13721891877137601,
    -0.045355137546129264,
    0.42988647256398915,
    -0.22280430401736182,
    -0.08390687749491049,
    -0.030234827957520728,
    0.005379487734904097,
    0.057767690953982716,
    0.13644622503946452,
    0.12273075801187334,
    0.1919867871537429,
    0.30607438478882587,
    -0.17708060054734623,
    -0.11171938690547736,
    0.08680852751148754,
    -0.3706373806513511,
    0.13894463755563,
    -0.04827712499477542,
    0.1796746389694844,
    -0.001537654282891367,
    0.3961014721624415,
    -0.32733107342504786,
    -0.03942152242574323,
    -0.018677572881941565,
    -0.1779468691619043,
    0.12704528483018848,
    0.20344831877172465,
    0.749430713080686,
    -0.31223615447043074,
    -0.19497727655845754,
    -0.5962414999781221,
    -0.06325924319443516,
    0.21630330126210787,
    0.171131775506803,
    0.1910820598525053,
    0.31265730166094263
  ],
  "right_hand_pose": [
    0.031599901616573334,
    -0.11888554692268372,
    -0.3986038863658905,
    0.08937975513117412,
    0.0922533360573369,
    0.45236841661700566,
    -0.02155107916450586,
    0.049620461969159445,
    0.2922382040910072,
    0.1488061817937209,
    -0.20649377962734908,
    0.013549233461254915,
    -0.2736789929119966,
    0.009764214816971244,
    0.9337699699624177,
    -0.0056645365371303285,
    0.13291722553299704,
    0.48654848344776014,
    -0.9174637505386278,
    0.21728822334288406,
    1.2105514050053185,
    0.1800503721608322,
    0.009731214216638716,
    0.5169260624282211,
    -0.6677137451672494,
    0.03148747405343611,
    -0.18624524582647567,
    -0.12986898729418428,
    -0.20140058341960126,
    0.42139880735691226,
    -0.36909943649679916,
    0.015185836334949488,
    0.9833687902845863,
    -0.20262468220321722,
    0.2518047435977155,
    0.5067856079152638,
    0.843903228780476,
    0.08621193029219071,
    -0.05773122919474832,
    -0.5261784793514689,
    -0.08325790677776446,
    0.2808196514800483,
    0.727767491274026,
    -0.379074949803747,
    0.1471569730984328
  ],
  "expression": [
    -0.11053095459938049,
    0.09411805272102355,
    0.1956945240497589,
    0.2351012349128723,
    -0.2988191843032837,
    0.1538233995437622,
    -0.5226910471916199,
    0.405934202671051,
    -0.09407228529453278,
    -0.09865694940090179
  ],
  "fusion_metadata": {
    "body_source": "SMPLest-X",
    "hand_source": "Hierarchical Composition",
    "expression_source": "EMOCA"
  }
}