{
  "betas": [
    -0.4961283802986145,
    0.19265525043010712,
    -0.46947699785232544,
    -0.9864165186882019,
    -0.025488100945949554,
    -0.9160473942756653,
    -0.15012939274311066,
    0.01047429721802473,
    -0.039177026599645615,
    0.07871197164058685
  ],
  "body_pose": [
    -0.23255692422389984,
    0.06007954478263855,
    0.22964809834957123,
    -0.294768750667572,
    -0.16677109897136688,
    -0.1968536525964737,
    0.325515478849411,
    0.015240220353007317,
    -0.0012630138080567122,
    0.31543153524398804,
    0.04430076479911804,
    -0.012669039890170097,
    0.4211505353450775,
    -0.1703697293996811,
    0.05860443413257599,
    -0.02294076420366764,
    0.017795922234654427,
    0.017153125256299973,
    -0.028777984902262688,
    0.11502200365066528,
    -0.07292206585407257,
    -0.05171898752450943,
    -0.1615895926952362,
    0.07784081995487213,
    -0.010540436021983624,
    0.01768791861832142,
    0.03876147046685219,
    -0.03025399148464203,
    0.009423883631825447,
    0.01571050100028515,
    -0.018680661916732788,
    0.011896740645170212,
    -0.020075075328350067,
    0.16912299394607544,
    -0.0723925307393074,
    0.14367236196994781,
    -0.10183440148830414,
    -0.45358186960220337,
    0.10057248920202255,
    -0.09961661696434021,
    0.5682274103164673,
    0.07654882967472076,
    0.050101011991500854,
    -0.028354855254292488,
    -0.012699564918875694,
    0.10526799410581589,
    -0.719672441482544,
    -0.7768193483352661,
    -0.263903945684433,
    0.7551618814468384,
    0.6907579302787781,
    0.13056962192058563,
    -1.4063977003097534,
    0.03734494373202324,
    -0.3049742877483368,
    0.407850980758667,
    -0.1752813756465912,
    -0.6221073269844055,
    -0.23580117523670197,
    0.23252417147159576,
    -0.32038381695747375,
    -0.188406839966774,
    -0.3587247133255005
  ],
  "root_pose": [
    -3.0056064128875732,
    0.05490481108427048,
    -0.06586961448192596
  ],
  "translation": [
    -0.038809120655059814,
    0.2536620497703552,
    37.14847183227539
  ],
  "jaw_pose": [
    0.008538064546883106,
    -0.00011753338912967592,
    0.0028504086658358574
  ],
  "left_hand_pose": [
    -0.017370223999023438,
    0.008445532992482185,
    0.35576993227005005,
    0.0038352820383192967,
    0.02327813884583823,
    -0.20888338365678563,
    0.09521970875870768,
    -0.007586991630018581,
    0.06949208404355414,
    0.29613007067431685,
    -0.0009271552002023616,
    -0.2859444806189511,
    -0.2752766620948433,
    -0.07393687840062688,
    -0.0337189824796563,
    0.06194996577568431,
    0.10158545542408841,
    0.22365114475844644,
    -0.040825823458680584,
    -0.21792215194902698,
    0.3484018758463398,
    0.01291666904593314,
    -0.1087209169037582,
    -0.11056575869316453,
    -0.10763002130810724,
    0.21348126712668258,
    -0.012650947082645757,
    0.2423685406927363,
    -0.05463969963063344,
    -0.12096407822169156,
    -0.2846266895727671,
    -0.0769050928326887,
    -0.14605060510028772,
    -0.1104222487462562,
    0.21342382727052953,
    0.20182479555037516,
    0.715780862950009,
    -0.2765767078636171,
    -0.2574741596205303,
    -0.6956443449974722,
    0.038923071742062075,
    0.17056421968346588,
    0.17380888117891233,
    0.02776768724272158,
    0.09311436653968556
  ],
  "right_hand_pose": [
    -0.006763613782823086,
    -0.016035916283726692,
    -0.42383843660354614,
    -0.05400512167298761,
    0.05999712660871931,
    -0.17030304138869679,
    0.17469537327190401,
    0.008186805849368865,
    0.11251557554933919,
    0.3052780578598258,
    0.011487764390480864,
    -0.07825830298377565,
    -0.28787390425827414,
    -0.003859532262875208,
    -0.044432904062483757,
    0.038467000630987465,
    0.08266550097483889,
    0.22394343464954639,
    0.0418429792314618,
    -0.15705901776052816,
    0.39590339315358547,
    0.02555141243618367,
    -0.08941706811822123,
    -0.03869185472414499,
    -0.29277596203475903,
    0.12788191078422742,
    -0.1362645388694049,
    0.2375229036927315,
    -0.04908261667641774,
    0.048702086871650375,
    -0.33520412023474994,
    -0.030650964496675905,
    -0.04612726939827829,
    -0.13032746761792932,
    0.17007534347236322,
    0.22214787192185217,
    0.4136189675702944,
    0.17054752906925955,
    -0.34732056173627057,
    -0.6277222082481685,
    0.1443340616976419,
    0.22251252390665988,
    0.3278176014671915,
    -0.07562072725612945,
    -0.026080170560671946
  ],
  "expression": [
    -0.13078672885894774,
    0.3895419716835022,
    -0.08712456822395324,
    -0.33874558210372924,
    -0.5020515203475951,
    -0.20527426600456236,
    -0.484284496307373,
    0.04127363562583923,
    -0.7879473209381104,
    -0.14095721840858458
  ],
  "fusion_metadata": {
    "body_source": "SMPLest-X",
    "hand_source": "Hierarchical Composition",
    "expression_source": "EMOCA"
  }
}