{
  "focal_length": [
    25070.98992665609,
    25070.98913192749
  ],
  "principal_point": [
    689.1695709228516,
    641.0379516482353
  ],
  "camera_translation": [
    0.028565360233187675,
    0.2760457992553711,
    39.85502243041992
  ],
  "detection_bbox": [
    450.8570861816406,
    106.190185546875,
    928.4820556640625,
    1176.8857421875
  ]
}