{
  "betas": [
    0.09092250466346741,
    0.32519128918647766,
    -0.4213443994522095,
    -0.6009666323661804,
    0.0804603099822998,
    -0.4335939586162567,
    -0.10954731702804565,
    -0.011554487980902195,
    -0.18613001704216003,
    -0.14070245623588562
  ],
  "body_pose": [
    -1.1627992391586304,
    -0.013059860095381737,
    0.27869006991386414,
    -1.0019783973693848,
    -0.10932544618844986,
    -0.30184614658355713,
    1.2172783613204956,
    0.04320053383708,
    -0.09748250246047974,
    0.6028138399124146,
    0.11952283978462219,
    -0.0949629619717598,
    0.6909546852111816,
    -0.17171962559223175,
    0.16412799060344696,
    -0.21345022320747375,
    0.008019142784178257,
    -0.01771196350455284,
    -0.017295530065894127,
    0.10634353756904602,
    -0.12102501094341278,
    -0.025434838607907295,
    -0.2509630024433136,
    0.08076482266187668,
    -0.05806349590420723,
    0.009992971085011959,
    -0.00898777786642313,
    0.008573184721171856,
    -0.04563112184405327,
    0.023275703191757202,
    -0.002920180559158325,
    0.013261135667562485,
    -0.004841451533138752,
    0.04107695817947388,
    0.021918054670095444,
    0.09108739346265793,
    -0.21319401264190674,
    -0.7697389125823975,
    0.2644086182117462,
    -0.2440008521080017,
    0.8447384238243103,
    -0.17174197733402252,
    -0.15116509795188904,
    0.050756122916936874,
    -0.03972787782549858,
    -0.4089876115322113,
    -0.5922588109970093,
    -0.2011091262102127,
    -0.28978562355041504,
    0.7583386301994324,
    0.2609580159187317,
    -0.22976495325565338,
    -0.10193711519241333,
    0.08856013417243958,
    -0.1423403024673462,
    0.21207435429096222,
    0.007828515954315662,
    -0.23337002098560333,
    -0.04033472016453743,
    0.22647662460803986,
    -0.023420268669724464,
    0.014074890874326229,
    -0.20431941747665405
  ],
  "root_pose": [
    -2.4638278484344482,
    -0.204121395945549,
    -0.5300953984260559
  ],
  "translation": [
    -0.0719967633485794,
    0.05046111345291138,
    29.627599716186523
  ],
  "jaw_pose": [
    0.001103184069506824,
    -0.01396659854799509,
    -0.014549343846738338
  ],
  "left_hand_pose": [
    -0.01587039977312088,
    0.055164601653814316,
    0.047531209886074066,
    0.30194452714267717,
    0.1412059813106685,
    0.9103966994811481,
    -0.12575233606382127,
    0.2586168570603977,
    0.5150606809275662,
    -0.23874227939983714,
    -0.004517515776145288,
    1.2612035122904848,
    -0.17985087575745054,
    -0.04579719620765118,
    0.8683481793625621,
    0.020890621344043892,
    0.27899777723017016,
    0.7845060359893586,
    -0.8026188360478178,
    0.4367578593420985,
    1.0775484520596086,
    -0.5881560847500625,
    0.12625988874870214,
    0.7577683288612149,
    -0.4712305764344453,
    0.10727434365046871,
    0.5949654877441324,
    -0.18749601133084295,
    0.23167815090666935,
    1.1891321409598805,
    -0.5212863813832443,
    0.26671936832081605,
    0.9602772346055122,
    -0.3015885493663874,
    0.2286619723953474,
    0.8368298782461747,
    0.8506796550550473,
    -0.26345509503917164,
    -0.12198632377525884,
    -0.5558606070842013,
    0.06441902786779569,
    0.22221952459180772,
    0.6661429622481119,
    -0.28112754425812414,
    0.2634287671885241
  ],
  "right_hand_pose": [
    -0.015408887527883053,
    -0.05740010365843773,
    -0.06386818736791611,
    0.16602999950684635,
    0.21377291552588767,
    1.208462485837467,
    -0.06219041465262625,
    0.12860256912213852,
    0.5881811370160461,
    -0.012995863734888568,
    0.008414564600859797,
    0.6447184231214692,
    -0.34193091099302697,
    0.0009766797948982174,
    1.124662978468262,
    -0.0012759703925525943,
    0.06938288111314801,
    0.548382252564872,
    0.30069090105432744,
    0.3460500822559559,
    0.3884425132435316,
    -1.0457520284359485,
    0.22997687763343422,
    0.8060326207926359,
    -0.30610752719858114,
    0.2051031295998874,
    0.6075870202547516,
    0.16186840633257146,
    0.10156027609802179,
    0.5274695754281168,
    -0.5412396591820194,
    0.1498612420969391,
    1.1140586129682923,
    -0.2235058352835263,
    0.1718100149473939,
    0.5959240380920211,
    0.5667877754805419,
    0.07716717062012386,
    -0.23013640647105282,
    -0.530461141387208,
    -0.07084222130174128,
    0.30767545378862043,
    0.1796699355179362,
    -0.04134515169222058,
    -0.024844530064111903
  ],
  "expression": [
    -0.4164910912513733,
    -1.942123746871948,
    1.1488648653030396,
    1.0517685413360596,
    -0.4626196146011352,
    0.48425971269607543,
    0.4150656580924988,
    -0.7122511625289917,
    -0.5841472506523132,
    -0.7322528600692749
  ],
  "fusion_metadata": {
    "body_source": "SMPLest-X",
    "hand_source": "Hierarchical Composition",
    "expression_source": "EMOCA"
  }
}