{
  "betas": [
    0.0919230580329895,
    0.3251727819442749,
    -0.42168426513671875,
    -0.6011470556259155,
    0.08111860603094101,
    -0.433928906917572,
    -0.10975069552659988,
    -0.011378650553524494,
    -0.18603260815143585,
    -0.14083945751190186
  ],
  "body_pose": [
    -1.1628419160842896,
    -0.012997614219784737,
    0.2786620855331421,
    -1.0018651485443115,
    -0.10937218368053436,
    -0.3018447458744049,
    1.2172871828079224,
    0.04321340098977089,
    -0.09748771786689758,
    0.6028187274932861,
    0.11961877346038818,
    -0.09498057514429092,
    0.6907172203063965,
    -0.1717473715543747,
    0.16407443583011627,
    -0.213424950838089,
    0.008023303933441639,
    -0.017701920121908188,
    -0.017246540635824203,
    0.10631387680768967,
    -0.12105651944875717,
    -0.025441685691475868,
    -0.2509472072124481,
    0.08076725155115128,
    -0.058100368827581406,
    0.009994691237807274,
    -0.008980288170278072,
    0.008580469526350498,
    -0.04563283920288086,
    0.023256372660398483,
    -0.0029165821615606546,
    0.013253754004836082,
    -0.0048406897112727165,
    0.04114443063735962,
    0.02195143699645996,
    0.09110810607671738,
    -0.21319718658924103,
    -0.7697958946228027,
    0.2644146680831909,
    -0.24397626519203186,
    0.8447734713554382,
    -0.17171956598758698,
    -0.1510995328426361,
    0.05080171674489975,
    -0.03976498916745186,
    -0.4089864492416382,
    -0.5922854542732239,
    -0.20108509063720703,
    -0.2896672189235687,
    0.7583228945732117,
    0.2609162926673889,
    -0.22978244721889496,
    -0.10183297097682953,
    0.08854199200868607,
    -0.14217808842658997,
    0.21210162341594696,
    0.007898159325122833,
    -0.2333223968744278,
    -0.04038501903414726,
    0.22637632489204407,
    -0.023289844393730164,
    0.01422124169766903,
    -0.2041231095790863
  ],
  "root_pose": [
    -2.4638335704803467,
    -0.204105406999588,
    -0.5301423072814941
  ],
  "translation": [
    -0.07200257480144501,
    0.05043690651655197,
    29.63112449645996
  ],
  "left_hand_pose": [
    -0.04163368363637324,
    0.07660540195430696,
    -0.4705022751317846,
    0.19313320200556533,
    -0.07522030243244178,
    -0.1541766894810458,
    -0.029359370923721637,
    -0.16770119783998294,
    -0.32660139023055007,
    -0.12064724005597038,
    -0.046426336830910075,
    -0.7316190123144007,
    -0.03615246706500172,
    -0.009444503807627264,
    -0.1634910386708336,
    0.04007353818390971,
    -0.18666092901419373,
    -0.44659251149458656,
    -0.3455858527211813,
    -0.24047391417721647,
    -0.4520909192153354,
    -0.37350370593920235,
    -0.060261602257033225,
    -0.2508741218573395,
    -0.10150621906794538,
    -0.04692971728949086,
    -0.5154752598677848,
    -0.045626316799121575,
    -0.14582551758948126,
    -0.5536038842701034,
    -0.21794479389818117,
    -0.20883839309248683,
    -0.3288880246822079,
    -0.1254676643480068,
    -0.09656889612368336,
    -0.46347530178159346,
    -0.00028462391558337075,
    -0.013467647025920182,
    0.2135343935576626,
    -0.05602116946259511,
    -0.09097550002825452,
    -0.27510040132453784,
    0.13058381446399225,
    0.23516650330294087,
    0.013929254071038122
  ],
  "right_hand_pose": [
    -0.03582168101729266,
    -0.2735295932658919,
    -0.04527487539956815,
    0.057218674369734504,
    0.14778723664766097,
    0.45224247583736477,
    0.034202550487473386,
    0.037686909901723756,
    0.39972184631902996,
    0.10509917560897818,
    0.05935841720791517,
    0.11513392314538518,
    -0.19823250230057812,
    0.05621837981017667,
    0.41980583777653346,
    0.017906946447313225,
    -0.022953967102828404,
    0.21046872807009998,
    0.7577238843809639,
    0.14976613709107386,
    -0.23701501960074162,
    -0.8310996496250882,
    0.1639785911417653,
    0.2991384137887605,
    0.0636168301679188,
    0.14475850323890957,
    0.528096792378404,
    0.30373810086429287,
    0.01570764278083371,
    -0.1080586812616603,
    -0.23789807169695626,
    0.09198026686860988,
    0.48266940304498807,
    -0.047384950265145664,
    0.03971693867572984,
    0.22256946162743985,
    -0.2841765034900887,
    0.35408991268521567,
    -0.3216844762534566,
    -0.03062170376560186,
    -0.04428574914128244,
    0.36055633052135055,
    -0.3558892122661833,
    0.004615889262962719,
    -0.30220255132367424
  ],
  "expression": [
    -0.5552491188049317,
    -2.5897863388061526,
    1.532223129272461,
    1.4024275779724122,
    -0.6163823127746583,
    0.6460200786590576,
    0.553242826461792,
    -0.9494868278503419,
    -0.7787888526916504,
    -0.9765104293823242
  ],
  "jaw_pose": [
    -0.10753713548183441,
    0.019014958292245865,
    0.1106816828250885
  ]
}