{
  "betas": [
    0.5579380989074707,
    0.5297393798828125,
    0.016008954495191574,
    -0.47421547770500183,
    -0.10132261365652084,
    -0.7911282181739807,
    0.2803287208080292,
    0.06013590097427368,
    0.06491173803806305,
    -0.114582359790802
  ],
  "body_pose": [
    0.02109929919242859,
    0.1042485237121582,
    0.1434292197227478,
    -0.010195466689765453,
    -0.09851507097482681,
    -0.0836881697177887,
    0.08596834540367126,
    0.004055388271808624,
    -0.027991289272904396,
    0.03527515009045601,
    -0.050228044390678406,
    0.01983466185629368,
    0.11073990911245346,
    0.0021709648426622152,
    0.011767297983169556,
    -0.07821621745824814,
    -0.011175471358001232,
    -0.021991776302456856,
    -0.05477698892354965,
    0.16304700076580048,
    -0.1210511177778244,
    -0.06459293514490128,
    -0.19274212419986725,
    0.08320405334234238,
    0.05075305700302124,
    -0.009420945309102535,
    -0.005272120237350464,
    0.005172794219106436,
    -0.008555898442864418,
    0.018767090514302254,
    0.01905248872935772,
    0.002781418152153492,
    -0.04220616817474365,
    0.052354589104652405,
    -0.028849799185991287,
    0.09253785759210587,
    -0.18511825799942017,
    -0.2418060153722763,
    0.3368563652038574,
    -0.21192067861557007,
    0.2678721249103546,
    -0.24782344698905945,
    -0.12299826741218567,
    -0.03480900451540947,
    0.038362279534339905,
    -0.029932159930467606,
    -0.31369084119796753,
    0.02112298272550106,
    -0.09437844157218933,
    0.2712046205997467,
    -0.09084593504667282,
    -0.009943914599716663,
    -2.064098834991455,
    0.09106934070587158,
    0.03471287712454796,
    2.223191499710083,
    -0.2786519527435303,
    -0.1969328671693802,
    -0.5208019614219666,
    0.2518060505390167,
    0.022610777989029884,
    0.4883151650428772,
    -0.33649730682373047
  ],
  "root_pose": [
    -3.0070137977600098,
    0.009528428316116333,
    -0.02297847904264927
  ],
  "translation": [
    0.008232874795794487,
    0.25921908020973206,
    41.3477783203125
  ],
  "jaw_pose": [
    -0.00034354403032921255,
    -0.008859009481966496,
    -0.006856826599687338
  ],
  "left_hand_pose": [
    -0.03778589889407158,
    0.06062435358762741,
    0.2732918858528137,
    0.01693117579790189,
    -0.0013774592959368837,
    -0.19333346126223175,
    0.1753837543960512,
    -0.07823247143010166,
    -0.1398874021114044,
    0.2936970402764964,
    -0.10171588441698244,
    -0.18775923492248942,
    -0.2748690778991278,
    -0.12816122787887033,
    -0.09611359415587423,
    0.04578384457424741,
    0.10330386374114904,
    0.015292021202229346,
    0.14647819658171923,
    -0.08612690795375723,
    0.08007069759507021,
    -0.041226783241469334,
    -0.12642831432076657,
    -0.04408273181465995,
    -0.2358135900301595,
    0.1560303550725208,
    -0.147358564813977,
    0.18540706011484362,
    -0.24117545214372624,
    -0.08002938012567164,
    -0.25582341032048705,
    -0.09464856731774623,
    -0.16689880573478924,
    -0.13098575126935716,
    0.22718616814539985,
    0.054060008780369706,
    0.7165892912539553,
    0.05244999884001979,
    -0.056669009163682144,
    -0.7513653675666065,
    0.2511517737361872,
    0.1927052634385545,
    0.15515824310911827,
    0.2804964700776842,
    -0.15728957732381296
  ],
  "right_hand_pose": [
    -0.018554478883743286,
    -0.019564760848879814,
    -0.3487797677516937,
    -0.008382345243459247,
    0.061887896008202006,
    -0.08512496529574318,
    0.37866204102931916,
    -0.057725976755409594,
    -0.13773808372552038,
    0.40433282933377807,
    -0.15944005832075783,
    -0.2009598057472687,
    -0.3591988670962339,
    -0.06665138112022985,
    0.03195478550421647,
    0.0746559573300304,
    0.15396772280131535,
    -0.00018313989690905624,
    0.3792116636299773,
    -0.07392353563822279,
    -0.112918052770931,
    -0.16876677867219353,
    -0.10634806570445071,
    -0.02306042795472548,
    -0.323260334012648,
    0.18034867084166878,
    -0.10946315784419074,
    0.278441677459972,
    -0.24814245441089006,
    -0.11324194926278408,
    -0.3316170908447287,
    -0.06907941446861375,
    -0.1760980774279914,
    -0.15200183549693963,
    0.2882978125618371,
    0.025477802004643946,
    0.7019473007702064,
    0.08142113783569287,
    -0.10583145607813939,
    -0.7300031420125741,
    0.1794194739507039,
    0.28915086657806416,
    0.24993955346271415,
    0.055467648013249736,
    -0.2748101759560446
  ],
  "expression": [
    -0.166023713350296,
    0.077847620844841,
    0.062130846083164215,
    -0.10542015731334686,
    -0.29142045378684994,
    0.1735122263431549,
    -0.48584911823272703,
    0.33061484098434446,
    -0.2418197214603424,
    -0.16170700192451476
  ],
  "fusion_metadata": {
    "body_source": "SMPLest-X",
    "hand_source": "Hierarchical Composition",
    "expression_source": "EMOCA"
  }
}