{
  "focal_length": [
    26328.131357828777,
    26328.132152557373
  ],
  "principal_point": [
    722.6915283203125,
    579.0578002929688
  ],
  "camera_translation": [
    0.006426507607102394,
    0.25422972440719604,
    42.34913635253906
  ],
  "detection_bbox": [
    547.5633544921875,
    17.390975952148438,
    898.8197021484375,
    1141.724609375
  ]
}