{
  "focal_length": [
    25705.011685689293,
    25705.013275146484
  ],
  "principal_point": [
    794.1244812011719,
    641.2987689971924
  ],
  "camera_translation": [
    -0.029384421184659004,
    0.2652895450592041,
    40.11873245239258
  ],
  "detection_bbox": [
    551.4163208007812,
    92.9251480102539,
    1037.8326416015625,
    1190.67236328125
  ]
}