{
  "focal_length": [
    25598.866144816082,
    25598.864555358887
  ],
  "principal_point": [
    765.1709289550781,
    622.245964050293
  ],
  "camera_translation": [
    -0.005621301010251045,
    0.251954048871994,
    40.21645736694336
  ],
  "detection_bbox": [
    536.4343872070312,
    76.13685607910156,
    994.907470703125,
    1169.3551025390625
  ]
}