{
  "focal_length": [
    22253.672281901043,
    22253.670692443848
  ],
  "principal_point": [
    798.9706420898438,
    705.5186614990234
  ],
  "camera_translation": [
    -0.002317216247320175,
    0.1651725172996521,
    33.68674850463867
  ],
  "detection_bbox": [
    619.2860107421875,
    230.77369689941406,
    979.6552734375,
    1181.263671875
  ]
}