{
  "focal_length": [
    25116.69158935547,
    25116.69158935547
  ],
  "principal_point": [
    751.2983703613281,
    637.5961303710938
  ],
  "camera_translation": [
    -0.022196641191840172,
    0.267041951417923,
    39.738197326660156
  ],
  "detection_bbox": [
    571.5288696289062,
    101.77337646484375,
    932.06787109375,
    1174.4189453125
  ]
}