{
  "betas": [
    -0.3526949882507324,
    0.12542404234409332,
    -0.4291309416294098,
    -0.6762866973876953,
    -0.4117511510848999,
    -0.7986204028129578,
    -0.23523399233818054,
    0.040173355489969254,
    -0.005263492930680513,
    -0.026573579758405685
  ],
  "body_pose": [
    -0.3356878459453583,
    0.11961899697780609,
    0.18895481526851654,
    -0.6141396760940552,
    -0.035867173224687576,
    -0.26687246561050415,
    0.37957292795181274,
    -0.08091055601835251,
    0.018091127276420593,
    0.93155837059021,
    0.06453297287225723,
    -0.13334813714027405,
    1.0698423385620117,
    -0.05445371940732002,
    0.1259637326002121,
    -0.09916218370199203,
    -0.03538942337036133,
    0.04820699244737625,
    -0.3112345337867737,
    0.22478239238262177,
    -0.02959144115447998,
    -0.35412466526031494,
    -0.21300847828388214,
    0.015947284176945686,
    0.004463817924261093,
    -0.03779512271285057,
    0.028268374502658844,
    -0.018708784133195877,
    0.01085030846297741,
    0.002270572120323777,
    -0.03780144080519676,
    0.006280660629272461,
    -0.031195949763059616,
    0.11614544689655304,
    -0.19531133770942688,
    0.13333186507225037,
    -0.2434035986661911,
    -0.5131016969680786,
    0.3094029128551483,
    -0.20488277077674866,
    0.38695815205574036,
    -0.10576832294464111,
    -0.3104616701602936,
    -0.2518033981323242,
    -0.026035873219370842,
    -0.2524232864379883,
    -0.7090256214141846,
    -0.24656301736831665,
    -0.4705093204975128,
    0.3977033197879791,
    0.18420782685279846,
    -0.1355639398097992,
    -1.134007215499878,
    0.06739665567874908,
    -0.5478358864784241,
    1.0447759628295898,
    -0.49994176626205444,
    -0.3550786077976227,
    -0.14620809257030487,
    -0.08446571230888367,
    -0.39834779500961304,
    0.22212804853916168,
    -0.4466933608055115
  ],
  "root_pose": [
    -3.0200133323669434,
    0.12376533448696136,
    0.38381871581077576
  ],
  "translation": [
    0.20350566506385803,
    0.27770230174064636,
    36.36952209472656
  ],
  "jaw_pose": [
    0.0042225057259202,
    -0.014140517450869083,
    0.0058375271037220955
  ],
  "left_hand_pose": [
    -0.02407008595764637,
    0.07940021902322769,
    0.0749509185552597,
    0.0,
    0.0,
    0.0,
    0.0,
    0.0,
    0.0,
    0.0,
    0.0,
    0.0,
    0.0,
    0.0,
    0.0,
    0.0,
    0.0,
    0.0,
    0.0,
    0.0,
    0.0,
    0.0,
    0.0,
    0.0,
    0.0,
    0.0,
    0.0,
    0.0,
    0.0,
    0.0,
    0.0,
    0.0,
    0.0,
    0.0,
    0.0,
    0.0,
    0.0,
    0.0,
    0.0,
    0.0,
    0.0,
    0.0,
    0.0,
    0.0,
    0.0
  ],
  "right_hand_pose": [
    0.004676818381994963,
    0.009525061585009098,
    -0.4083908498287201,
    0.08988216074551458,
    0.09389419758135271,
    0.3064641739560567,
    -0.08817294140165095,
    0.027901716085896637,
    0.11758620139810097,
    -0.013277414933740841,
    0.026306395547545457,
    0.37136380835494454,
    -0.20842511810714556,
    -0.031072045379028773,
    0.2907150550889208,
    -0.007888195537829146,
    0.08393065012349805,
    0.2535224846024976,
    -0.2297255778668924,
    0.23811550887265415,
    0.3311164543605588,
    0.033659222020689855,
    -0.05538266432309373,
    0.15828294563603795,
    -0.3660951078895053,
    0.07448191364786143,
    -0.13531143732273068,
    0.03650678822814262,
    0.09352669158035141,
    0.258611709001442,
    -0.2982171196038302,
    0.017768276163885988,
    0.2401923904558518,
    -0.19655409206972266,
    0.14958635131167547,
    0.3484755792665825,
    0.8648334694162974,
    -0.20746843165856987,
    0.025640562172805942,
    -0.6988744798289499,
    0.24336500048062967,
    0.1701840802993812,
    0.3769796229241462,
    0.19457153126578858,
    0.07400576411319736
  ],
  "expression": [
    -0.0190699964761734,
    0.5069225549697876,
    0.4880480289459228,
    -0.06531925052404404,
    0.07830789685249329,
    0.07681068778038025,
    -0.4324564218521118,
    0.7320884943008422,
    0.16718223094940185,
    0.47475990056991574
  ],
  "fusion_metadata": {
    "body_source": "SMPLest-X",
    "hand_source": "Hierarchical Composition",
    "expression_source": "EMOCA"
  }
}