{
  "focal_length": [
    24983.007113138836,
    24983.00790786743
  ],
  "principal_point": [
    755.0969848632812,
    641.4331710338593
  ],
  "camera_translation": [
    -0.012216383591294289,
    0.28426626324653625,
    38.61869430541992
  ],
  "detection_bbox": [
    421.134033203125,
    108.46233367919922,
    1090.0599365234375,
    1175.4039306640625
  ]
}