{
  "focal_length": [
    25331.679979960125,
    25331.68077468872
  ],
  "principal_point": [
    784.2154846191406,
    648.0562866330147
  ],
  "camera_translation": [
    -0.04109267145395279,
    0.2436990737915039,
    38.459320068359375
  ],
  "detection_bbox": [
    580.9884643554688,
    107.6470947265625,
    988.4425048828125,
    1189.4654541015625
  ]
}