{
  "betas": [
    0.7454057335853577,
    0.5880497694015503,
    -0.10375671088695526,
    -0.3038794994354248,
    -0.12467394769191742,
    -0.6378868818283081,
    0.014482557773590088,
    0.02108418568968773,
    -0.030320897698402405,
    -0.06548358500003815
  ],
  "body_pose": [
    -0.19005443155765533,
    0.0378720685839653,
    0.16945701837539673,
    -0.28388896584510803,
    -0.06805188208818436,
    -0.12548713386058807,
    0.2259000688791275,
    0.007784395478665829,
    -0.02193504385650158,
    0.4687296748161316,
    -0.055864639580249786,
    -0.04210387170314789,
    0.629526674747467,
    -0.021667037159204483,
    0.07374310493469238,
    -0.06782727688550949,
    0.002449025632813573,
    -0.016841568052768707,
    -0.12394509464502335,
    0.1326787918806076,
    -0.07108684629201889,
    -0.1522340029478073,
    -0.139460951089859,
    0.020428426563739777,
    0.0654832199215889,
    0.002355502685531974,
    -0.0008044553687795997,
    -0.019194167107343674,
    -0.00488202553242445,
    0.007793352007865906,
    -0.02142365090548992,
    -0.007881359197199345,
    -0.01232909131795168,
    0.010392884723842144,
    -0.031883735209703445,
    0.09890750795602798,
    0.011249391362071037,
    0.015024506486952305,
    -0.19718694686889648,
    0.014300077222287655,
    0.038554467260837555,
    0.2319478690624237,
    0.006159650161862373,
    -0.012771151028573513,
    -0.03228425607085228,
    0.05523233860731125,
    -0.10831978172063828,
    -0.6951937079429626,
    0.08138800412416458,
    0.12528622150421143,
    0.6949928998947144,
    -0.027366861701011658,
    -0.5108113884925842,
    0.03731539845466614,
    0.08761509507894516,
    0.4637198746204376,
    -0.01206266600638628,
    -0.12982241809368134,
    -0.07279949635267258,
    0.1003686785697937,
    -0.058958906680345535,
    0.046656399965286255,
    0.003275752766057849
  ],
  "root_pose": [
    -3.041989326477051,
    0.009063856676220894,
    -0.041230566799640656
  ],
  "translation": [
    -0.018542392179369926,
    0.28118443489074707,
    40.21820068359375
  ],
  "jaw_pose": [
    0.015884732827544212,
    -0.00389858172275126,
    -0.004526516422629356
  ],
  "left_hand_pose": [
    -0.009615624323487282,
    0.09988727420568466,
    -0.12705616652965546,
    0.0735068708241918,
    0.1780147196065937,
    0.6961781760272819,
    -0.1190822985783165,
    0.08873494882099245,
    0.07385833269827874,
    0.012909233065161275,
    -0.005374306370234313,
    0.25237255771177175,
    -0.18248231500629047,
    0.046669208909646605,
    0.5305342401850665,
    -0.027792915156916082,
    0.2007757381263697,
    0.18618119909535902,
    -0.06313228695711072,
    0.5426002374897069,
    0.12883671805438854,
    -0.14609880947922554,
    -0.1369884910315131,
    0.21204186316060794,
    -0.31899109997984393,
    -0.0492470062995104,
    -0.18199466559188915,
    0.10172490392806416,
    0.15588006668090865,
    0.10523143846475047,
    -0.2899849121221661,
    -0.006145320119146207,
    0.33214725941201134,
    -0.2246159729025049,
    0.20035858255530495,
    0.20267544103216342,
    1.1360448526158073,
    -0.5721937911066115,
    0.1380090463480963,
    -0.6367747446624599,
    0.0997526199105117,
    -0.16952942878803526,
    0.6546989185496912,
    0.15803496549925192,
    0.296187039877383
  ],
  "right_hand_pose": [
    -0.009316192008554935,
    -0.025155333802103996,
    -0.08431712538003922,
    0.14811137452346823,
    0.10416060064182235,
    0.38108801632880135,
    0.016531727366195976,
    0.08232454661683827,
    0.23837395140306775,
    0.011818386630308231,
    -0.01676625178098629,
    0.7741034257196971,
    -0.3114266864206732,
    -0.03388568775785736,
    0.4567222429762668,
    0.02443334478512815,
    0.11991382520354733,
    0.40569334323195316,
    0.12925111462946093,
    0.44796899097298554,
    0.46356541333671775,
    -0.6173641233016407,
    -0.022476844846388653,
    0.2853231781269155,
    -0.2396492666333536,
    0.24394440006847934,
    0.2614676802968858,
    0.11443134131632493,
    0.15568193378055736,
    0.5664624591229331,
    -0.4762155420809638,
    0.024293004730260043,
    0.5320499065742702,
    -0.22113490806039882,
    0.24954979005071481,
    0.46249782877104356,
    0.6613542786326482,
    -0.1197320953005382,
    -0.1952158236561836,
    -0.5691909640764999,
    0.09059741744435365,
    0.39303497958871275,
    0.25218697244788524,
    0.12576462668054764,
    -0.08310207680798451
  ],
  "expression": [
    0.03636074513196945,
    0.23878633975982666,
    0.016675782948732374,
    -0.1437240958213806,
    -0.4205774188041687,
    -0.03993004560470581,
    -0.12656706869602202,
    0.37741388082504274,
    -0.042181366682052614,
    0.19202831983566285
  ],
  "fusion_metadata": {
    "body_source": "SMPLest-X",
    "hand_source": "Hierarchical Composition",
    "expression_source": "EMOCA"
  }
}