{
  "focal_length": [
    25422.657330830894,
    25422.658920288086
  ],
  "principal_point": [
    785.90625,
    644.6393370628357
  ],
  "camera_translation": [
    -0.025867139920592308,
    0.266355037689209,
    38.88976287841797
  ],
  "detection_bbox": [
    587.3094482421875,
    102.28927612304688,
    985.5030517578125,
    1187.9893798828125
  ]
}