{
  "focal_length": [
    25381.673177083336,
    25381.674766540527
  ],
  "principal_point": [
    785.4027099609375,
    648.4870697259903
  ],
  "camera_translation": [
    -0.0321497842669487,
    0.246978759765625,
    37.86615753173828
  ],
  "detection_bbox": [
    585.492431640625,
    107.01133728027344,
    986.31298828125,
    1190.9627685546875
  ]
}