{
  "focal_length": [
    25250.790913899742,
    25250.790119171143
  ],
  "principal_point": [
    742.617431640625,
    635.142336845398
  ],
  "camera_translation": [
    -0.0005843061953783035,
    0.27502378821372986,
    40.668701171875
  ],
  "detection_bbox": [
    534.76025390625,
    96.45881652832031,
    951.474609375,
    1174.825927734375
  ]
}