{
  "betas": [
    0.7556228041648865,
    0.3064127564430237,
    -0.11636967211961746,
    -0.3796984851360321,
    -0.042304571717977524,
    -0.7615022659301758,
    -0.03373584896326065,
    0.09542179107666016,
    0.17960532009601593,
    -0.12046460807323456
  ],
  "body_pose": [
    -0.08729900419712067,
    0.03986908495426178,
    0.09703724831342697,
    -0.6566763520240784,
    0.2644309997558594,
    -0.23364128172397614,
    0.20994019508361816,
    -0.10237511247396469,
    -0.0448610894382,
    0.33615708351135254,
    0.004863266367465258,
    -0.03265676647424698,
    1.9955182075500488,
    0.04777912050485611,
    0.14047320187091827,
    -0.01159670203924179,
    -0.04500226303935051,
    -0.0011714643333107233,
    -0.06736910343170166,
    0.08036681264638901,
    -0.006711035035550594,
    0.16662369668483734,
    -0.09358139336109161,
    0.07183713465929031,
    0.03139839321374893,
    -0.05558500811457634,
    -0.01767721027135849,
    -0.014077804982662201,
    0.004318669438362122,
    0.020372387021780014,
    -0.022065024822950363,
    0.006399998441338539,
    -0.01604289561510086,
    -0.03087177313864231,
    0.02470952831208706,
    0.10146638751029968,
    -0.042735327035188675,
    -0.18484832346439362,
    -0.16382351517677307,
    0.21197615563869476,
    -0.21517308056354523,
    0.12466448545455933,
    -0.186418816447258,
    0.00517085799947381,
    0.08860088884830475,
    -0.0994405522942543,
    -0.4064827263355255,
    -0.73588627576828,
    0.34836751222610474,
    -0.1908494085073471,
    0.8773749470710754,
    -0.08355602622032166,
    -1.8717517852783203,
    0.3915078341960907,
    0.16547559201717377,
    1.6956812143325806,
    -0.24263626337051392,
    -0.28762248158454895,
    -0.3383983373641968,
    0.22607547044754028,
    -0.146888867020607,
    0.11172887682914734,
    0.23156388103961945
  ],
  "root_pose": [
    -3.0717108249664307,
    -0.07477708905935287,
    -0.24332301318645477
  ],
  "translation": [
    0.02624562941491604,
    0.26355642080307007,
    41.29218292236328
  ],
  "jaw_pose": [
    0.003966842778027058,
    -0.005527152214199305,
    0.011637610383331776
  ],
  "left_hand_pose": [
    -0.04680902138352394,
    0.002471178537234664,
    -0.025793500244617462,
    0.1679048180292424,
    0.018420894863412245,
    0.15253458742719264,
    -0.05743181567717217,
    0.04147001256463252,
    -0.05409787799032489,
    -0.0339564599813772,
    -0.17245920168934417,
    0.760138891166047,
    -0.16797013132698718,
    -0.07271761225392845,
    0.18104501469361217,
    -0.007454753277038566,
    0.12670184514213387,
    0.18654648109854638,
    -0.31027051767881475,
    0.575621165966529,
    0.5819902914448694,
    -0.18382264996787753,
    -0.0843618142036654,
    0.28189464906211587,
    -0.33616970901865895,
    0.0803593188552647,
    -0.19661997233892162,
    0.013613679241920657,
    0.08085151830229147,
    0.6691064201390265,
    -0.33646072052419784,
    0.011460200638448145,
    0.14368889596853307,
    -0.19495655427930814,
    0.17947752624323296,
    0.19289487461679733,
    0.988799604129012,
    -0.1258004775103321,
    0.010256545851654269,
    -0.7073677076665379,
    0.06536304496865976,
    0.2888803991776757,
    0.4898398792545668,
    0.32055943062055825,
    -0.07855848320429203
  ],
  "right_hand_pose": [
    -0.021362900733947754,
    -0.012399442493915558,
    0.11118042469024658,
    0.3092336039873347,
    0.10250654865565796,
    0.5738277090306825,
    -0.19654849362232654,
    0.06434324959500218,
    -0.15866848601269085,
    -0.25633653067731105,
    0.023464148498634627,
    1.237175215720602,
    -0.14071831189195796,
    -0.08748445189750743,
    0.3952056648595815,
    0.030600098444911936,
    0.1416516251240914,
    0.1225227688873939,
    -0.2567197893015261,
    0.22783025567450294,
    0.5803025903936178,
    0.03513906936615728,
    -0.09988626310117087,
    0.11281515770235036,
    -0.4059890458029664,
    0.015325716838473917,
    -0.2703345598067211,
    -0.03334847397547648,
    0.13608636147285003,
    0.9074846489438224,
    -0.36651801917810956,
    0.06298197748525972,
    0.27931594149363836,
    -0.21304074173313278,
    0.1592156593199043,
    0.24656477418973927,
    1.27951801977321,
    -0.4583869385574164,
    0.17872379889062642,
    -0.6837970768459898,
    0.1519003178035794,
    0.13205558736509973,
    0.403550841387354,
    0.2860579871855467,
    -0.008654377122102718
  ],
  "expression": [
    -0.055159968137741086,
    0.4839677095413208,
    0.196016925573349,
    0.03882046937942505,
    -0.3173681616783142,
    0.08697566092014312,
    -0.8595973491668701,
    0.2911701500415802,
    0.21912839412689208,
    -0.1793862998485565
  ],
  "fusion_metadata": {
    "body_source": "SMPLest-X",
    "hand_source": "Hierarchical Composition",
    "expression_source": "EMOCA"
  }
}