{
  "focal_length": [
    26744.654973347984,
    26744.654178619385
  ],
  "principal_point": [
    702.3076477050781,
    588.0347747802734
  ],
  "camera_translation": [
    0.026181375607848167,
    0.23851406574249268,
    41.870548248291016
  ],
  "detection_bbox": [
    482.2076416015625,
    17.482147216796875,
    923.4075927734375,
    1159.58740234375
  ]
}