{
  "betas": [
    -0.7685542106628418,
    0.038019150495529175,
    0.058330655097961426,
    -0.39730897545814514,
    -0.14264759421348572,
    -0.578072726726532,
    0.1051502451300621,
    -0.03560187667608261,
    0.08245294541120529,
    0.04917231574654579
  ],
  "body_pose": [
    -0.019001992419362068,
    0.08011062443256378,
    0.22274798154830933,
    -0.08457151800394058,
    -0.09571775794029236,
    -0.08178207278251648,
    0.03339415416121483,
    0.006333061493933201,
    -0.05556267127394676,
    0.16470523178577423,
    0.006599527318030596,
    0.022073354572057724,
    0.27050378918647766,
    -0.10021097213029861,
    0.0505940318107605,
    0.06239645555615425,
    -0.020195532590150833,
    -0.025397751480340958,
    -0.026596063748002052,
    0.1217200756072998,
    -0.09213776886463165,
    -0.11861260235309601,
    -0.10079400986433029,
    -0.03473254293203354,
    0.07276467233896255,
    -0.015610208734869957,
    -0.0008700782200321555,
    -0.01892172172665596,
    -0.013878516852855682,
    0.01756623387336731,
    -0.024457182735204697,
    0.002188962185755372,
    -0.005826836917549372,
    0.223565012216568,
    -0.06508423388004303,
    0.1089823991060257,
    0.05891352519392967,
    -0.046555232256650925,
    -0.2259036898612976,
    0.049211785197257996,
    0.04992187023162842,
    0.24292168021202087,
    0.21226590871810913,
    -0.07973527908325195,
    -0.014658159576356411,
    0.23149827122688293,
    -0.426011323928833,
    -1.0069496631622314,
    0.2084890753030777,
    0.3894801735877991,
    1.0472493171691895,
    0.02463797852396965,
    -1.3800082206726074,
    0.008083347231149673,
    0.050659820437431335,
    1.4486876726150513,
    -0.0680769830942154,
    -0.6541314721107483,
    0.0435737743973732,
    0.33581724762916565,
    -0.4883009195327759,
    -0.1599450558423996,
    -0.2962573170661926
  ],
  "root_pose": [
    -3.0249688625335693,
    0.02803228422999382,
    0.0764387771487236
  ],
  "translation": [
    -0.05812162905931473,
    0.25724804401397705,
    38.50931930541992
  ],
  "jaw_pose": [
    0.008214944042265415,
    -0.0026374042499810457,
    0.0041740271262824535
  ],
  "left_hand_pose": [
    0.07297597080469131,
    0.17538908123970032,
    0.2698163092136383,
    0.11136431901112023,
    0.20543766937670016,
    1.3297826667618122,
    -0.12583465728488913,
    0.14231304493899455,
    0.331872470204518,
    -0.12474172572612315,
    -0.021087095338885073,
    0.368873549506004,
    -0.2813216475211042,
    0.04099004480749544,
    1.5541611024721984,
    -0.0769090078452898,
    0.2103041992222689,
    0.4110912266173955,
    -0.14953202548896516,
    0.6005748045159105,
    0.044382100211831574,
    -0.8291361101207704,
    0.09032248295744985,
    0.8581263794970385,
    -0.4275294241426499,
    -0.020226381177611358,
    0.33744562445508597,
    -0.03468280999952597,
    0.1943446085302188,
    0.17973225842344226,
    -0.509919449711485,
    0.1866506629699759,
    1.4825526168618328,
    -0.29026419126453984,
    0.16171748584876844,
    0.4221427086995676,
    1.0917800200231582,
    -0.5181185066101393,
    0.012981452458287551,
    -0.6596150219298568,
    0.11311065378089988,
    -0.15397531276400428,
    0.6863830599212474,
    0.09429762358089011,
    0.30902569652580153
  ],
  "right_hand_pose": [
    0.057043906301259995,
    -0.16851285099983215,
    -0.037126004695892334,
    0.009434161731659754,
    0.11826159754612649,
    0.8444383322849471,
    0.01796924186032688,
    0.059146922110135294,
    0.4975178046546403,
    0.06397164590000871,
    -0.34280949507673675,
    0.12829603569155532,
    -0.25154221746457067,
    -0.015490666766584036,
    1.063849743401752,
    -0.008141206572228365,
    0.15800922129273479,
    0.4235030598757695,
    -0.7323260662868889,
    0.21768248992353623,
    0.9695705365162147,
    -0.03838334204191778,
    0.05878525295243959,
    0.6226230525506602,
    -0.6318856033294623,
    0.10152849861517611,
    0.06509860700290301,
    -0.11363427316585617,
    -0.21133166097363767,
    0.4122172903960299,
    -0.38408506201127635,
    0.018789229892464347,
    0.9727385981700427,
    -0.2101628174620336,
    0.2728868465008054,
    0.428914388527471,
    0.8933096514234188,
    -0.10202474279397325,
    -0.053014823883718254,
    -0.5997574524829872,
    -0.23981498725354022,
    0.22372251460648168,
    0.5615404837047194,
    -0.16206555302602352,
    0.01014226460055892
  ],
  "expression": [
    -0.2988452732563019,
    0.08003726899623871,
    0.11096310317516327,
    -0.3630813717842102,
    -0.2300478458404541,
    -0.08012210726737976,
    -0.48408540487289425,
    -0.0950101912021637,
    -0.7445600509643554,
    -0.6686267852783203
  ],
  "fusion_metadata": {
    "body_source": "SMPLest-X",
    "hand_source": "Hierarchical Composition",
    "expression_source": "EMOCA"
  }
}