{
  "betas": [
    0.5567120313644409,
    0.6859226822853088,
    0.49985677003860474,
    -0.2387060672044754,
    -0.01974402368068695,
    -0.3659464716911316,
    0.13256362080574036,
    -0.018215421587228775,
    0.12310647964477539,
    -0.04151735082268715
  ],
  "body_pose": [
    0.012804687954485416,
    0.07749266922473907,
    0.14585508406162262,
    -0.030774427577853203,
    -0.10803698748350143,
    -0.07458531111478806,
    0.1032928004860878,
    0.0078295161947608,
    -0.044345393776893616,
    0.07934382557868958,
    0.0014570974744856358,
    0.0303381085395813,
    0.15497122704982758,
    -0.0677366554737091,
    0.00484485225751996,
    -0.05523284897208214,
    -0.01553643774241209,
    -0.025737125426530838,
    -0.03785261884331703,
    0.13636377453804016,
    -0.10018190741539001,
    -0.08064521104097366,
    -0.1675129383802414,
    0.04053551331162453,
    -0.01444314792752266,
    -0.013119659386575222,
    -0.0058648595586419106,
    -0.018021194264292717,
    -0.010980564169585705,
    0.021906891837716103,
    -0.011038318276405334,
    -0.0013235985534265637,
    -0.02596612274646759,
    0.013504188507795334,
    -0.04002004116773605,
    0.09393301606178284,
    -0.2117047756910324,
    -0.38018882274627686,
    0.09297347813844681,
    -0.20445629954338074,
    0.35736083984375,
    0.015124636702239513,
    0.03235914185643196,
    -0.04526686668395996,
    0.014282998628914356,
    -0.13151614367961884,
    -0.7470760345458984,
    -0.4850049912929535,
    -0.12479972839355469,
    0.6587673425674438,
    0.5504471659660339,
    0.01795439049601555,
    -1.86533522605896,
    0.6854342818260193,
    -0.018297141417860985,
    1.997714877128601,
    -0.8293893933296204,
    -0.11400598287582397,
    -0.2477879673242569,
    0.6670580506324768,
    -0.12480835616588593,
    0.2333838939666748,
    -0.6284326910972595
  ],
  "root_pose": [
    -2.983588457107544,
    -0.00719193322584033,
    0.015510697849094868
  ],
  "translation": [
    0.0016910377889871597,
    0.2519353926181793,
    41.95816421508789
  ],
  "jaw_pose": [
    0.013227702118456364,
    -0.011237182654440403,
    0.00024601290351711214
  ],
  "left_hand_pose": [
    -0.004643835127353668,
    0.04707862064242363,
    0.21203237771987915,
    -0.06122333879252346,
    0.09316849772886672,
    -0.2103479660456968,
    0.12958010278185775,
    -0.03173882535816611,
    -0.032592888160543815,
    0.28759074926077993,
    0.019740663171268397,
    0.013987880198359035,
    -0.19982822771365805,
    -0.019795974825821894,
    -0.21604508790814783,
    -0.025379298540502394,
    0.05950476308528362,
    0.04534995850264594,
    0.1913713754521199,
    -0.09146304115444955,
    0.1677852451008261,
    -0.01811518876476273,
    -0.1418081589236448,
    -0.07172927325670808,
    -0.20117959664918747,
    0.13489102314129237,
    -0.24848275907446415,
    0.2742652262020443,
    -0.05176618768639406,
    0.04369490665438911,
    -0.251371599767947,
    -0.004611250467616956,
    -0.22756506783241878,
    -0.13925773320369128,
    0.11873300393833833,
    0.0533232216101055,
    0.5646263262558483,
    -0.010522081743093957,
    -0.19542714984803147,
    -0.6452790909657731,
    0.20547642199387695,
    0.2544869000040085,
    0.1577225233608839,
    0.11694405079549042,
    -0.019452303576438804
  ],
  "right_hand_pose": [
    0.003455600468441844,
    -0.003624287201091647,
    -0.36971530318260193,
    -0.11146413359977278,
    0.09918824960372837,
    -0.19068488394023136,
    0.17293050935145277,
    -0.025317939298177633,
    0.03781997073265922,
    0.3133623074146173,
    -0.01394482938784269,
    -0.14833990241527187,
    -0.22380858677572163,
    -0.02056630062964364,
    -0.1596985715080108,
    0.016106514810583204,
    0.06631252309475844,
    0.10339465015091266,
    0.10161485111034335,
    0.07265702484048799,
    0.18012244283492612,
    0.06204158480428268,
    -0.13979782006928343,
    -0.018345997919471422,
    -0.27362379442969703,
    0.10690439841677626,
    -0.23702170828582797,
    0.30852518499727255,
    0.027999487530372916,
    -0.09245008412468127,
    -0.27472366967156037,
    -0.007943757819512563,
    -0.21827416953492157,
    -0.10430389435511368,
    0.12247461889629394,
    0.11532314283298026,
    0.5216402930513911,
    -0.1838267235155327,
    -0.28522567374731017,
    -0.6977188247511699,
    0.15316829769175816,
    0.2188622921879283,
    0.19159188592122064,
    0.11459014426823522,
    -0.05982034343201308
  ],
  "expression": [
    -1.1594982862472534,
    -2.0,
    1.4335684776306152,
    2.0,
    -0.8433739185333252,
    0.958773636817932,
    1.431304407119751,
    -1.4599584102630614,
    0.023276513814926146,
    -1.5045031070709227
  ],
  "fusion_metadata": {
    "body_source": "SMPLest-X",
    "hand_source": "Hierarchical Composition",
    "expression_source": "EMOCA"
  }
}