{
  "betas": [
    0.10037741810083389,
    0.2680191993713379,
    -0.18862447142601013,
    -0.6640328764915466,
    -0.2352714240550995,
    -1.071777582168579,
    -0.1735103726387024,
    0.0337873138487339,
    0.11532798409461975,
    0.0038052513264119625
  ],
  "body_pose": [
    -0.12126827985048294,
    0.03818540647625923,
    0.2024705559015274,
    -0.18043172359466553,
    -0.03753061965107918,
    -0.11139941215515137,
    0.12724736332893372,
    -0.010864987038075924,
    -0.03921196982264519,
    0.4166310727596283,
    0.003595453454181552,
    -0.007363371085375547,
    0.5867714285850525,
    -0.07668952643871307,
    0.0474080890417099,
    -0.019057370722293854,
    -0.010092063806951046,
    -0.007364082615822554,
    -0.05634036660194397,
    0.11166010797023773,
    -0.056176330894231796,
    -0.17437471449375153,
    -0.12914352118968964,
    0.0039766523987054825,
    0.04387875646352768,
    -0.012742720544338226,
    0.005957269109785557,
    -0.01867448166012764,
    0.005570522043853998,
    0.004328810144215822,
    -0.002351192757487297,
    -0.002525102347135544,
    0.0013070001732558012,
    -0.020802831277251244,
    -0.022807378321886063,
    0.0844946950674057,
    0.042809002101421356,
    -0.11881126463413239,
    -0.13323962688446045,
    0.029316604137420654,
    0.0615057647228241,
    0.23614798486232758,
    -0.10916797816753387,
    -0.030416015535593033,
    -0.00870926771312952,
    0.14503484964370728,
    -0.45096585154533386,
    -0.9196217060089111,
    0.03148405998945236,
    0.18952837586402893,
    1.0616122484207153,
    0.12096194922924042,
    -1.8436648845672607,
    0.1748563051223755,
    -0.4250118136405945,
    0.9391438961029053,
    -0.10701943188905716,
    -0.31511422991752625,
    -0.17389114201068878,
    0.0033075164537876844,
    -0.8280142545700073,
    -0.12612682580947876,
    -0.20237398147583008
  ],
  "root_pose": [
    -3.108823537826538,
    0.06911718845367432,
    -0.0388011671602726
  ],
  "translation": [
    0.028565360233187675,
    0.2760457992553711,
    39.85502243041992
  ],
  "jaw_pose": [
    0.005416305735707283,
    -0.00166112813167274,
    0.0029113036580383778
  ],
  "left_hand_pose": [
    -0.03908207267522812,
    0.07620475441217422,
    0.054202478379011154,
    0.07660284287525146,
    0.10205552421179845,
    0.26833976799455067,
    0.007546479002125901,
    0.11161293518870352,
    0.34790512784643307,
    0.012762365611668824,
    -0.1465970376329697,
    0.6895058194234746,
    -0.2733231282324808,
    -0.026558751279241326,
    0.1958888310813905,
    0.042282404965323504,
    0.1162438328124506,
    0.3876188327028214,
    -0.7241816272382522,
    0.6677846345094828,
    0.8807217953920621,
    -0.32741952515288886,
    -0.0650311621136737,
    0.5021008262141449,
    -0.23869549187313502,
    0.2036442554591451,
    0.25704019461732175,
    -0.10105695958556575,
    0.09195025580587048,
    0.7852754546612576,
    -0.47710950089018084,
    0.073247734251907,
    0.45015588691336195,
    -0.18321427321380993,
    0.26222288868253446,
    0.45393484067339457,
    1.039030730228898,
    -0.5555222179130009,
    -0.3391235066534799,
    -0.6015961368390599,
    -0.05088655728489749,
    0.3427514226764035,
    0.349934411649329,
    -0.17280463498398896,
    0.5255301877707202
  ],
  "right_hand_pose": [
    0.0004665610322263092,
    0.0058340164832770824,
    -0.66958087682724,
    0.1272095161832182,
    0.07253083904265704,
    0.08173224663379727,
    -0.01171814200496376,
    0.060094685694804376,
    0.2248763766197206,
    0.15598512536824846,
    0.00837688512333297,
    0.42624059009543974,
    -0.24973946449914883,
    -0.022433582779143656,
    0.0073060006222391265,
    0.009486882550651313,
    0.09431332309428414,
    0.26902941207889824,
    0.25162185350365385,
    0.10783557079868095,
    0.23433188397270713,
    -0.21933835403943863,
    -0.08235167416250336,
    0.03798198776492402,
    -0.4863420414419557,
    0.18923039356592453,
    0.003106170432817198,
    0.16869385506631032,
    0.026438346290020634,
    0.41974142083532046,
    -0.3603380237505475,
    -0.015889609150810082,
    0.09975391270266759,
    -0.20281479654487303,
    0.19993840920722816,
    0.3433659728520723,
    0.5537675854878532,
    0.06292402800027541,
    -0.3388827965054326,
    -0.530393878891227,
    0.010314161901762079,
    0.3154463992289526,
    0.450832407703925,
    -0.22530809349080577,
    0.29609604771939646
  ],
  "expression": [
    -0.1824312150478363,
    0.10266550183296204,
    0.18567014336586,
    0.15482819080352783,
    -0.37543197870254513,
    0.2064323544502258,
    -0.4610333204269409,
    0.3788073420524597,
    -0.14784189462661743,
    -0.08584075570106506
  ],
  "fusion_metadata": {
    "body_source": "SMPLest-X",
    "hand_source": "Hierarchical Composition",
    "expression_source": "EMOCA"
  }
}