{
  "betas": [
    -0.5382099747657776,
    0.40017783641815186,
    -0.47560587525367737,
    -0.5840944051742554,
    -0.08311539143323898,
    -0.7653793096542358,
    -0.23472845554351807,
    0.08050010353326797,
    -0.07998968660831451,
    -0.001544611994177103
  ],
  "body_pose": [
    -0.020393194630742073,
    0.2479974776506424,
    0.385211318731308,
    -0.36894404888153076,
    -0.03351151570677757,
    0.09095856547355652,
    0.3288894295692444,
    -0.05493343248963356,
    -0.17285998165607452,
    0.05172083154320717,
    -0.04967017099261284,
    0.06608226895332336,
    0.21463941037654877,
    -0.037683017551898956,
    0.03266914561390877,
    -0.08063686639070511,
    -0.08589047193527222,
    -0.08382456004619598,
    0.16191664338111877,
    0.2897270917892456,
    -0.27086156606674194,
    0.06562387943267822,
    -0.16896139085292816,
    0.11138177663087845,
    0.02024218626320362,
    -0.09040400385856628,
    -0.04291246086359024,
    -0.015201184898614883,
    -0.003567484440281987,
    0.012590744532644749,
    -0.006704297382384539,
    -0.01124449260532856,
    -0.025499971583485603,
    0.05587796866893768,
    0.12301259487867355,
    0.06740772724151611,
    -0.09384345263242722,
    -0.27976661920547485,
    0.32141029834747314,
    0.038227345794439316,
    -0.1304711550474167,
    -0.09252467006444931,
    -0.1408480554819107,
    0.16231602430343628,
    -0.08240018784999847,
    -0.19913917779922485,
    -0.3061586916446686,
    -0.11823662370443344,
    -0.062154620885849,
    -0.2723190188407898,
    0.2053370475769043,
    -0.33315789699554443,
    -0.8382920622825623,
    0.05649971589446068,
    -0.4194963276386261,
    0.782573401927948,
    -0.10003235191106796,
    -0.30861905217170715,
    -0.09398999810218811,
    -0.018018651753664017,
    -0.37036117911338806,
    0.13636939227581024,
    -0.033104635775089264
  ],
  "root_pose": [
    -2.7028167247772217,
    -0.2118121236562729,
    0.7510243058204651
  ],
  "translation": [
    -0.005617300048470497,
    0.2519809305667877,
    40.22018814086914
  ],
  "jaw_pose": [
    0.018022015690803528,
    0.0010865877848118544,
    -0.006588139105588198
  ],
  "left_hand_pose": [
    -0.08155428618192673,
    0.03800327703356743,
    0.3216177821159363,
    0.12172123792915421,
    0.19969800314743394,
    1.1273058122231447,
    -0.1264331851031297,
    0.14377894362526472,
    0.30045918459838555,
    -0.09247836114553845,
    -0.005110673137796539,
    0.40669901812026926,
    -0.21578849508000483,
    0.049178266229274514,
    1.2724001932356102,
    -0.0581080368662346,
    0.22598487346102386,
    0.4006713786379563,
    -0.23035109841689547,
    0.5935656725313876,
    0.10607084578825048,
    -0.6292788355408347,
    0.0004600180851050784,
    0.6637535903955456,
    -0.36959076062579765,
    -0.031118283452541265,
    0.246699521105883,
    -0.019420404722900443,
    0.1969008386089675,
    0.21791764033311103,
    -0.43822466012695327,
    0.10995816521476945,
    1.1712401143679656,
    -0.2888001821202866,
    0.1970064743717854,
    0.40370322710244344,
    1.1665640438541165,
    -0.5503207948598463,
    0.08292822983400541,
    -0.6883210966296275,
    0.1312939787671505,
    -0.18912810370100194,
    0.6899482546238727,
    0.15806615509523528,
    0.28475700106490015
  ],
  "right_hand_pose": [
    -0.012690963223576546,
    0.02176874689757824,
    -0.6217723488807678,
    0.029052742139167902,
    0.08360925692592662,
    0.13326282546953952,
    0.05617984167108269,
    0.0022621333378010835,
    0.0018303674903113337,
    0.06821135225130913,
    0.0028458507155137247,
    0.4948979396810213,
    -0.1910841851012571,
    -0.04948818485038933,
    0.012513373661939017,
    -0.02357635541164823,
    0.08649791206229393,
    0.05750637268475207,
    0.10722877749925992,
    0.381542586011292,
    0.46832362624832546,
    -0.16325472517443684,
    -0.12254920072207315,
    0.10531400960098268,
    -0.24080370347486915,
    0.13012135633848776,
    -0.2825598430700534,
    0.15694903348468014,
    0.1339869501163805,
    0.487817756635874,
    -0.2964006691284712,
    -0.026853460517896277,
    0.003903123619126364,
    -0.1350152199678152,
    0.15508792716192035,
    0.12471539985944857,
    0.6274634960220326,
    -0.08888194058472104,
    -0.08646277544263807,
    -0.5472257906738432,
    0.005258630001963324,
    0.30066274172411966,
    0.338102812919531,
    -0.004930658499162278,
    -0.13508489316093003
  ],
  "expression": [
    -0.2816613972187042,
    0.2711593329906464,
    0.17850254774093627,
    -0.25782853960990904,
    0.24427260160446165,
    -0.3716237425804138,
    -0.2893832802772522,
    0.8147767782211304,
    -0.36850401163101193,
    -0.14031089544296263
  ],
  "fusion_metadata": {
    "body_source": "SMPLest-X",
    "hand_source": "Hierarchical Composition",
    "expression_source": "EMOCA"
  }
}