{
  "betas": [
    0.673542857170105,
    0.824325442314148,
    -0.098007932305336,
    -0.44256114959716797,
    0.02847345545887947,
    -0.7730337977409363,
    0.12958192825317383,
    0.00897305365651846,
    0.11949733644723892,
    -0.08818268775939941
  ],
  "body_pose": [
    -0.0010077797342091799,
    0.10260340571403503,
    0.1569155603647232,
    -0.037169069051742554,
    -0.13820312917232513,
    -0.10849998146295547,
    0.0951870009303093,
    0.010029871016740799,
    -0.03780459612607956,
    0.05353951081633568,
    -0.05145321413874626,
    0.024692071601748466,
    0.12519162893295288,
    -0.012820708565413952,
    0.009500004351139069,
    -0.1182502806186676,
    -0.007000160403549671,
    -0.018488017842173576,
    0.036490220576524734,
    0.11012541502714157,
    -0.1364307403564453,
    -0.02454446628689766,
    -0.16551704704761505,
    0.08073737472295761,
    0.07143177092075348,
    0.0006597601459361613,
    0.0004359117883723229,
    -0.00016678341489750892,
    0.008215876296162605,
    0.014491211622953415,
    0.016368336975574493,
    -0.00463402783498168,
    -0.02928980626165867,
    0.03531951829791069,
    -0.00886931549757719,
    0.09491044282913208,
    -0.16938021779060364,
    0.058733243495225906,
    0.10378291457891464,
    -0.13158906996250153,
    -0.03192804008722305,
    0.025120824575424194,
    0.0020762202329933643,
    -0.007487701717764139,
    -0.02673822082579136,
    -0.27798518538475037,
    -0.19359448552131653,
    -0.3200986385345459,
    -0.26258546113967896,
    0.15415897965431213,
    0.32694321870803833,
    -0.30863767862319946,
    -1.542328119277954,
    0.7918610572814941,
    -0.32365676760673523,
    1.6610678434371948,
    -0.8792696595191956,
    -0.05011694133281708,
    -0.16477033495903015,
    0.5992653369903564,
    -0.005479540675878525,
    0.14388714730739594,
    -0.5018767714500427
  ],
  "root_pose": [
    -2.9645626544952393,
    -0.0018224661471322179,
    -0.08277977257966995
  ],
  "translation": [
    0.004997117444872856,
    0.2640022039413452,
    41.00059127807617
  ],
  "jaw_pose": [
    0.013009647838771343,
    -0.006276873406022787,
    5.26816766068805e-05
  ],
  "left_hand_pose": [
    0.00498914672061801,
    0.04797004163265228,
    0.3578788638114929,
    0.03240969689888809,
    0.04995111594758494,
    0.015553119475854353,
    0.15276952350368614,
    -0.0046850878651853705,
    0.023416493408453788,
    -0.25712988091717254,
    -0.12954514780152157,
    1.5599077685491913,
    -0.19988088548691701,
    -0.09442337001401921,
    0.7370827348263284,
    -0.01809240954655165,
    0.08544159625948408,
    0.3926412368861037,
    -0.07699444080035824,
    0.1189976294878158,
    0.5229760675430637,
    0.035202667118017235,
    -0.1240029354144735,
    -0.031782696850018034,
    -0.3845253172560582,
    0.04155741518124736,
    -0.2349970551754024,
    -0.04201173057094291,
    0.1328671668454309,
    1.3235498371939658,
    -0.5599154714798225,
    0.2159602215496635,
    0.8502480263872965,
    -0.24233133204461266,
    0.1270259974490088,
    0.5546633305573624,
    0.4496526281425876,
    0.007960754173710054,
    -0.37699500110591333,
    -0.6889499107936979,
    0.12703422549783727,
    0.38430280898208974,
    0.34175315297364556,
    0.04324229160323104,
    -0.3045605263407948
  ],
  "right_hand_pose": [
    -0.020776165649294853,
    0.01463565044105053,
    -0.18892279267311096,
    0.2876878599316161,
    0.1314715429436193,
    0.5601688802101763,
    -0.1540775423737502,
    0.13315784836196004,
    0.23377453767917727,
    0.11494264246495081,
    0.0497076168171802,
    0.769949503779621,
    -0.37748849636984855,
    0.057922180720892814,
    0.5463816816160154,
    -0.023861201581477604,
    0.045001733653564864,
    0.5386579815970138,
    0.35243440731965486,
    -0.08748228734462776,
    0.18671583603794692,
    -0.7186781454538232,
    0.2827490695830648,
    0.5402462633546229,
    -0.39087787324903456,
    0.3173165382234083,
    0.5315442636392411,
    0.21449850287738037,
    0.023872123127186257,
    0.38841237796464717,
    -0.5880570865091366,
    0.22342969554578337,
    0.7954911796789713,
    -0.2596333592100986,
    0.10340981416050946,
    0.8260726802701692,
    0.3647404664312546,
    0.17051704686955388,
    -0.3863895649177231,
    -0.48945927890745466,
    0.02163704758964732,
    0.42357081960128323,
    0.441250051004303,
    -0.2863943743712839,
    0.2717222434791913
  ],
  "expression": [
    -0.07862067818641662,
    0.15135705471038818,
    -0.04822252839803696,
    -0.2071301221847534,
    -0.12632523179054259,
    0.28423447608947755,
    -0.3129453778266907,
    0.8686421155929566,
    -0.14674534499645234,
    -0.03474375307559967
  ],
  "fusion_metadata": {
    "body_source": "SMPLest-X",
    "hand_source": "Hierarchical Composition",
    "expression_source": "EMOCA"
  }
}