{
  "betas": [
    0.5869925618171692,
    0.9304354190826416,
    0.13711290061473846,
    -0.22326351702213287,
    0.043087709695100784,
    -1.051827311515808,
    0.06006723642349243,
    -0.021093739196658134,
    -0.040405791252851486,
    -0.12591855227947235
  ],
  "body_pose": [
    -0.0028216317296028137,
    0.0798918753862381,
    0.17066539824008942,
    -0.03966159373521805,
    -0.06098226085305214,
    -0.04588757082819939,
    0.14390622079372406,
    0.008940382860600948,
    -0.054854538291692734,
    0.06710007041692734,
    -0.028224634006619453,
    0.039798565208911896,
    0.13516856729984283,
    -0.001623777556233108,
    0.017900461331009865,
    -0.043932847678661346,
    -0.017667384818196297,
    -0.028785081580281258,
    0.018026961013674736,
    0.17631147801876068,
    -0.1200881376862526,
    -0.01100776344537735,
    -0.16787458956241608,
    -0.01116444543004036,
    0.051872368901968,
    -0.015835924074053764,
    -0.004711788613349199,
    0.004171295557171106,
    -0.0014871470630168915,
    0.013400949537754059,
    0.0012603012146428227,
    -0.009007553569972515,
    -0.009113658219575882,
    -0.08817557245492935,
    -0.01742703840136528,
    0.1426996886730194,
    0.037403058260679245,
    0.0243226308375597,
    -0.22011329233646393,
    0.054638490080833435,
    -0.04669828712940216,
    0.25999346375465393,
    -0.08429723232984543,
    -0.009442262351512909,
    -0.044472113251686096,
    0.15982306003570557,
    -0.14017245173454285,
    -0.9149163961410522,
    0.16919320821762085,
    0.11436964571475983,
    0.9840043187141418,
    0.14222891628742218,
    -0.24172474443912506,
    -0.07170308381319046,
    0.20422638952732086,
    0.3598237931728363,
    0.011470046825706959,
    -0.07326222956180573,
    -0.032461296766996384,
    -0.09928572922945023,
    -0.07691027224063873,
    -0.008703524246811867,
    0.09177090227603912
  ],
  "root_pose": [
    -3.050187587738037,
    -0.02233254164457321,
    0.04075463116168976
  ],
  "translation": [
    -0.005064724013209343,
    0.2610754668712616,
    41.22385787963867
  ],
  "jaw_pose": [
    0.007040552794933319,
    -0.002043807879090309,
    -0.0019764015451073647
  ],
  "left_hand_pose": [
    -0.02230280265212059,
    0.07680638879537582,
    0.027076713740825653,
    0.11416389137511618,
    0.06074799057194275,
    0.25500583619734635,
    0.001973041058500505,
    0.029163032115891375,
    0.055237684886267416,
    -0.11065048471504076,
    -0.031358088779749785,
    0.8648929831854598,
    -0.21892217134311762,
    -0.14678801488323637,
    0.252626624476371,
    0.06423613043916908,
    0.15916724040081595,
    0.11801433462589184,
    -0.6321685817766577,
    0.46074972040987444,
    0.9256040071599414,
    0.02725811157329384,
    -0.22998326085557935,
    0.2517682518453216,
    -0.3278757414957842,
    0.06287244956826321,
    -0.15430940287022993,
    -0.09514355341821351,
    0.24264867581074376,
    1.0425100703125234,
    -0.3912288950158849,
    -0.07187681685281187,
    0.09197091138258592,
    -0.21428023152436446,
    0.21328189378106996,
    0.21213955556202488,
    1.1954090885231605,
    -0.41917205420615206,
    -0.03277401309852376,
    -0.725477398892036,
    0.1226161695215603,
    0.2924592099790677,
    0.5286667015254601,
    -0.08178696091640489,
    -0.124188211815724
  ],
  "right_hand_pose": [
    -0.013393906876444817,
    -0.07108578085899353,
    -0.03855300322175026,
    0.1790786262988319,
    0.035032807284385535,
    0.19952251949422933,
    -0.10355219091775208,
    0.03405042320286519,
    -0.09537218633357676,
    -0.0867391520020908,
    0.052960886110630774,
    0.8303947087708841,
    -0.14725876376467212,
    -0.1232748431420833,
    0.09619333691608214,
    0.052337663820758364,
    0.18265357292618734,
    0.08756166657372942,
    -0.6059994264196039,
    0.49307849402288767,
    0.7901321191359756,
    0.22451881899218146,
    -0.2048697207120925,
    0.14385940175718295,
    -0.3472534108576642,
    -0.09327922544433873,
    -0.34803503568113936,
    -0.03534517782914309,
    0.2244171821443868,
    0.7143756779332517,
    -0.22792056171037062,
    -0.11656243031741836,
    0.13055703778719208,
    -0.20118226332383446,
    0.2211961886677562,
    0.17006456050382462,
    0.97305003888646,
    -0.35441941035548735,
    -0.04781064893792379,
    -0.7069433413784292,
    0.14056057983792805,
    0.13929368778882092,
    0.6086383822839425,
    0.021350804364829532,
    -0.0015204005506685163
  ],
  "expression": [
    0.17393202781677244,
    0.5276774168014526,
    0.039373178780078885,
    -0.11667368710041046,
    -0.2127118706703186,
    0.04194454103708267,
    -0.6110699415206909,
    0.534161639213562,
    0.18458290100097655,
    0.16814095973968504
  ],
  "fusion_metadata": {
    "body_source": "SMPLest-X",
    "hand_source": "Hierarchical Composition",
    "expression_source": "EMOCA"
  }
}