{
  "betas": [
    0.7369613647460938,
    0.3542023003101349,
    -0.28859591484069824,
    -0.37852558493614197,
    -0.2932869493961334,
    -0.9979544878005981,
    -0.2617941200733185,
    0.22386668622493744,
    -0.0010581290116533637,
    -0.023344404995441437
  ],
  "body_pose": [
    -0.25055739283561707,
    0.03775765374302864,
    0.12254469096660614,
    -0.23941558599472046,
    -0.013988790102303028,
    0.011361991986632347,
    0.17364008724689484,
    -0.006150249857455492,
    -0.050279904156923294,
    0.695404589176178,
    0.05322979763150215,
    -0.06773029267787933,
    0.6344040632247925,
    -0.06305518001317978,
    0.07529554516077042,
    -0.017910057678818703,
    -0.03831152245402336,
    -0.024001268669962883,
    -0.0015374182257801294,
    0.15461957454681396,
    -0.09923753142356873,
    -0.13081204891204834,
    -0.15617884695529938,
    -0.0043150573037564754,
    0.10002081096172333,
    -0.028435101732611656,
    -7.539831130998209e-06,
    -0.022458378225564957,
    -0.01161868590861559,
    0.02384096011519432,
    -0.03051278553903103,
    -0.009354631416499615,
    -0.026481276378035545,
    0.010381880216300488,
    -0.035544101148843765,
    0.1894579529762268,
    0.09582128375768661,
    0.08557891100645065,
    -0.14825484156608582,
    0.14457198977470398,
    -0.1406378149986267,
    0.17506644129753113,
    -0.11638954281806946,
    -0.0038548705633729696,
    -0.021823201328516006,
    0.29303473234176636,
    -0.09729818999767303,
    -0.9863553643226624,
    0.2536226809024811,
    -0.0075743598863482475,
    0.952930212020874,
    0.37545570731163025,
    -1.4588756561279297,
    0.1347235143184662,
    0.20558536052703857,
    2.118114948272705,
    -0.2829801142215729,
    -0.031322769820690155,
    -0.1543101668357849,
    0.2354946881532669,
    -0.07713194191455841,
    0.2299989014863968,
    -0.3144280016422272
  ],
  "root_pose": [
    -3.084970235824585,
    0.013775811530649662,
    -0.09040340036153793
  ],
  "translation": [
    0.008575035259127617,
    0.2536359429359436,
    41.084224700927734
  ],
  "jaw_pose": [
    0.006271589081734419,
    -0.0006706343847326934,
    -0.0018840335542336106
  ],
  "left_hand_pose": [
    -0.011092158034443855,
    0.03644446283578873,
    0.021691739559173584,
    0.0673295829687919,
    0.15144933400375557,
    0.055627723024424015,
    0.12121663989864173,
    0.049425993069611526,
    0.37305259492088405,
    0.030946394196490215,
    -0.05955731001675586,
    0.7618887434461289,
    -0.2895393165668159,
    0.030465505342422726,
    0.17524459942594603,
    0.020828280219389893,
    0.04608915977879626,
    0.35053102250240087,
    -0.18274984217817258,
    0.637783798410893,
    0.5951421452711398,
    -0.3924493468116681,
    -0.15430810549144916,
    0.2956067155088762,
    -0.20820115658435395,
    0.07714815967339761,
    0.34340603262740765,
    0.08724768321038769,
    0.15356620387542577,
    0.6840073872372583,
    -0.46124620648209463,
    0.010103093605511992,
    0.3755292959183628,
    -0.18032796923085628,
    0.12671723662720266,
    0.4130840669104006,
    1.0715912703317496,
    -0.26629728015845805,
    0.02128142045281627,
    -0.6723783905986651,
    0.09583765743508342,
    0.31112262246442396,
    0.10196699795513695,
    0.18394256121515057,
    -0.2649173607718921
  ],
  "right_hand_pose": [
    -0.015780208632349968,
    -0.018432680517435074,
    0.03816596046090126,
    0.19456603523513236,
    0.1134788441600017,
    0.49904454394400793,
    -0.13522321676327256,
    0.09273409310794449,
    0.06045862243380989,
    -0.1395013842949482,
    -0.06510593638697344,
    0.9196239497351513,
    -0.19702441802604434,
    -0.055175436002562944,
    0.4193606555777646,
    0.007756075586397502,
    0.14969807877783947,
    0.28609225157771667,
    -0.6025551254179723,
    0.42946576312218404,
    0.8369603821558886,
    0.09943595255644169,
    -0.06205496130105194,
    0.29727349646231943,
    -0.5599865286527764,
    -0.0030614826344585503,
    -0.15883220357891784,
    -0.09551114091168889,
    0.14279738486434415,
    0.8364663155757843,
    -0.39438964050417535,
    0.029000687729845747,
    0.349696162585962,
    -0.20327698789740395,
    0.1584077338474241,
    0.3502665419512811,
    1.043655612745591,
    -0.19121243318854195,
    0.0617427542911643,
    -0.6395483815968603,
    0.15178087708396162,
    0.23989070523083353,
    0.49561956593887907,
    -0.15679509311340936,
    -0.10610214529021154
  ],
  "expression": [
    0.09690832793712616,
    0.2571447014808655,
    0.05376334637403488,
    -0.13939691483974456,
    -0.38811078071594235,
    0.27196497917175294,
    -0.2883748233318329,
    0.36515318155288695,
    -0.20019088983535765,
    0.2648101508617401
  ],
  "fusion_metadata": {
    "body_source": "SMPLest-X",
    "hand_source": "Hierarchical Composition",
    "expression_source": "EMOCA"
  }
}