{
  "focal_length": [
    25783.828099568687,
    25783.827304840088
  ],
  "principal_point": [
    778.1498107910156,
    639.7755928039551
  ],
  "camera_translation": [
    0.004997117444872856,
    0.2640022039413452,
    41.00059127807617
  ],
  "detection_bbox": [
    464.7114562988281,
    89.72061157226562,
    1092.588134765625,
    1190.83056640625
  ]
}