{
  "focal_length": [
    25146.34609222412,
    25146.34609222412
  ],
  "principal_point": [
    791.8718566894531,
    643.4709167480469
  ],
  "camera_translation": [
    -0.0004575215280056,
    0.2804325819015503,
    40.07459259033203
  ],
  "detection_bbox": [
    625.2821655273438,
    107.01553344726562,
    959.4615478515625,
    1180.92626953125
  ]
}