{
  "focal_length": [
    25599.07118479411,
    25599.071979522705
  ],
  "principal_point": [
    765.175537109375,
    622.2391777038574
  ],
  "camera_translation": [
    -0.005604216828942299,
    0.2520124614238739,
    40.22429656982422
  ],
  "detection_bbox": [
    536.4371337890625,
    76.12564086914062,
    994.9139404296875,
    1169.3526611328125
  ]
}