{
  "betas": [
    0.565912127494812,
    0.38669365644454956,
    -0.24814476072788239,
    -0.2530576288700104,
    -0.03543984889984131,
    -0.8603721857070923,
    -0.04853518307209015,
    0.1305169314146042,
    -0.3781684935092926,
    -0.001645753625780344
  ],
  "body_pose": [
    -0.14633910357952118,
    0.045674778521060944,
    0.1853204220533371,
    -0.20931757986545563,
    -0.04459377005696297,
    -0.11566127836704254,
    0.1343870311975479,
    0.0017009489238262177,
    -0.04095929488539696,
    0.34801286458969116,
    0.004701743368059397,
    -0.017288606613874435,
    0.48044517636299133,
    -0.04498613625764847,
    0.032231491059064865,
    -0.02879321575164795,
    -0.03582525998353958,
    -0.02580956183373928,
    0.06538374722003937,
    0.09917092323303223,
    -0.12811243534088135,
    0.04346398636698723,
    -0.12005161494016647,
    0.10924287885427475,
    0.05536074563860893,
    -0.013024070300161839,
    0.0027540780138224363,
    -0.022414028644561768,
    0.00956066232174635,
    0.01752805896103382,
    -0.012898593209683895,
    -0.011231938377022743,
    -0.017089545726776123,
    -0.1240779459476471,
    -0.017604144290089607,
    0.1214790940284729,
    0.0757669061422348,
    0.02994871698319912,
    -0.18802428245544434,
    -0.031643714755773544,
    -0.016242846846580505,
    0.19074100255966187,
    -0.12158786505460739,
    0.008410189300775528,
    -0.029244041070342064,
    0.2587498128414154,
    -0.19347020983695984,
    -0.9536516666412354,
    -0.05678166449069977,
    0.2531086802482605,
    0.9465811252593994,
    0.387847363948822,
    -1.0907635688781738,
    0.15656177699565887,
    -0.2275184839963913,
    1.8156722784042358,
    -0.4545591175556183,
    0.09029663354158401,
    -0.05907624214887619,
    0.054288920015096664,
    -0.431395024061203,
    0.07529432326555252,
    -0.38718661665916443
  ],
  "root_pose": [
    -3.071035861968994,
    0.01922316662967205,
    -0.10280079394578934
  ],
  "translation": [
    0.026181375607848167,
    0.23851406574249268,
    41.870548248291016
  ],
  "jaw_pose": [
    0.0025288264732807875,
    -0.002161627169698477,
    0.0024259008932858706
  ],
  "left_hand_pose": [
    0.0021078467834740877,
    0.09333670884370804,
    0.0067529999651014805,
    0.012864488821027068,
    0.1156700234173874,
    0.004663370226053867,
    0.13431604032854602,
    0.01391220896648246,
    0.2627709024958105,
    0.08512361437630045,
    -0.03597445509591225,
    0.5752555787489592,
    -0.28735209087298674,
    -0.012469788524177346,
    0.2493803963667198,
    0.022440671412620412,
    0.060645311784645266,
    0.39294915792976887,
    -0.13099803206704527,
    0.5329549718693555,
    0.5018733270206235,
    -0.35325424891044643,
    -0.12715828257555614,
    0.29822546195692445,
    -0.23184128394396863,
    0.11062261314532472,
    0.22045732671613746,
    0.0879906219458499,
    0.14464092661512032,
    0.5181431355851878,
    -0.40381336001861834,
    -0.02400229532759639,
    0.36483491404262525,
    -0.1795305742929454,
    0.1672085609132631,
    0.43542322193852606,
    0.9869654981563766,
    -0.30048789840127704,
    -0.015422428722804837,
    -0.6945111117318221,
    0.1100683352081203,
    0.2625422125608565,
    0.16257924474453658,
    0.26322490443067537,
    -0.2871265029219067
  ],
  "right_hand_pose": [
    0.011848049238324165,
    0.0006438650889322162,
    -0.36699602007865906,
    0.033677573573162686,
    0.09414749115245671,
    0.2069033403183391,
    0.014319606348042623,
    0.0022833557741124776,
    0.13623183413541023,
    0.08627831007424763,
    -0.03077550783429194,
    0.16705496913073312,
    -0.2504410765380066,
    0.015098881629359394,
    0.4370212382090686,
    -0.03512284224335674,
    0.08716998742335684,
    0.3286432104602307,
    -0.1239556475079709,
    0.32556217757414396,
    0.4005537389731584,
    -0.45170320778560763,
    0.07548572919905633,
    0.4650951390835806,
    -0.3769702871081245,
    0.20280567999476892,
    0.19909577292632671,
    0.03381551284310691,
    0.0032975053084484773,
    0.226282138996716,
    -0.3921110317251342,
    0.07900323617791541,
    0.5668237396048507,
    -0.19581035028901966,
    0.2020229736547345,
    0.5005663488368816,
    0.7294641867735168,
    -0.15722897217221193,
    -0.06548477256959262,
    -0.538709130934136,
    -0.013166926116938756,
    0.14123394074559897,
    0.44493618734369783,
    -0.15860752394907007,
    0.22559610632732677
  ],
  "expression": [
    0.018559734150767327,
    0.5742637038230896,
    0.2553306519985199,
    0.04847929626703262,
    -0.47855111360549923,
    -0.2738208532333374,
    -0.8882284641265868,
    -0.46685535907745357,
    0.0644726425409317,
    -0.2257140576839447
  ],
  "fusion_metadata": {
    "body_source": "SMPLest-X",
    "hand_source": "Hierarchical Composition",
    "expression_source": "EMOCA"
  }
}