{
  "focal_length": [
    25687.287648518883,
    25687.289237976074
  ],
  "principal_point": [
    786.6922302246094,
    648.7473468780518
  ],
  "camera_translation": [
    0.01503332145512104,
    0.2790009081363678,
    40.419315338134766
  ],
  "detection_bbox": [
    581.1244506835938,
    100.75183868408203,
    993.260009765625,
    1197.7427978515625
  ]
}