{
  "focal_length": [
    24541.603724161785,
    24541.60213470459
  ],
  "principal_point": [
    862.7896118164062,
    674.1922225952148
  ],
  "camera_translation": [
    -0.028006190434098244,
    0.32755762338638306,
    36.913326263427734
  ],
  "detection_bbox": [
    599.1121826171875,
    150.63804626464844,
    1127.467041015625,
    1198.7464599609375
  ]
}