{
  "betas": [
    0.5354902148246765,
    0.8184230923652649,
    -0.1529841423034668,
    -0.5402685403823853,
    0.0466802753508091,
    -0.8700893521308899,
    0.07810084521770477,
    -0.01378795225173235,
    0.004705422092229128,
    -0.09681075811386108
  ],
  "body_pose": [
    -0.007887251675128937,
    0.095243439078331,
    0.16129207611083984,
    -0.03930898755788803,
    -0.1310129463672638,
    -0.10119004547595978,
    0.08547866344451904,
    0.009415724314749241,
    -0.03657754510641098,
    0.08067771047353745,
    -0.05193539336323738,
    0.018487833440303802,
    0.13853071630001068,
    -0.015150926075875759,
    0.007450457196682692,
    -0.11536631733179092,
    -0.009026668034493923,
    -0.017317315563559532,
    0.0012423626612871885,
    0.12990303337574005,
    -0.11430151760578156,
    -0.053897082805633545,
    -0.17185252904891968,
    0.078928142786026,
    0.0747426375746727,
    0.00026310424436815083,
    0.0015285412082448602,
    -0.00011369813000783324,
    0.011126686818897724,
    0.01088915765285492,
    0.015158358961343765,
    -0.005735303275287151,
    -0.0280428659170866,
    0.05533791705965996,
    -0.007985496893525124,
    0.08701665699481964,
    -0.16032405197620392,
    0.06265126168727875,
    0.10296492278575897,
    -0.12826761603355408,
    -0.041651107370853424,
    0.024156156927347183,
    0.001471086754463613,
    -0.009406380355358124,
    -0.01790577545762062,
    -0.26617154479026794,
    -0.1883215755224228,
    -0.3148755729198456,
    -0.24942272901535034,
    0.13393908739089966,
    0.32076001167297363,
    -0.3215847611427307,
    -1.5811638832092285,
    0.7395161390304565,
    -0.3578025996685028,
    1.7054027318954468,
    -0.786752462387085,
    -0.09351862221956253,
    -0.2008194923400879,
    0.565690815448761,
    -0.11045446991920471,
    0.18963012099266052,
    -0.4463188052177429
  ],
  "root_pose": [
    -2.9784114360809326,
    -0.011988670565187931,
    -0.06022567301988602
  ],
  "translation": [
    -0.003987791016697884,
    0.26196402311325073,
    40.46331787109375
  ],
  "jaw_pose": [
    0.013145924545824528,
    -0.0058469828218221664,
    0.0007243853760883212
  ],
  "left_hand_pose": [
    -0.003060737857595086,
    0.06185204163193703,
    0.3024526536464691,
    -0.14587886155120086,
    0.020793707056241503,
    -0.11513780251776688,
    0.1230278050115146,
    -0.03993808675929062,
    0.09317187509065074,
    0.11392427750064586,
    -0.3304972958340215,
    0.1261968327313008,
    -0.2275389973897608,
    -0.0942594508774148,
    0.048812508874901586,
    0.013345999229421049,
    0.09262275893043505,
    0.10742967347926123,
    -1.1769949587284176,
    0.1604950986557952,
    1.458935679953307,
    0.5537442932057793,
    -0.034857388729304425,
    0.4674607786259509,
    -0.842935021222073,
    -0.1301670841794261,
    -0.5350922017644131,
    -0.29025021086677916,
    -0.16540716110347595,
    1.157116783229112,
    -0.2547202152462186,
    -0.03773611780986776,
    0.24677053438621252,
    -0.12482484050862776,
    0.20455122239889179,
    0.24060439171123646,
    1.1038296880734733,
    -0.08679613073928719,
    0.08117640147578209,
    -0.7685859661421898,
    -0.053335533136492835,
    0.3851019513050703,
    0.49341216039732827,
    -0.1986612162972991,
    0.006781690051037532
  ],
  "right_hand_pose": [
    -0.016064971685409546,
    -0.0016835209680721164,
    -0.1719805747270584,
    -0.02091138808679107,
    0.014492992489274768,
    -0.07713500447140449,
    0.11148344360617056,
    -0.023326926784774847,
    0.12317999776520173,
    -0.020259560714003522,
    -0.16310669755676327,
    0.7491687952575837,
    -0.34310258677127786,
    -0.0043463779877248475,
    1.009969126612987,
    -0.005843015921282994,
    0.10774556665033436,
    0.5511608363019433,
    -0.7425044477016461,
    0.3456832178784659,
    1.3953440032979563,
    -0.48324655434971536,
    0.2066977356305766,
    0.7716446447807556,
    -0.5381275936579746,
    0.2754308158872784,
    0.3345605087372467,
    -0.16338699974453144,
    -0.034643299862493926,
    1.1649842357312759,
    -0.5030573162897479,
    0.24397531690360036,
    1.0767491269144862,
    -0.2690530582598933,
    0.2702340009214655,
    0.8551328823605583,
    0.577570100596668,
    0.20657562233411386,
    -0.2345117229236322,
    -0.48472902972554066,
    -0.1640030720544636,
    0.45741712673848395,
    0.5419448988192723,
    -0.42443929527751484,
    0.16093111949722805
  ],
  "expression": [
    -0.12671048641204832,
    0.1469392418861389,
    -0.04854021817445755,
    -0.18565841317176818,
    -0.07290697395801544,
    0.2520492374897003,
    -0.36332252025604245,
    0.8034326791763305,
    -0.13527949154376984,
    -0.14748149514198303
  ],
  "fusion_metadata": {
    "body_source": "SMPLest-X",
    "hand_source": "Hierarchical Composition",
    "expression_source": "EMOCA"
  }
}