{
  "focal_length": [
    25826.66079203288,
    25826.659202575684
  ],
  "principal_point": [
    767.2707214355469,
    641.7840785980225
  ],
  "camera_translation": [
    0.013953613117337227,
    0.24582868814468384,
    42.35268020629883
  ],
  "detection_bbox": [
    491.79705810546875,
    90.81535339355469,
    1043.744384765625,
    1193.7528076171875
  ]
}