{
  "focal_length": [
    25109.318097432457,
    25109.31968688965
  ],
  "principal_point": [
    730.1201629638672,
    637.9968810081482
  ],
  "camera_translation": [
    0.011921698227524757,
    0.28263866901397705,
    40.790523529052734
  ],
  "detection_bbox": [
    529.9365844726562,
    102.33139038085938,
    931.3037719726562,
    1174.662353515625
  ]
}