{
  "betas": [
    -0.537469744682312,
    0.3994888663291931,
    -0.47546207904815674,
    -0.5841641426086426,
    -0.08317272365093231,
    -0.7654079794883728,
    -0.23487766087055206,
    0.08043268322944641,
    -0.07959277927875519,
    -0.0014345888048410416
  ],
  "body_pose": [
    -0.020683009177446365,
    0.24792923033237457,
    0.3853394687175751,
    -0.36905989050865173,
    -0.03353158384561539,
    0.09094670414924622,
    0.3290718197822571,
    -0.054928410798311234,
    -0.17286455631256104,
    0.05212901905179024,
    -0.04964544251561165,
    0.06598328053951263,
    0.21481522917747498,
    -0.03771830350160599,
    0.03269026055932045,
    -0.08073323220014572,
    -0.0859050452709198,
    -0.0838308036327362,
    0.16203507781028748,
    0.28974366188049316,
    -0.2708638310432434,
    0.06561097502708435,
    -0.16897550225257874,
    0.1114339679479599,
    0.02028917521238327,
    -0.09041841328144073,
    -0.042916279286146164,
    -0.015228241682052612,
    -0.003587213810533285,
    0.012615537270903587,
    -0.006734534166753292,
    -0.01122694555670023,
    -0.025538647547364235,
    0.055684350430965424,
    0.12301807850599289,
    0.06729178130626678,
    -0.09387289732694626,
    -0.27975088357925415,
    0.3214171528816223,
    0.03827150538563728,
    -0.1305874139070511,
    -0.09250736236572266,
    -0.14089317619800568,
    0.16223835945129395,
    -0.08225345611572266,
    -0.19915370643138885,
    -0.30621635913848877,
    -0.11805392056703568,
    -0.062059689313173294,
    -0.2724587917327881,
    0.20535781979560852,
    -0.33320221304893494,
    -0.83821702003479,
    0.05656420439481735,
    -0.4196367859840393,
    0.7827473878860474,
    -0.10004928708076477,
    -0.30849048495292664,
    -0.09399689733982086,
    -0.017659951001405716,
    -0.37025749683380127,
    0.13648009300231934,
    -0.033205609768629074
  ],
  "root_pose": [
    -2.7027337551116943,
    -0.21179160475730896,
    0.7510061264038086
  ],
  "translation": [
    -0.005586722865700722,
    0.25197890400886536,
    40.2209358215332
  ],
  "jaw_pose": [
    0.018011337146162987,
    0.001088375342078507,
    -0.006586000788956881
  ],
  "left_hand_pose": [
    -3.973786528362884,
    -0.35628464668895277,
    -0.21904805960644946,
    -1.5428847369189707,
    -1.6158639710425573,
    0.2862441004542129,
    2.0601755954202368,
    0.05037972197851265,
    -0.2805380435889808,
    3.392705522557548,
    -0.29216799287378525,
    -0.09167989126534792,
    1.6343707462653687,
    1.064418564520542,
    -0.04717782938739337,
    3.6835695461719014,
    -0.10960171548229825,
    -0.46770516762522485,
    1.803922988130314,
    -0.02953710486699157,
    -0.7564457430245817,
    2.568376019190258,
    -0.12872501939558523,
    0.08642505523325174,
    1.8891273668366684,
    -0.1616224115769226,
    0.02557139994203006,
    3.58945758771858,
    -0.5174193456737195,
    -0.18079750162107255,
    1.495757410188293,
    0.8784378765514567,
    -0.14549416893353065,
    3.4240037186953414,
    -0.17689657220131583,
    -0.1306016725090694,
    -2.8341704491382687,
    -0.4218555894615602,
    -0.5149209745503199,
    2.769150277322182,
    -1.1844652559204474,
    -0.16406250572529463,
    -3.2159569832345887,
    -0.8807114144220142,
    0.5126114460866648
  ],
  "right_hand_pose": [
    -3.158098411123361,
    0.469259692390929,
    -0.07375569779487207,
    -3.2117554881337425,
    0.14120996897332783,
    -0.8862148085804021,
    -2.9890165991740396,
    -0.0880911976332117,
    -0.1919500152381649,
    -2.8622709912199897,
    0.8041639404200723,
    -0.533915800945378,
    3.0932608619883144,
    0.036726815348548325,
    -0.7780802426005066,
    3.1330053694574476,
    -0.1819539047965152,
    -0.20311649387906014,
    -2.441268448587864,
    0.5045082189231272,
    -1.196391902917696,
    3.1834094844250647,
    -0.2230151211878134,
    -0.6896076718584396,
    3.2361193821423333,
    0.34992416890571376,
    0.10944225284499783,
    -2.7490383378709313,
    0.6362266826350279,
    -0.8338588913796026,
    3.1482769874229897,
    -0.06347439689911087,
    -0.6698719080526299,
    3.168002532926078,
    -0.31956434461508776,
    -0.14022754930864015,
    -3.3603452012033648,
    0.16458262075352928,
    0.02393524585923905,
    3.0655195051745463,
    -0.3721859016738053,
    0.059854932108114635,
    -3.332784101702768,
    -0.14508589712850256,
    -0.2703847233062594
  ],
  "expression": [
    -0.2815931975841522,
    0.27128968834877015,
    0.17841532230377197,
    -0.2578438639640808,
    0.2441872715950012,
    -0.3713264107704162,
    -0.2896819174289703,
    0.8146723508834839,
    -0.36846849918365476,
    -0.14021506011486054
  ]
}