{
  "focal_length": [
    25598.966280619305,
    25598.96469116211
  ],
  "principal_point": [
    765.1757507324219,
    622.2415390014648
  ],
  "camera_translation": [
    -0.005586722865700722,
    0.25197890400886536,
    40.2209358215332
  ],
  "detection_bbox": [
    536.439453125,
    76.13029479980469,
    994.9120483398438,
    1169.352783203125
  ]
}