{
  "focal_length": [
    25599.045753479004,
    25599.045753479004
  ],
  "principal_point": [
    765.1696472167969,
    622.2405242919922
  ],
  "camera_translation": [
    -0.005601735785603523,
    0.251950740814209,
    40.21885299682617
  ],
  "detection_bbox": [
    536.4317626953125,
    76.12754821777344,
    994.9075317382812,
    1169.353515625
  ]
}