{
  "focal_length": [
    20457.80340830485,
    20457.804203033447
  ],
  "principal_point": [
    660.6708068847656,
    707.8614501953125
  ],
  "camera_translation": [
    0.22469042241573334,
    0.16767218708992004,
    33.035301208496094
  ],
  "detection_bbox": [
    372.82659912109375,
    271.42828369140625,
    949.5150146484375,
    1145.2945556640625
  ]
}