{
  "focal_length": [
    25830.917358398438,
    25830.917358398438
  ],
  "principal_point": [
    786.1380004882812,
    640.0401306152344
  ],
  "camera_translation": [
    -0.00986250676214695,
    0.2611130475997925,
    40.91862106323242
  ],
  "detection_bbox": [
    474.4732666015625,
    88.98056030273438,
    1098.802734375,
    1192.0997314453125
  ]
}