{
  "focal_length": [
    17788.345019022625,
    17788.34581375122
  ],
  "principal_point": [
    880.6253356933594,
    811.6262512207031
  ],
  "camera_translation": [
    -0.0720059722661972,
    0.05046822130680084,
    29.630870819091797
  ],
  "detection_bbox": [
    596.0118408203125,
    474.81719970703125,
    1166.2388916015625,
    1149.435302734375
  ]
}