{
  "betas": [
    0.4901105761528015,
    0.660620391368866,
    -0.10101620107889175,
    -0.4988931119441986,
    0.06691522151231766,
    -0.8788391351699829,
    0.11615057289600372,
    0.08520753681659698,
    -0.02751638926565647,
    -0.03006906248629093
  ],
  "body_pose": [
    -0.0009674188913777471,
    0.07841233909130096,
    0.14072734117507935,
    -0.04887666553258896,
    -0.10798127204179764,
    -0.09828629344701767,
    0.0846904069185257,
    0.018144890666007996,
    -0.04394873231649399,
    0.06995585560798645,
    -0.019146200269460678,
    0.008596131578087807,
    0.17329856753349304,
    -0.0457000695168972,
    0.025373103097081184,
    -0.014298015274107456,
    -0.011376590467989445,
    -0.02258521132171154,
    -0.0747399851679802,
    0.12535753846168518,
    -0.08624302595853806,
    -0.10741686820983887,
    -0.1663128137588501,
    0.0503491573035717,
    0.01712612248957157,
    -0.008102204650640488,
    -0.00011053951311623678,
    0.00033274252200499177,
    0.0014916852815076709,
    0.018174463883042336,
    0.004403424449265003,
    -0.013555227778851986,
    -0.021282823756337166,
    0.04879382997751236,
    -0.03863193467259407,
    0.1395713984966278,
    -0.079487144947052,
    -0.16793426871299744,
    -0.002974984934553504,
    -0.08168195188045502,
    0.20033147931098938,
    0.07449640333652496,
    0.08794277906417847,
    -0.030845480039715767,
    0.03133406862616539,
    0.010739294812083244,
    -0.3648330867290497,
    -0.4232795834541321,
    0.04319290071725845,
    0.38237977027893066,
    0.4463861286640167,
    0.11580246686935425,
    -1.9636054039001465,
    0.470299631357193,
    0.14294740557670593,
    2.155207633972168,
    -0.46285489201545715,
    -0.0030478420667350292,
    -0.38596808910369873,
    0.46051761507987976,
    0.021515991538763046,
    0.336261510848999,
    -0.31352877616882324
  ],
  "root_pose": [
    -3.006145715713501,
    -0.0013427251251414418,
    0.011878326535224915
  ],
  "translation": [
    -0.0038478393107652664,
    0.2405553162097931,
    41.607948303222656
  ],
  "jaw_pose": [
    0.013782781548798084,
    -0.008140233345329762,
    0.0008999966667033732
  ],
  "left_hand_pose": [
    -0.020827265456318855,
    0.018298611044883728,
    0.21347910165786743,
    0.10501688959604318,
    0.1063841393337661,
    0.21439354143126788,
    -0.017186354447484353,
    0.07702794008139163,
    0.0856610406450067,
    -0.13569224080361286,
    -0.02662081169553197,
    0.9490812774342852,
    -0.27560201595772,
    -0.09982419845486881,
    0.2985461861277759,
    0.057013001180791764,
    0.15237258052974392,
    0.28561045856997014,
    -0.5543396114093265,
    0.5331137599967127,
    0.9886228487785768,
    -0.13490452501208106,
    -0.12166390528996046,
    0.2775535292244589,
    -0.4977603178655702,
    0.11276054037488077,
    -0.1226783500311075,
    -0.06645339602370279,
    0.23006219869134228,
    1.0011948367077956,
    -0.4761959812766998,
    -0.00991401828053763,
    0.29181873040161377,
    -0.22001052585189393,
    0.24169243104091948,
    0.39331171553686406,
    1.1750467287841266,
    -0.18051432650712296,
    0.04612307045157454,
    -0.6941479686784437,
    0.18010647603884616,
    0.29527968083475986,
    0.3831346967429885,
    -0.16610904638650956,
    0.09868201825467388
  ],
  "right_hand_pose": [
    -0.018874935805797577,
    -0.031609486788511276,
    -0.133167564868927,
    0.15243086684090124,
    0.14300242059466303,
    0.27821895687913145,
    -0.0541831662084427,
    0.13058615705551035,
    0.2232899862531683,
    -0.06900966643253315,
    0.0415964635312058,
    0.8830129686523039,
    -0.26890866676242275,
    -0.0667181925016239,
    0.24010264756135594,
    0.0336129514859265,
    0.12873158704939286,
    0.3487076108341429,
    -0.29806818203680996,
    0.580458967069539,
    0.7590800336734415,
    -0.14197984392098978,
    -0.13270454032763557,
    0.191819049758776,
    -0.6072677011884321,
    0.0778553441973975,
    -0.13796618721470436,
    0.024094269385304172,
    0.2584924620467304,
    0.838357666616756,
    -0.45333321055918924,
    -0.01691635471686925,
    0.1988900439952549,
    -0.20665461633065282,
    0.19072023221954826,
    0.377870654964188,
    0.9807520500412199,
    -0.17336732390148402,
    -0.10516977409651526,
    -0.6615840952399026,
    0.20086587626663255,
    0.25077368510412174,
    0.2916681827958529,
    -0.16212078861872078,
    0.16368989312502835
  ],
  "expression": [
    -0.044432392716407774,
    0.23913177251815795,
    0.09905886948108673,
    -0.12309869527816772,
    -0.573216712474823,
    -0.0746985599398613,
    -0.26398143768310545,
    0.036829644441604616,
    -0.0711796760559082,
    0.21811389327049255
  ],
  "fusion_metadata": {
    "body_source": "SMPLest-X",
    "hand_source": "Hierarchical Composition",
    "expression_source": "EMOCA"
  }
}