{
  "betas": [
    0.09365957230329514,
    0.3246997594833374,
    -0.4216805398464203,
    -0.6010693907737732,
    0.08153857290744781,
    -0.43407097458839417,
    -0.10995958745479584,
    -0.010851149447262287,
    -0.18628379702568054,
    -0.14097708463668823
  ],
  "body_pose": [
    -1.1626871824264526,
    -0.013202748261392117,
    0.2787170112133026,
    -1.0023422241210938,
    -0.10928114503622055,
    -0.30206266045570374,
    1.217199444770813,
    0.04315505176782608,
    -0.09728532284498215,
    0.6037010550498962,
    0.11916877329349518,
    -0.09506835788488388,
    0.6914641857147217,
    -0.17171397805213928,
    0.16412979364395142,
    -0.21341511607170105,
    0.00802303571254015,
    -0.017697304487228394,
    -0.018240513280034065,
    0.1063142791390419,
    -0.1208091452717781,
    -0.02583378553390503,
    -0.2508475184440613,
    0.080891452729702,
    -0.05822436884045601,
    0.010017757304012775,
    -0.009005656465888023,
    0.008634751662611961,
    -0.045537035912275314,
    0.023191316053271294,
    -0.002900308696553111,
    0.013261202722787857,
    -0.004876927938312292,
    0.041054580360651016,
    0.021914811804890633,
    0.09063885360956192,
    -0.21321511268615723,
    -0.7697911858558655,
    0.2642320990562439,
    -0.24398855865001678,
    0.844694972038269,
    -0.17200137674808502,
    -0.1512727290391922,
    0.05066143348813057,
    -0.03925709053874016,
    -0.4090268611907959,
    -0.5922403931617737,
    -0.20129454135894775,
    -0.2899485230445862,
    0.7581495046615601,
    0.2610061764717102,
    -0.2300010770559311,
    -0.10209102183580399,
    0.08879435062408447,
    -0.14212383329868317,
    0.21218596398830414,
    0.007377673406153917,
    -0.23344659805297852,
    -0.03989110514521599,
    0.2258533388376236,
    -0.02248738519847393,
    0.013457630760967731,
    -0.20321381092071533
  ],
  "root_pose": [
    -2.4637033939361572,
    -0.20400139689445496,
    -0.5300730466842651
  ],
  "translation": [
    -0.07206317782402039,
    0.05053911730647087,
    29.627344131469727
  ],
  "jaw_pose": [
    0.0011192366946488619,
    -0.01397978700697422,
    -0.014565789140760899
  ],
  "left_hand_pose": [
    -0.01581110991537571,
    0.05520246922969818,
    0.0473194345831871,
    0.0344163253903389,
    -0.013297212310135365,
    -0.00655819196254015,
    -0.01569758541882038,
    -0.017366629093885422,
    0.10431887209415436,
    -0.060729850083589554,
    -0.027460625395178795,
    -0.18690906465053558,
    0.052338168025016785,
    0.03197069838643074,
    0.06308413296937943,
    0.03059931844472885,
    -0.03957713395357132,
    0.07130130380392075,
    -0.11285886913537979,
    -0.12212792038917542,
    0.003528427565470338,
    -0.0309382863342762,
    0.04414401948451996,
    0.0021145762875676155,
    0.029867812991142273,
    0.08883924037218094,
    -0.0508645661175251,
    -0.013580861501395702,
    -0.09286598116159439,
    -0.10917152464389801,
    0.029524248093366623,
    0.022181842476129532,
    0.03312014788389206,
    0.007351886481046677,
    -0.000810972589533776,
    0.06920070946216583,
    0.00791085697710514,
    0.10279177874326706,
    0.04910282418131828,
    -0.11291227489709854,
    0.024509653449058533,
    0.09338150173425674,
    0.005354763939976692,
    -0.13087281584739685,
    -0.045441679656505585
  ],
  "right_hand_pose": [
    -0.03582168101729266,
    -0.2735295932658919,
    -0.04527487539956815,
    0.057218674369734504,
    0.14778723664766097,
    0.45224247583736477,
    0.034202550487473386,
    0.037686909901723756,
    0.39972184631902996,
    0.10509917560897818,
    0.05935841720791517,
    0.11513392314538518,
    -0.19823250230057812,
    0.05621837981017667,
    0.41980583777653346,
    0.017906946447313225,
    -0.022953967102828404,
    0.21046872807009998,
    0.7577238843809639,
    0.14976613709107386,
    -0.23701501960074162,
    -0.8310996496250882,
    0.1639785911417653,
    0.2991384137887605,
    0.0636168301679188,
    0.14475850323890957,
    0.528096792378404,
    0.30373810086429287,
    0.01570764278083371,
    -0.1080586812616603,
    -0.23789807169695626,
    0.09198026686860988,
    0.48266940304498807,
    -0.047384950265145664,
    0.03971693867572984,
    0.22256946162743985,
    -0.2841765034900887,
    0.35408991268521567,
    -0.3216844762534566,
    -0.03062170376560186,
    -0.04428574914128244,
    0.36055633052135055,
    -0.3558892122661833,
    0.004615889262962719,
    -0.30220255132367424
  ],
  "expression": [
    -0.41655879020690917,
    -1.942724561691284,
    1.1489569902420043,
    1.0517531633377075,
    -0.4622953176498413,
    0.484555184841156,
    0.41491745710372924,
    -0.7128146409988403,
    -0.5844415783882141,
    -0.7333282470703125
  ]
}