{
  "betas": [
    0.4244092106819153,
    0.6116074919700623,
    0.08205659687519073,
    -0.23331211507320404,
    -0.053326189517974854,
    -0.8469671607017517,
    0.11098995059728622,
    0.0021244650706648827,
    0.09079115092754364,
    0.00923224724829197
  ],
  "body_pose": [
    -0.06350615620613098,
    0.07524759322404861,
    0.1633574515581131,
    -0.20618249475955963,
    -0.056870173662900925,
    -0.18635934591293335,
    0.12385617941617966,
    -0.00747700734063983,
    -0.024105355143547058,
    0.36032620072364807,
    0.029743168503046036,
    -0.02398676425218582,
    0.5229599475860596,
    -0.0623057521879673,
    0.05271331965923309,
    -0.049141474068164825,
    -0.027518536895513535,
    -0.02325156144797802,
    -0.13526171445846558,
    0.06832485646009445,
    -0.0672658234834671,
    -0.13620775938034058,
    -0.12100221961736679,
    0.007655163295567036,
    0.0572231262922287,
    -0.011057336814701557,
    0.0037726282607764006,
    -0.006202463526278734,
    -0.006510645616799593,
    -0.0002236625150544569,
    -0.01658492535352707,
    -0.005952539388090372,
    -0.006543789524585009,
    -0.0011311810230836272,
    -0.003899217117577791,
    0.11628752201795578,
    0.03376590088009834,
    -0.10114022344350815,
    -0.25124531984329224,
    -0.09915890544652939,
    0.17872312664985657,
    0.05562104657292366,
    -0.12407735735177994,
    0.018308820202946663,
    -0.057520318776369095,
    0.0872332900762558,
    -0.2583079934120178,
    -1.0784351825714111,
    -0.005043219309300184,
    0.6158903241157532,
    1.0428760051727295,
    -0.1293061375617981,
    -0.42866289615631104,
    0.06827779859304428,
    -0.3188691735267639,
    2.1032981872558594,
    0.06793931871652603,
    -0.5486505031585693,
    0.055465489625930786,
    0.3919028043746948,
    -1.3138080835342407,
    0.02217060886323452,
    -0.003508462803438306
  ],
  "root_pose": [
    -3.083782196044922,
    0.02293078973889351,
    0.035984739661216736
  ],
  "translation": [
    -0.02493240125477314,
    0.2695551812648773,
    41.30810546875
  ],
  "jaw_pose": [
    0.0031887968070805073,
    -0.00011507253657327965,
    -0.004028667230159044
  ],
  "left_hand_pose": [
    0.014006084762513638,
    0.09466101229190826,
    0.3213178515434265,
    0.12853551410279637,
    0.07285221781370899,
    0.5897246350657587,
    -0.03637190358738795,
    0.10029342978820542,
    0.40273070557589585,
    0.06291562404511557,
    -0.07609445289332445,
    0.37793644717698854,
    -0.28593061436079603,
    -0.013967476983622475,
    0.6550850476629212,
    0.023315023177047364,
    0.11456354952508052,
    0.4150253654910936,
    -0.211303472881326,
    0.2776852977852478,
    0.6701356113502042,
    -0.5535425509610051,
    0.09217299220831646,
    0.4905556853996272,
    -0.34215685988540795,
    0.1804126713958749,
    0.1479143107923384,
    0.012414665188970865,
    0.009529255912410323,
    0.4803845716971973,
    -0.4460812029731605,
    0.04724460937142082,
    0.718785984611996,
    -0.18491165317258562,
    0.22685613731939072,
    0.4309280228770293,
    0.6914867380424121,
    -0.01372057766963141,
    -0.19946931011982572,
    -0.4662196247380947,
    -0.1882790650981985,
    0.2976873695662405,
    0.6024236174196593,
    -0.2806380792805978,
    0.3233326431442524
  ],
  "right_hand_pose": [
    -0.019864525645971298,
    -7.967876445036381e-05,
    -0.28623324632644653,
    0.024350208610595968,
    0.07926899100423918,
    0.2030459760101394,
    0.11439162968184792,
    0.020703127944591514,
    0.21388412965417122,
    0.012272548056948863,
    -0.12004093533174282,
    0.7454874551650669,
    -0.259193942756662,
    -0.07029945168569443,
    0.18937504102141325,
    0.013333504052018032,
    0.0745259350938471,
    0.2549630453624517,
    -0.19496883252518477,
    0.337327157237108,
    0.6474925408658193,
    -0.18935070676123644,
    -0.11993701436761717,
    0.18788174435519345,
    -0.3157749335274959,
    0.1058721768938482,
    0.03828419630005265,
    0.06259424827959381,
    0.042868888560463794,
    0.704523168022675,
    -0.38973950343428837,
    -0.01770875015761409,
    0.18151681249429782,
    -0.18977676965786208,
    0.13037890765282567,
    0.3247507466698548,
    0.7918129624591103,
    -0.21062965808900486,
    -0.14234147014163753,
    -0.6652761328535606,
    0.010558469664534149,
    0.3872300203586796,
    0.300553195907303,
    -0.06141974401311666,
    -0.23761405732613197
  ],
  "expression": [
    -0.16956869959831236,
    0.07997100055217743,
    0.2009367763996124,
    0.16821450591087342,
    -0.34663528203964233,
    0.1968370199203491,
    -0.45903482437133786,
    0.42629023790359494,
    -0.21916599869728087,
    -0.017180119827389716
  ],
  "fusion_metadata": {
    "body_source": "SMPLest-X",
    "hand_source": "Hierarchical Composition",
    "expression_source": "EMOCA"
  }
}