{
  "focal_length": [
    19809.303283691406,
    19809.303283691406
  ],
  "principal_point": [
    642.6343078613281,
    808.2612915039062
  ],
  "camera_translation": [
    0.13865728676319122,
    0.04138901084661484,
    31.59025001525879
  ],
  "detection_bbox": [
    325.6854553222656,
    469.033447265625,
    960.5831909179688,
    1148.4891357421875
  ]
}