{
  "betas": [
    0.7356728315353394,
    0.4507729709148407,
    0.208444282412529,
    -0.30123111605644226,
    -0.24069567024707794,
    -0.58673495054245,
    0.2455068826675415,
    0.05711794272065163,
    0.2498592585325241,
    -0.16883401572704315
  ],
  "body_pose": [
    0.027258941903710365,
    0.09931600093841553,
    0.13461528718471527,
    -0.0038926664274185896,
    -0.10353212058544159,
    -0.08646414428949356,
    0.10392597317695618,
    0.0034822924062609673,
    -0.030360713601112366,
    0.04927618429064751,
    -0.03116082027554512,
    0.024543657898902893,
    0.11730481684207916,
    -0.00647978950291872,
    0.011610383167862892,
    -0.09126351773738861,
    -0.006217172835022211,
    -0.025331128388643265,
    -0.0075004748068749905,
    0.13065461814403534,
    -0.1309792399406433,
    -0.06375236809253693,
    -0.1685609072446823,
    0.05696789175271988,
    0.035367000848054886,
    -0.008904751390218735,
    -0.007322675548493862,
    -0.007611183449625969,
    -0.018504809588193893,
    0.022791849449276924,
    0.0028160002548247576,
    0.00556204142048955,
    -0.042767517268657684,
    0.015339049510657787,
    -0.04090254381299019,
    0.10557977110147476,
    -0.19913999736309052,
    -0.27527689933776855,
    0.21916185319423676,
    -0.21925190091133118,
    0.2934480309486389,
    -0.15914003551006317,
    -0.05049046128988266,
    -0.019559884443879128,
    0.039255376905202866,
    -0.10675086081027985,
    -0.4615878462791443,
    -0.1897628754377365,
    -0.13198810815811157,
    0.4060184955596924,
    0.11818186938762665,
    -0.0010449187830090523,
    -2.0060768127441406,
    0.4616313874721527,
    0.027552690356969833,
    2.105508804321289,
    -0.536736786365509,
    -0.04139532148838043,
    -0.44500842690467834,
    0.5772436857223511,
    -0.021183490753173828,
    0.38845595717430115,
    -0.3908379375934601
  ],
  "root_pose": [
    -2.9920785427093506,
    0.012830305844545364,
    -0.01341293379664421
  ],
  "translation": [
    0.013953613117337227,
    0.24582868814468384,
    42.35268020629883
  ],
  "jaw_pose": [
    0.004943950567394495,
    -0.009812908247113228,
    -0.005923247896134853
  ],
  "left_hand_pose": [
    -0.016932370141148567,
    0.028014050796628,
    0.2448240965604782,
    -0.11537327017422401,
    0.03042364082914201,
    -0.15377137166295868,
    0.11440449270352752,
    0.004249050387755035,
    -0.008504057084857493,
    0.2575104251668424,
    -0.13678526339440197,
    -0.2376025036055898,
    -0.2822593499329474,
    -0.03756818380615911,
    -0.0713810915799826,
    0.015015252781344185,
    0.08642783385197385,
    0.10961511906796809,
    -0.2682839679328513,
    0.11858618977974045,
    0.5535967471731227,
    0.28566312935866867,
    -0.09417828257469539,
    0.07396241296050626,
    -0.6504752129200707,
    0.03613074668437745,
    -0.5003427617331474,
    0.07078069777939723,
    -0.17597878223936378,
    0.21079613906133174,
    -0.30870616867018474,
    -0.05077607604981932,
    -0.18703625844231148,
    -0.13453195754413755,
    0.22700363475218246,
    0.09641085698283715,
    0.9152941077605532,
    0.2278668119254722,
    0.04573239727935625,
    -0.7978033591244664,
    0.3608597903120901,
    0.20905366533191957,
    0.2567122093625704,
    0.07437234485008518,
    -0.026354488726521807
  ],
  "right_hand_pose": [
    -0.008914937265217304,
    -0.004725050646811724,
    -0.30726107954978943,
    -0.027903385644859058,
    0.03492331363968989,
    -0.13830779610851157,
    -0.012742965542809445,
    -0.036049728116215804,
    -0.11135909160830453,
    0.2353326421841441,
    0.03105842301404472,
    -0.3981163284989084,
    -0.21854814081316457,
    -0.07582607138446294,
    -0.10034950158786318,
    0.019757846104988763,
    0.09193364978495079,
    0.06695301107931617,
    -0.3533453192475684,
    0.11583344936565426,
    0.5382414673235196,
    0.17878487950041033,
    -0.09214476926968805,
    0.11678302407973336,
    -0.4059400657166019,
    0.07103327363381497,
    -0.3097279967722063,
    0.10755756954764677,
    -0.06146231461584193,
    0.06677418362943005,
    -0.2542310830896259,
    -0.05137236193027496,
    -0.1642945637761485,
    -0.1303029491940109,
    0.1772381584164162,
    0.08836196089829962,
    0.9642068267921352,
    -0.11434624480979112,
    0.04816665363619594,
    -0.760808189973751,
    0.13011335684274006,
    0.1494708604671667,
    0.2790844690973669,
    0.07149634873368997,
    -0.01169334009284185
  ],
  "expression": [
    0.05357062965631485,
    -0.45407649278640744,
    -0.17833008170127868,
    1.2109308242797852,
    -0.4390330910682678,
    0.040912941098213196,
    -0.32690634727478024,
    -0.5724851489067078,
    -0.6640065193176269,
    -0.5961766362190246
  ],
  "fusion_metadata": {
    "body_source": "SMPLest-X",
    "hand_source": "Hierarchical Composition",
    "expression_source": "EMOCA"
  }
}