{
  "focal_length": [
    23011.492093404137,
    23011.491298675537
  ],
  "principal_point": [
    762.3498840332031,
    704.917854309082
  ],
  "camera_translation": [
    0.11087600141763687,
    0.3076978325843811,
    35.51066207885742
  ],
  "detection_bbox": [
    465.0652770996094,
    214.00604248046875,
    1060.634521484375,
    1196.8297119140625
  ]
}