{
  "baseline_average": {
    "PVE": 33600.217903938224,
    "PVE_std": 400.84192528079626,
    "PVE_std_std": 114.8624957700678,
    "PA-PVE": 96.85708495426464,
    "PA-PVE_std": 5.558626692641881
  },
  "fusion_average": {
    "PVE": 33600.281185182655,
    "PVE_std": 400.46428380194055,
    "PVE_std_std": 115.15458491563984,
    "PA-PVE": 97.36138425509836,
    "PA-PVE_std": 5.160360993417556
  },
  "improvements": {
    "PVE_improvement_%": -0.00018833581559471062,
    "PA-PVE_improvement_%": -0.5206633062226158
  },
  "per_frame_results": [
    {
      "frame_id": "01",
      "baseline_metrics": {
        "PVE": 39929.870533281515,
        "PVE_std": 549.9160588423372,
        "PA-PVE": 97.42334372417571
      },
      "fusion_metrics": {
        "PVE": 39929.55651061787,
        "PVE_std": 549.7084439719146,
        "PA-PVE": 97.51304939793563
      },
      "fusion_status": "success"
    },
    {
      "frame_id": "02",
      "baseline_metrics": {
        "PVE": 29301.93791268109,
        "PVE_std": 382.1865766997211,
        "PA-PVE": 103.36416980130136
      },
      "fusion_metrics": {
        "PVE": 29301.96032701604,
        "PVE_std": 382.28246533939216,
        "PA-PVE": 103.60431237205164
      },
      "fusion_status": "success"
    },
    {
      "frame_id": "03",
      "baseline_metrics": {
        "PVE": 31568.845265852055,
        "PVE_std": 270.4231403003305,
        "PA-PVE": 89.78374133731683
      },
      "fusion_metrics": {
        "PVE": 31569.32671791406,
        "PVE_std": 269.40194209451494,
        "PA-PVE": 90.96679099530782
      },
      "fusion_status": "success"
    }
  ],
  "total_frames": 3,
  "fusion_status_summary": {
    "success": 3,
    "failed_or_identical": 0,
    "error": 0
  }
}