{
  "betas": [
    -0.5380662679672241,
    0.40012264251708984,
    -0.4755513668060303,
    -0.583897054195404,
    -0.08326224982738495,
    -0.7652785778045654,
    -0.23485645651817322,
    0.08051033318042755,
    -0.07995368540287018,
    -0.0015550171956419945
  ],
  "body_pose": [
    -0.020457791164517403,
    0.24799096584320068,
    0.3852645754814148,
    -0.3690219819545746,
    -0.03353389352560043,
    0.09095750749111176,
    0.32895660400390625,
    -0.05493083596229553,
    -0.17286574840545654,
    0.05191226676106453,
    -0.04964807257056236,
    0.06603870540857315,
    0.2147739678621292,
    -0.03772851452231407,
    0.03269173949956894,
    -0.08067280799150467,
    -0.08589017391204834,
    -0.08383189886808395,
    0.16206806898117065,
    0.28973037004470825,
    -0.27090853452682495,
    0.06569215655326843,
    -0.168979674577713,
    0.11144372820854187,
    0.020251573994755745,
    -0.09040385484695435,
    -0.042913857847452164,
    -0.015209898352622986,
    -0.0035717410501092672,
    0.012601638212800026,
    -0.006711886264383793,
    -0.01124298945069313,
    -0.02552308514714241,
    0.05579335615038872,
    0.12302661687135696,
    0.06737510859966278,
    -0.09385231882333755,
    -0.27976903319358826,
    0.3214123845100403,
    0.038220055401325226,
    -0.130473792552948,
    -0.09249445796012878,
    -0.1409250944852829,
    0.16231587529182434,
    -0.08234556019306183,
    -0.19916491210460663,
    -0.30617278814315796,
    -0.11818381398916245,
    -0.062187377363443375,
    -0.2723281979560852,
    0.2053159922361374,
    -0.33320364356040955,
    -0.8382266163825989,
    0.05650797113776207,
    -0.4196005165576935,
    0.782492995262146,
    -0.10000000894069672,
    -0.3086414337158203,
    -0.0939640998840332,
    -0.017938919365406036,
    -0.37046128511428833,
    0.13637259602546692,
    -0.033109571784734726
  ],
  "root_pose": [
    -2.702789783477783,
    -0.2118186056613922,
    0.7510700225830078
  ],
  "translation": [
    -0.005605103448033333,
    0.2519831657409668,
    40.21968460083008
  ],
  "jaw_pose": [
    0.018022187054157257,
    0.0010870527476072311,
    -0.006590093486011028
  ],
  "left_hand_pose": [
    -0.0815468356013298,
    0.03800462931394577,
    0.3216436803340912,
    -0.017741357907652855,
    0.050603922456502914,
    0.5135142207145691,
    0.04791547358036041,
    0.06376996636390686,
    0.20728641748428345,
    0.15214133262634277,
    0.0378044955432415,
    0.11836297065019608,
    0.08850130438804626,
    0.01736466959118843,
    0.6927600502967834,
    0.03715607523918152,
    0.0062005347572267056,
    0.3232652246952057,
    0.31819090247154236,
    0.011090533807873726,
    0.21822504699230194,
    0.25675153732299805,
    0.17159150540828705,
    0.3735572397708893,
    0.1501309871673584,
    0.06072811409831047,
    0.2315291315317154,
    0.2399623990058899,
    0.05294765159487724,
    0.1957307904958725,
    0.1390332281589508,
    0.11517660319805145,
    0.6602005958557129,
    0.07908400893211365,
    0.02696770615875721,
    0.27796801924705505,
    -0.39823418855667114,
    -0.33471861481666565,
    0.16822731494903564,
    -0.017474666237831116,
    0.04030360281467438,
    -0.14025108516216278,
    -0.15115602314472198,
    -0.04698881879448891,
    0.185663104057312
  ],
  "right_hand_pose": [
    -0.06498152647713137,
    -0.17967180481604805,
    -0.1395294067548315,
    -0.07975858299794394,
    0.017623578047699914,
    -0.6229571845305628,
    0.15257280681118232,
    -0.08865352588261369,
    -0.1866289232067048,
    0.18630639159517587,
    0.05378970332256909,
    -0.03468656029506273,
    -0.047385776408808256,
    0.005753515164889117,
    -0.6923437670297895,
    -0.004393438571782409,
    -0.005838936153682486,
    -0.28040715181002,
    0.5642617608258964,
    0.18525864084640994,
    -0.15713390659594773,
    0.05139765363642343,
    -0.18854748721374207,
    -0.40158019740289275,
    0.1289206538916308,
    0.06977672997750992,
    -0.36205007094640096,
    0.2988187280164016,
    0.04813431679919243,
    -0.14771050005390307,
    0.006940918356591996,
    -0.0847344357462255,
    -0.6274860863041779,
    0.041105665050565426,
    0.022994850890256296,
    -0.24863917660513268,
    -0.2235007829485981,
    0.18804080148037078,
    -0.17801084522504185,
    -0.047386353052237096,
    0.031815102162422164,
    0.3535436184568498,
    -0.19745633486458852,
    0.041030382456021024,
    -0.41244291442049236
  ],
  "expression": [
    -0.2815931975841522,
    0.27128968834877015,
    0.17841532230377197,
    -0.2578438639640808,
    0.2441872715950012,
    -0.3713264107704162,
    -0.2896819174289703,
    0.8146723508834839,
    -0.36846849918365476,
    -0.14021506011486054
  ]
}