{
  "focal_length": [
    17336.81360880534,
    17336.81321144104
  ],
  "principal_point": [
    806.6024780273438,
    803.3967590332031
  ],
  "camera_translation": [
    0.06316085904836655,
    0.07546918839216232,
    28.948049545288086
  ],
  "detection_bbox": [
    633.53955078125,
    433.54473876953125,
    980.6654052734375,
    1174.248779296875
  ]
}