{
  "focal_length": [
    25630.957285563152,
    25630.958080291748
  ],
  "principal_point": [
    784.1971130371094,
    643.0224123001099
  ],
  "camera_translation": [
    -0.018280474469065666,
    0.26166021823883057,
    39.600643157958984
  ],
  "detection_bbox": [
    582.7913818359375,
    96.2286376953125,
    986.6028442382812,
    1190.816162109375
  ]
}