{
  "betas": [
    -0.4231026768684387,
    -0.013346969150006771,
    -0.3464237451553345,
    -0.48110532760620117,
    -0.2438938468694687,
    -0.3405578136444092,
    -0.014823347330093384,
    -0.06271588057279587,
    -0.08414691686630249,
    -0.007635897491127253
  ],
  "body_pose": [
    -0.6344531178474426,
    0.18127290904521942,
    0.02998903952538967,
    -1.3042869567871094,
    0.09063514322042465,
    -0.24325017631053925,
    1.1099205017089844,
    -0.07787095010280609,
    0.14040572941303253,
    0.49921661615371704,
    0.141164630651474,
    -0.17522695660591125,
    0.7000675797462463,
    -0.08639484643936157,
    0.12250877916812897,
    -0.20170049369335175,
    -0.018306421115994453,
    0.08861655741930008,
    -0.12381716072559357,
    0.29005861282348633,
    0.017033787444233894,
    0.2517615854740143,
    -0.20477788150310516,
    0.1629091203212738,
    -0.02532416209578514,
    -0.021761802956461906,
    0.035921234637498856,
    -0.005232223775237799,
    -0.010750344954431057,
    0.009088325314223766,
    -0.019164660945534706,
    0.019916638731956482,
    -0.009995057247579098,
    0.03999752178788185,
    -0.03813201189041138,
    0.07122582197189331,
    -0.2579919993877411,
    -0.8149071931838989,
    0.23094558715820312,
    -0.18869541585445404,
    0.757704496383667,
    -0.23242639005184174,
    -0.16338972747325897,
    0.04891647398471832,
    0.023632124066352844,
    -0.35915154218673706,
    -0.7352179884910583,
    -0.15603283047676086,
    -0.24553410708904266,
    0.6422541737556458,
    0.13918529450893402,
    -0.3088369071483612,
    -0.22598053514957428,
    -0.006449297070503235,
    -0.3888341188430786,
    0.28898632526397705,
    -0.11081182956695557,
    -0.2174355387687683,
    0.029504194855690002,
    0.17474083602428436,
    -0.3777380883693695,
    -0.05409858375787735,
    -0.17745636403560638
  ],
  "root_pose": [
    -2.2775638103485107,
    0.4511314630508423,
    1.0341243743896484
  ],
  "translation": [
    0.13864639401435852,
    0.041358932852745056,
    31.591388702392578
  ],
  "jaw_pose": [
    -0.004599794279783964,
    -0.013200071640312672,
    -0.00479770265519619
  ],
  "left_hand_pose": [
    -0.016148731890720608,
    0.02665215346712381,
    0.30015635389029344,
    -0.10079096060513462,
    0.004408743261346361,
    0.9297333263697032,
    0.20138241152468575,
    0.11786051522537873,
    0.15857986093106533,
    0.3537947256741446,
    -0.029423702635333594,
    0.4224532383546777,
    -0.10917290593914197,
    -0.004398875605659498,
    0.836007825786775,
    0.032710987500036745,
    0.024461570232352264,
    0.2319985750606533,
    0.6554718854063921,
    0.3272528987549297,
    0.4310159560039376,
    0.11481700810119556,
    0.19027422374299002,
    0.6010519783758744,
    0.11160847478533586,
    -0.15135499188187362,
    0.13300630609348604,
    0.3648313823756222,
    0.1950329358879422,
    0.5236356264154961,
    0.06330091988953526,
    0.12208640810378796,
    0.8139830076793979,
    0.05144692319526782,
    -0.051053630103014835,
    0.2365938827659519,
    -0.2573246316736497,
    -0.3582258190791616,
    0.19133448832086203,
    -0.08347657100378242,
    -0.21602387031692372,
    -0.3364587599976647,
    -0.23693340847339633,
    0.0006086791036774009,
    0.159561240887374
  ],
  "right_hand_pose": [
    0.010658046307856689,
    -0.1189574313088996,
    -0.3357596515271535,
    -0.07693487654079763,
    -0.0027099704023087617,
    -0.9342483584208005,
    0.2538210481338571,
    -0.07064900079930608,
    -0.19108732616804525,
    0.35006772428620364,
    -0.02316142920847384,
    -0.37163464507401206,
    -0.10012511950382039,
    -0.012223620752279132,
    -0.8066226502467198,
    0.0676229782273142,
    0.008186134390332889,
    -0.2502743521407619,
    0.7522434794796076,
    -0.17245169789966958,
    -0.5355008673149945,
    0.00799730943392818,
    -0.16802501644138046,
    -0.4856475051750292,
    0.0900692094080956,
    0.1340301070910644,
    -0.10182001701925852,
    0.3970921262714679,
    -0.15465916475761837,
    -0.526881169287426,
    -0.007739970907506721,
    -0.11039255082808444,
    -0.7686539492359431,
    0.0499669880112244,
    0.09721972356984165,
    -0.23966242317467504,
    -0.33267991307400524,
    0.24980419486826094,
    -0.33158350683240956,
    -0.12208245793223843,
    0.21810222996015396,
    0.2589502875445088,
    -0.281517880114089,
    0.12808938095856295,
    -0.38773253118720086
  ],
  "expression": [
    -0.13939889967441557,
    -3.2092809677124023,
    3.2462379455566404,
    1.1419093608856201,
    -0.3696714162826538,
    0.9197307586669922,
    0.817308783531189,
    -1.3968176364898681,
    -1.2880632877349854,
    -1.6799363136291503
  ]
}