{
  "focal_length": [
    25627.84194946289,
    25627.84194946289
  ],
  "principal_point": [
    786.2614440917969,
    642.1511840820312
  ],
  "camera_translation": [
    -0.00823456235229969,
    0.2630823850631714,
    39.95289993286133
  ],
  "detection_bbox": [
    586.6550903320312,
    95.42388916015625,
    986.8677978515625,
    1189.8785400390625
  ]
}