{
  "focal_length": [
    25757.746696472168,
    25757.746696472168
  ],
  "principal_point": [
    777.6328430175781,
    639.4852447509766
  ],
  "camera_translation": [
    0.0016910377889871597,
    0.2519353926181793,
    41.95816421508789
  ],
  "detection_bbox": [
    564.0601806640625,
    89.98664855957031,
    992.2055053710938,
    1189.98388671875
  ]
}