{
  "focal_length": [
    25066.391626993816,
    25066.392421722412
  ],
  "principal_point": [
    804.2634887695312,
    636.1382570266724
  ],
  "camera_translation": [
    -0.01756897382438183,
    0.262204110622406,
    42.24858856201172
  ],
  "detection_bbox": [
    586.0711059570312,
    101.3885498046875,
    1023.4558715820312,
    1171.887939453125
  ]
}