{
  "focal_length": [
    25422.709782918297,
    25422.708988189697
  ],
  "principal_point": [
    787.3671875,
    647.3931992053986
  ],
  "camera_translation": [
    -0.05921117961406708,
    0.24441862106323242,
    38.7971305847168
  ],
  "detection_bbox": [
    587.451171875,
    105.04207611083984,
    988.283203125,
    1190.744384765625
  ]
}