{
  "betas": [
    -0.4233551025390625,
    -0.013203463517129421,
    -0.3463302254676819,
    -0.4812382757663727,
    -0.24400633573532104,
    -0.3406108319759369,
    -0.014831215143203735,
    -0.06256307661533356,
    -0.08419385552406311,
    -0.007630760315805674
  ],
  "body_pose": [
    -0.6343116164207458,
    0.18127481639385223,
    0.0299918744713068,
    -1.3042577505111694,
    0.0906735509634018,
    -0.24325202405452728,
    1.1098995208740234,
    -0.07788707315921783,
    0.14041779935359955,
    0.49901488423347473,
    0.1411312073469162,
    -0.17515315115451813,
    0.7001945972442627,
    -0.08639132976531982,
    0.12251391261816025,
    -0.20167888700962067,
    -0.01830618642270565,
    0.08862476795911789,
    -0.12381181865930557,
    0.29013150930404663,
    0.01706121675670147,
    0.25170445442199707,
    -0.2048160284757614,
    0.16280317306518555,
    -0.025316646322607994,
    -0.021768812090158463,
    0.03592883050441742,
    -0.005223692394793034,
    -0.010728364810347557,
    0.0090703833848238,
    -0.01915610022842884,
    0.01988857425749302,
    -0.009956388734281063,
    0.04018582031130791,
    -0.038172028958797455,
    0.07132195681333542,
    -0.2579162120819092,
    -0.8149003386497498,
    0.23089183866977692,
    -0.18863891065120697,
    0.7576963305473328,
    -0.2323637753725052,
    -0.1633313000202179,
    0.048904675990343094,
    0.02362537756562233,
    -0.35923561453819275,
    -0.7352244257926941,
    -0.15611805021762848,
    -0.24552975594997406,
    0.6422777771949768,
    0.13926249742507935,
    -0.3088946044445038,
    -0.22595928609371185,
    -0.00640379311516881,
    -0.3888210356235504,
    0.2890171706676483,
    -0.11083744466304779,
    -0.2175566703081131,
    0.029476230964064598,
    0.1747959554195404,
    -0.37767764925956726,
    -0.05411834269762039,
    -0.17746961116790771
  ],
  "root_pose": [
    -2.2776660919189453,
    0.4510524570941925,
    1.0340865850448608
  ],
  "translation": [
    0.13865728676319122,
    0.04138901084661484,
    31.59025001525879
  ],
  "jaw_pose": [
    -0.004612328018993139,
    -0.013203965499997139,
    -0.004802213981747627
  ],
  "left_hand_pose": [
    -0.02015639655292034,
    0.05520087853074074,
    0.271648108959198,
    -0.003928793777322176,
    0.06433659883437406,
    -0.18028081633706078,
    0.1178486567754921,
    -0.02773545146957357,
    0.03322515427709574,
    0.2404196654296432,
    -0.02329809003767564,
    0.09815547549515026,
    -0.2522977194107724,
    -0.048004778533319595,
    -0.13931369101228608,
    0.014060197651770218,
    0.0669504398706411,
    0.10903796880816165,
    0.19171464228649923,
    -0.12553267678963068,
    0.19522036228121092,
    -0.09286898612986905,
    -0.12592502870511726,
    -0.09484823855006688,
    -0.25287463388934905,
    0.20513256898440357,
    -0.054059192481353754,
    0.22619869337455073,
    -0.10845114960934893,
    0.10855471220462044,
    -0.24254718495911395,
    -0.06003187226391466,
    -0.19277540491286094,
    -0.11583610547331984,
    0.1740712992033837,
    0.138040198839936,
    0.5819242082153814,
    0.07150435357009559,
    -0.1119729003845366,
    -0.5880825229262995,
    0.19394274304336973,
    0.2842744980719355,
    0.29071386501160074,
    -0.03220842173969997,
    0.09635667282578719
  ],
  "right_hand_pose": [
    -0.003424236085265875,
    -0.017995432019233704,
    -0.3218517303466797,
    0.03187086304013483,
    0.06327725673923315,
    -0.1780312743965365,
    0.1574168344082924,
    0.0202698263415655,
    -0.0026304538238136645,
    0.23196473958914832,
    -0.0741057898216697,
    0.15795001182651713,
    -0.24382338473038942,
    -0.06746354667342769,
    -0.10176962272977359,
    0.04844353338702168,
    0.1005225071421432,
    0.08763782185862598,
    0.29521030747283156,
    0.02383572079703099,
    0.08995591009853414,
    -0.20665766031014982,
    -0.10202526636198106,
    0.02124806877838146,
    -0.2796587066791387,
    0.1943720171794417,
    -0.02232767816329402,
    0.25522411407368917,
    -0.0688102532291551,
    0.10864304724681846,
    -0.311086343785961,
    -0.0525127042230089,
    -0.13725781814198665,
    -0.12615322323002456,
    0.22931607647193103,
    0.13368962819152644,
    0.5182766411190414,
    -0.027128605717783163,
    -0.24002868909749323,
    -0.6219251210906074,
    0.19154738411806005,
    0.20606078422829532,
    0.25402609678589727,
    0.08213503980355172,
    -0.11036757335099676
  ],
  "expression": [
    -0.13907124996185302,
    -2.0,
    2.0,
    1.1404814958572387,
    -0.3694741129875183,
    0.9176907062530517,
    0.8164943933486938,
    -1.3949277877807618,
    -1.2864317893981934,
    -1.6776639461517333
  ],
  "fusion_metadata": {
    "body_source": "SMPLest-X",
    "hand_source": "Hierarchical Composition",
    "expression_source": "EMOCA"
  }
}