{
  "betas": [
    0.6674692630767822,
    0.22769224643707275,
    0.29624584317207336,
    -0.30330604314804077,
    -0.250397264957428,
    -0.9167003035545349,
    -0.04206951707601547,
    0.10625562071800232,
    0.23883740603923798,
    -0.09708455204963684
  ],
  "body_pose": [
    -0.34052518010139465,
    0.03039824776351452,
    0.13477762043476105,
    -0.19779573380947113,
    -0.2144385278224945,
    -0.33724120259284973,
    0.20079708099365234,
    0.0551961213350296,
    0.032567523419857025,
    0.38017094135284424,
    0.015449043363332748,
    -0.0329517163336277,
    0.865891695022583,
    -0.07523380219936371,
    0.06842967867851257,
    -0.10861600935459137,
    0.024975327774882317,
    -0.0075869206339120865,
    -0.0038732297252863646,
    0.1809656322002411,
    -0.04417387396097183,
    0.05048633739352226,
    -0.29785943031311035,
    0.048982877284288406,
    0.09279876202344894,
    0.061635822057724,
    0.02026860974729061,
    0.0003082211478613317,
    0.002568835625424981,
    0.022822169587016106,
    -0.023635756224393845,
    -0.00831545889377594,
    -0.004438292235136032,
    -0.05663372576236725,
    -0.07511518895626068,
    0.13189838826656342,
    0.14267124235630035,
    0.20771221816539764,
    -0.13725517690181732,
    -0.05535343661904335,
    0.12525883316993713,
    0.046512141823768616,
    -0.006943335756659508,
    -0.03771007061004639,
    -0.020118597894906998,
    0.2878207266330719,
    0.04816623032093048,
    -1.0563404560089111,
    -0.05971311405301094,
    0.435092568397522,
    0.7872081995010376,
    0.3804076611995697,
    -0.36292943358421326,
    -0.10677623748779297,
    0.028442054986953735,
    0.8814142942428589,
    -0.25158563256263733,
    -0.10330403596162796,
    0.007039327174425125,
    0.07145847380161285,
    -0.029904766008257866,
    0.012287655845284462,
    -0.19945695996284485
  ],
  "root_pose": [
    -3.1076931953430176,
    0.07299848645925522,
    -0.07754272222518921
  ],
  "translation": [
    0.01503332145512104,
    0.2790009081363678,
    40.419315338134766
  ],
  "jaw_pose": [
    0.00985626969486475,
    -0.0032665960025042295,
    -0.004047734662890434
  ],
  "left_hand_pose": [
    -0.0010921871289610863,
    0.13077086210250854,
    -0.13022573292255402,
    0.0,
    0.0,
    0.0,
    0.0,
    0.0,
    0.0,
    0.0,
    0.0,
    0.0,
    0.0,
    0.0,
    0.0,
    0.0,
    0.0,
    0.0,
    0.0,
    0.0,
    0.0,
    0.0,
    0.0,
    0.0,
    0.0,
    0.0,
    0.0,
    0.0,
    0.0,
    0.0,
    0.0,
    0.0,
    0.0,
    0.0,
    0.0,
    0.0,
    0.0,
    0.0,
    0.0,
    0.0,
    0.0,
    0.0,
    0.0,
    0.0,
    0.0
  ],
  "right_hand_pose": [
    -0.012689887546002865,
    -0.035702817142009735,
    -0.1606213003396988,
    0.09384102209035866,
    0.12100291752004082,
    0.3490638278208146,
    0.010634526222200513,
    0.06200190558918191,
    0.2843109857844059,
    0.007940203537830048,
    -0.1366146362973246,
    0.5969042530717491,
    -0.3008302002005976,
    -0.049825776661792553,
    0.5189980963703742,
    0.013949249655569809,
    0.11408645869347872,
    0.4595563825667918,
    -0.24409904089283765,
    0.2845092972577579,
    0.5543504712185682,
    -0.580806375576552,
    0.07040358307786496,
    0.5425030834627271,
    -0.3299386470183947,
    0.24861178495826394,
    0.48636060960537114,
    0.004606612876958635,
    -0.08298509261430669,
    0.5174084976499839,
    -0.44812479674417527,
    0.057771532410154716,
    0.668885216093893,
    -0.24386456673050352,
    0.24260619568512254,
    0.6440361345395761,
    1.0624906048571316,
    -0.21015638696733457,
    0.07859667325399897,
    -0.5510833874873324,
    -0.13502082150208436,
    0.3919250426000478,
    0.27267079927430643,
    -0.0403802919559152,
    -0.16558666256008192
  ],
  "expression": [
    -0.026814593374729155,
    -0.06756449192762375,
    -0.12348074913024902,
    -0.009119745902717113,
    -0.3918689489364624,
    0.41574089527130126,
    -0.39449143409729004,
    0.3941899180412292,
    -0.487654173374176,
    0.2770158290863037
  ],
  "fusion_metadata": {
    "body_source": "SMPLest-X",
    "hand_source": "Hierarchical Composition",
    "expression_source": "EMOCA"
  }
}