{
  "focal_length": [
    25707.93946584066,
    25707.93867111206
  ],
  "principal_point": [
    777.3212280273438,
    638.2976264953613
  ],
  "camera_translation": [
    -0.0038478393107652664,
    0.2405553162097931,
    41.607948303222656
  ],
  "detection_bbox": [
    516.246826171875,
    89.86160278320312,
    1039.3956298828125,
    1187.733642578125
  ]
}