{
  "focal_length": [
    19809.452692667644,
    19809.452295303345
  ],
  "principal_point": [
    642.6336059570312,
    808.2629699707031
  ],
  "camera_translation": [
    0.13865114748477936,
    0.041376784443855286,
    31.591440200805664
  ],
  "detection_bbox": [
    325.682373046875,
    469.03411865234375,
    960.5848388671875,
    1148.4918212890625
  ]
}