{
  "focal_length": [
    25909.544626871746,
    25909.54303741455
  ],
  "principal_point": [
    764.0753479003906,
    606.8081893920898
  ],
  "camera_translation": [
    0.008575035259127617,
    0.2536359429359436,
    41.084224700927734
  ],
  "detection_bbox": [
    604.628662109375,
    54.07127380371094,
    924.5220336914062,
    1160.545166015625
  ]
}