{
  "betas": [
    -0.14691199362277985,
    -0.02904689684510231,
    -0.5229417681694031,
    -0.6927892565727234,
    -0.11591615527868271,
    -0.4311910569667816,
    -0.18081051111221313,
    -0.08701072633266449,
    -0.07465825229883194,
    0.007349846418946981
  ],
  "body_pose": [
    -0.5266032218933105,
    0.19321654736995697,
    0.07001034170389175,
    -0.9833510518074036,
    0.033286839723587036,
    -0.21438777446746826,
    0.8353001475334167,
    -0.07633233815431595,
    0.07140234857797623,
    0.4553494453430176,
    0.20948980748653412,
    -0.12334152311086655,
    0.561899721622467,
    -0.10964438319206238,
    0.07574764639139175,
    -0.08771456032991409,
    -0.024756191298365593,
    0.06416229903697968,
    -0.13709481060504913,
    0.23563461005687714,
    0.013368403539061546,
    0.05590367317199707,
    -0.21545623242855072,
    0.060219813138246536,
    -0.02518049068748951,
    -0.026352940127253532,
    0.025930440053343773,
    -0.0023872300516813993,
    0.014791113324463367,
    -0.004837859887629747,
    -0.0071778143756091595,
    -0.020430833101272583,
    0.0023234065156430006,
    0.19899146258831024,
    -0.03428938239812851,
    0.08850059658288956,
    -0.15920069813728333,
    -0.6783275604248047,
    0.06168881803750992,
    -0.09927038848400116,
    0.578928530216217,
    -0.041955552995204926,
    -0.17254415154457092,
    0.009761618450284004,
    0.0030873920768499374,
    -0.23904922604560852,
    -0.7229049205780029,
    -0.5431431531906128,
    -0.17888645827770233,
    0.5617659091949463,
    0.5717198848724365,
    -0.09701124578714371,
    -0.4247978925704956,
    0.05158528313040733,
    -0.17347277700901031,
    0.5206173658370972,
    -0.20700515806674957,
    0.0524793304502964,
    -0.04201976954936981,
    0.23153303563594818,
    -0.06234145537018776,
    0.03007216565310955,
    -0.2693048417568207
  ],
  "root_pose": [
    -2.5051047801971436,
    0.34589600563049316,
    0.8106491565704346
  ],
  "translation": [
    0.09112881869077682,
    0.08460063487291336,
    29.295595169067383
  ],
  "jaw_pose": [
    0.000740457559004426,
    -0.010066025890409946,
    0.000562168366741389
  ],
  "left_hand_pose": [
    -0.014881565235555172,
    0.09680157154798508,
    -0.052066620439291,
    0.14860478689251003,
    0.06744639358686515,
    0.6055159135473105,
    -0.10830175398031333,
    0.12726029317571289,
    0.14855315120567517,
    -0.13519508486955795,
    -0.07524732041925782,
    0.7338969475130227,
    -0.16223535985901863,
    -0.090977086850866,
    0.48944014156989435,
    0.04279149439495041,
    0.21348249984198633,
    0.29723396535658964,
    -0.6186541566216709,
    0.4244526386415935,
    0.6430532115464122,
    -0.04506618535281095,
    -0.06008947057099326,
    0.4281752548651826,
    -0.42921616516060224,
    -0.0038446615220743517,
    0.021480935023993834,
    -0.1224697966727907,
    0.11684426526118123,
    0.6945761375770415,
    -0.3528797015907367,
    0.005766567883947667,
    0.5380396044523093,
    -0.21140686529544986,
    0.2525632026512939,
    0.3703987591082862,
    0.9640169580082895,
    -0.3079179430272637,
    -0.04835130979474594,
    -0.5913761883591307,
    -0.014352817521996417,
    0.14118314423873565,
    0.6032994529838862,
    -0.03404973729499244,
    0.25089813701596253
  ],
  "right_hand_pose": [
    -0.003966169431805611,
    -0.057903677225112915,
    0.004742924589663744,
    0.14106810466041983,
    0.09135060434096907,
    0.5139351208019679,
    -0.10417402356594326,
    0.08429147590454465,
    0.0617275239997424,
    -0.145805364370941,
    0.025639808999844263,
    0.7969347182224726,
    -0.2090958198012947,
    -0.14996203227909702,
    0.44606968413244164,
    0.05849082687274128,
    0.17613806868809254,
    0.2584420793122513,
    -0.6596445109649227,
    0.42600307373382285,
    0.7019198994257727,
    0.05890525025181836,
    -0.1262930665367925,
    0.3346637755133741,
    -0.4776137875879799,
    0.05287524517620743,
    0.016699052655875155,
    -0.12473707812066402,
    0.2008623604211779,
    0.7617229201461055,
    -0.3761972242434877,
    -0.0578212954909361,
    0.3917064312157348,
    -0.19050695630250813,
    0.2530363163859866,
    0.38548629638706555,
    1.117372144657084,
    -0.5767889140701047,
    -0.018195047405159016,
    -0.6728583528441137,
    0.16218075160360923,
    0.19838901457137922,
    0.6270320119610084,
    0.0577142007236181,
    -0.02778171753995947
  ],
  "expression": [
    -0.6159067869186401,
    -2.0,
    2.0,
    1.1273933887481689,
    -0.3906116724014282,
    0.620140528678894,
    0.5827407002449035,
    -1.1863969087600708,
    -1.1459726572036744,
    -1.5320191383361816
  ],
  "fusion_metadata": {
    "body_source": "SMPLest-X",
    "hand_source": "Hierarchical Composition",
    "expression_source": "EMOCA"
  }
}