{
  "focal_length": [
    23759.98655954997,
    23759.984970092773
  ],
  "principal_point": [
    863.0078430175781,
    691.1930313110352
  ],
  "camera_translation": [
    -0.01584380306303501,
    0.28755414485931396,
    36.89052200317383
  ],
  "detection_bbox": [
    638.3126831054688,
    184.3133544921875,
    1088.7030029296875,
    1199.07275390625
  ]
}