{
  "betas": [
    0.5321480631828308,
    0.18072931468486786,
    -0.20437029004096985,
    -0.44449034333229065,
    -0.23047812283039093,
    -0.6388276815414429,
    -0.19040240347385406,
    0.13585686683654785,
    -0.005912232678383589,
    -0.05176708847284317
  ],
  "body_pose": [
    -0.4300127923488617,
    0.08892406523227692,
    0.22487084567546844,
    -0.4833458364009857,
    0.04925959184765816,
    -0.3032996654510498,
    0.293653666973114,
    -0.06629855930805206,
    0.04216259717941284,
    0.6709367632865906,
    0.0400986522436142,
    -0.05254076421260834,
    0.8481394648551941,
    0.04207608476281166,
    0.02911968342959881,
    -0.05901247635483742,
    -0.022277770563960075,
    0.01312250830233097,
    0.022383185103535652,
    0.10836143046617508,
    -0.1553097814321518,
    -0.15619729459285736,
    -0.0982818678021431,
    0.10295242071151733,
    0.09436257183551788,
    -0.014750855974853039,
    0.016479041427373886,
    -0.018238531425595284,
    0.00041516622877679765,
    0.03414246439933777,
    -0.024010833352804184,
    -0.001798822428099811,
    -0.03319985046982765,
    0.007419469300657511,
    0.1136292815208435,
    0.09290514141321182,
    -0.025433387607336044,
    -0.061522889882326126,
    -0.09246610105037689,
    0.035458508878946304,
    -0.1298174262046814,
    0.06392449885606766,
    -0.15679073333740234,
    0.23640361428260803,
    -0.06810928881168365,
    0.06299988925457001,
    -0.3185111880302429,
    -0.8735845685005188,
    0.028076350688934326,
    -0.10942954570055008,
    0.6281530857086182,
    0.12887519598007202,
    -1.9635192155838013,
    0.40143316984176636,
    -0.08340857177972794,
    1.9891698360443115,
    -0.34303018450737,
    -0.06291729211807251,
    -0.15733999013900757,
    0.187170147895813,
    -0.17744137346744537,
    0.2793867588043213,
    -0.20500952005386353
  ],
  "root_pose": [
    -2.908522844314575,
    0.07577408850193024,
    0.7327847480773926
  ],
  "translation": [
    0.07545824348926544,
    0.2241637110710144,
    40.241615295410156
  ],
  "jaw_pose": [
    0.002476165071129799,
    -0.005709737539291382,
    0.0018449407070875168
  ],
  "left_hand_pose": [
    -0.026239540427923203,
    0.0212266705930233,
    0.05600564926862717,
    0.0572803858260041,
    0.0902588530872507,
    0.20392197381838686,
    -0.03541191307401565,
    0.1156669526405744,
    0.25988399046101573,
    -0.02377382862067484,
    -0.0768689820865016,
    0.7641202263833621,
    -0.25814545822143053,
    -0.04211360324189641,
    0.2159794775807976,
    0.01253240053094721,
    0.1364531004389332,
    0.40788322959028595,
    -0.24236917725114013,
    0.5068380284619588,
    0.6618539803998199,
    -0.3975574402080529,
    -0.08077044098744576,
    0.284459739319577,
    -0.35369525705639276,
    0.1985640090898057,
    0.2938161134160613,
    0.006529428616787365,
    0.08781585335642762,
    0.761591270540493,
    -0.4442045033665417,
    0.03612231252716348,
    0.30179563075475624,
    -0.24598748081536356,
    0.25230125423442257,
    0.5075206312944025,
    0.8399508928855064,
    -0.565494350395929,
    -0.41956782766193634,
    -0.5506279673579489,
    -0.027090855670920694,
    0.4215236662880478,
    0.3087765445367689,
    -0.2000786112606954,
    0.2477614594123663
  ],
  "right_hand_pose": [
    -0.00481029786169529,
    -0.01686966046690941,
    -0.288351446390152,
    -0.1390561371540487,
    0.005856866591438383,
    0.22263871201849394,
    0.13801577515632027,
    0.005231425717945773,
    0.29904022890353854,
    0.05915312559054115,
    -0.19460083335912828,
    0.060140946441410645,
    -0.21937140376450565,
    -0.04154313829277166,
    0.41113012382217634,
    0.007699355114698102,
    0.1189394971394108,
    0.2638901288480705,
    -1.1611390298679223,
    0.19117008884712805,
    1.5426967286090867,
    0.2912913560324372,
    -0.021718602103022393,
    0.5096158450083522,
    -0.7523008099483764,
    -0.04876647524618236,
    -0.31896851343715815,
    -0.25392895055175213,
    -0.17248001563330537,
    1.0794092457083193,
    -0.2630774575768677,
    -0.04886845691848601,
    0.3061479641542349,
    -0.15048725182060724,
    0.25232442301465335,
    0.2747149950062541,
    0.6734965798439154,
    0.043950613387011124,
    -0.13464595450196842,
    -0.7763024437032989,
    0.2066753200635236,
    0.33353705816152845,
    0.4114186185671257,
    0.019290370073016268,
    -0.22340913621782812
  ],
  "expression": [
    -0.0914116770029068,
    0.17324416637420653,
    0.06038758456707,
    -0.15832223296165465,
    -0.42342753410339357,
    0.14697305560111998,
    -0.38890525102615353,
    0.47465633153915404,
    -0.40837469100952145,
    -0.18382054567337036
  ],
  "fusion_metadata": {
    "body_source": "SMPLest-X",
    "hand_source": "Hierarchical Composition",
    "expression_source": "EMOCA"
  }
}