{
  "betas": [
    -0.5374186635017395,
    0.3994481861591339,
    -0.4759572446346283,
    -0.5844472050666809,
    -0.08277888596057892,
    -0.7660363912582397,
    -0.2346045821905136,
    0.08028106391429901,
    -0.07990128546953201,
    -0.0014985748566687107
  ],
  "body_pose": [
    -0.020473066717386246,
    0.24793928861618042,
    0.3852395713329315,
    -0.3691093623638153,
    -0.033547669649124146,
    0.09088359028100967,
    0.32893064618110657,
    -0.05493554845452309,
    -0.17280754446983337,
    0.052087508141994476,
    -0.04969372600317001,
    0.06599017232656479,
    0.21495670080184937,
    -0.03775930032134056,
    0.032677121460437775,
    -0.08070597052574158,
    -0.08587148040533066,
    -0.08383076637983322,
    0.1620609015226364,
    0.28977879881858826,
    -0.27089038491249084,
    0.06567645072937012,
    -0.1690884381532669,
    0.11137445271015167,
    0.020319579169154167,
    -0.09039253741502762,
    -0.042918384075164795,
    -0.015227277763187885,
    -0.003560852026566863,
    0.012612752616405487,
    -0.006734163500368595,
    -0.011232353746891022,
    -0.02550775557756424,
    0.055923014879226685,
    0.12299768626689911,
    0.06727509200572968,
    -0.0937926396727562,
    -0.2796867787837982,
    0.32132694125175476,
    0.03823630139231682,
    -0.13057498633861542,
    -0.09269695729017258,
    -0.14076966047286987,
    0.16230814158916473,
    -0.08230863511562347,
    -0.19903738796710968,
    -0.3060764670372009,
    -0.11826193332672119,
    -0.06212315335869789,
    -0.2723928987979889,
    0.20522631704807281,
    -0.33304500579833984,
    -0.8384203314781189,
    0.05657193064689636,
    -0.41965407133102417,
    0.7829166054725647,
    -0.10003411769866943,
    -0.30834832787513733,
    -0.09418254345655441,
    -0.017823927104473114,
    -0.37041303515434265,
    0.1364736407995224,
    -0.03297533094882965
  ],
  "root_pose": [
    -2.7028391361236572,
    -0.21181553602218628,
    0.7510142922401428
  ],
  "translation": [
    -0.005590612068772316,
    0.25202322006225586,
    40.22273635864258
  ],
  "jaw_pose": [
    0.01801159605383873,
    0.0010903367074206471,
    -0.006592152640223503
  ],
  "left_hand_pose": [
    -0.35552969574928284,
    2.967485189437866,
    0.207912877202034,
    -0.21710270643234253,
    0.052669424563646317,
    0.4368375837802887,
    0.12643317878246307,
    0.1437789499759674,
    -0.3004591763019562,
    0.08802852034568787,
    -0.04229554906487465,
    -1.1915030479431152,
    0.21578849852085114,
    0.04917825758457184,
    -1.272400140762329,
    0.05810803920030594,
    0.2259848713874817,
    -0.4006713926792145,
    0.23035109043121338,
    0.5935656428337097,
    -0.10607084631919861,
    0.629278838634491,
    0.00046001028385944664,
    -0.6637535691261292,
    0.36959075927734375,
    -0.031118284910917282,
    -0.2466995269060135,
    0.019420403987169266,
    0.19690082967281342,
    -0.21791763603687286,
    0.4382246732711792,
    0.10995816439390182,
    -1.1712400913238525,
    0.2888001799583435,
    0.1970064789056778,
    -0.4037032425403595,
    -0.9906620383262634,
    -0.8388165235519409,
    0.3657005727291107,
    0.6883211135864258,
    0.13129398226737976,
    0.1891281008720398,
    -0.6899482607841492,
    0.15806615352630615,
    -0.28475698828697205
  ],
  "right_hand_pose": [
    0.07602320611476898,
    -0.2164871096611023,
    0.5375702381134033,
    0.029052741825580597,
    0.08360925316810608,
    0.13326282799243927,
    0.05617984011769295,
    0.00226213363930583,
    0.0018303674878552556,
    0.06821135431528091,
    0.0028458500746637583,
    0.4948979318141937,
    -0.19108419120311737,
    -0.04948818311095238,
    0.012513373978435993,
    -0.02357635460793972,
    0.08649791032075882,
    0.05750637128949165,
    0.10722877830266953,
    0.3815425634384155,
    0.46832361817359924,
    -0.1632547229528427,
    -0.12254919856786728,
    0.10531400889158249,
    -0.24080370366573334,
    0.1301213502883911,
    -0.2825598418712616,
    0.1569490283727646,
    0.1339869499206543,
    0.48781776428222656,
    -0.29640066623687744,
    -0.02685345709323883,
    0.003903123317286372,
    -0.13501521944999695,
    0.1550879180431366,
    0.1247154027223587,
    0.6274635195732117,
    -0.08888193964958191,
    -0.08646277338266373,
    -0.5472257733345032,
    0.005258630961179733,
    0.3006627559661865,
    0.3381028175354004,
    -0.004930657334625721,
    -0.13508489727973938
  ],
  "expression": [
    -0.28168909549713134,
    0.2710839629173279,
    0.17838871479034424,
    -0.2577788472175598,
    0.24431371092796325,
    -0.3715863347053528,
    -0.2894648015499115,
    0.8148761987686157,
    -0.368448543548584,
    -0.14029894173145294
  ],
  "fusion_metadata": {
    "body_source": "SMPLest-X",
    "hand_source": "WiLoR_with_coordinate_transformation",
    "expression_source": "EMOCA",
    "coordinate_fixes_applied": true,
    "left_hand_transform": "coordinate_system_correction",
    "right_hand_transform": "minimal_adjustment"
  }
}