{
  "betas": [
    0.11001519113779068,
    0.1948474645614624,
    0.1046808585524559,
    -0.6162012219429016,
    -0.020672209560871124,
    -0.963313102722168,
    -0.12053725868463516,
    0.03695022314786911,
    0.011973012238740921,
    0.012816933915019035
  ],
  "body_pose": [
    -0.02980177104473114,
    0.05890560522675514,
    0.19056397676467896,
    -0.07136131078004837,
    -0.10692211985588074,
    -0.11887164413928986,
    0.09213600307703018,
    0.001148977200500667,
    -0.033465318381786346,
    0.15717706084251404,
    0.0025522338692098856,
    -0.006835529580712318,
    0.24236318469047546,
    -0.08165786415338516,
    0.016850680112838745,
    0.05771470442414284,
    -0.015036839060485363,
    -0.014510196633636951,
    -0.07744739949703217,
    0.11540161818265915,
    -0.02784665860235691,
    -0.10307396948337555,
    -0.13157665729522705,
    0.036779481917619705,
    0.05727093666791916,
    -0.0073224082589149475,
    -0.0031397247221320868,
    -0.020665720105171204,
    -0.006668673828244209,
    0.010984798893332481,
    -0.023305729031562805,
    -0.006241674069315195,
    -0.01091830711811781,
    0.20160366594791412,
    -0.047550469636917114,
    0.0348023921251297,
    0.06488606333732605,
    -0.0188998281955719,
    -0.22907139360904694,
    0.045102037489414215,
    0.009521597065031528,
    0.20605292916297913,
    0.13692151010036469,
    -0.06246121972799301,
    0.04832025617361069,
    0.18999439477920532,
    -0.35481640696525574,
    -1.0018843412399292,
    0.19389674067497253,
    0.26476696133613586,
    0.9790070056915283,
    -0.1336275339126587,
    -1.292190670967102,
    -0.03767134249210358,
    -0.0791856050491333,
    1.3767297267913818,
    -0.003593982895836234,
    -0.7609133720397949,
    0.02165204845368862,
    0.26565760374069214,
    -0.5309416055679321,
    -0.04847724363207817,
    -0.13493183255195618
  ],
  "root_pose": [
    -3.0283350944519043,
    0.010393151082098484,
    -0.02195834554731846
  ],
  "translation": [
    -0.022196641191840172,
    0.267041951417923,
    39.738197326660156
  ],
  "jaw_pose": [
    0.01646721549332142,
    -0.004036238417029381,
    0.004513140302151442
  ],
  "left_hand_pose": [
    0.033758968114852905,
    0.1342608481645584,
    0.39761990308761597,
    0.3249935343979537,
    0.2290896775858836,
    1.5009154312025317,
    -0.0906845861048054,
    0.2281241834176537,
    0.7406016678264224,
    -0.010454280453597876,
    -0.11781661170833603,
    0.6734784210986486,
    -0.28236290711842743,
    -0.032077881024712616,
    1.5672682779738383,
    -0.041390770472892253,
    0.12385528535152984,
    0.8191778328404904,
    -0.05523175929729066,
    0.54179444143528,
    0.39338611770835025,
    -1.0519387316954154,
    0.14959380354628476,
    1.0253272602655603,
    -0.5017981008728472,
    0.04430953347653486,
    0.9831747653929448,
    0.08012432625967031,
    0.06854886508781412,
    0.5325370720203868,
    -0.5550506936099211,
    0.24176005315229432,
    1.5383388072240378,
    -0.3659984522457396,
    0.04162216770259096,
    0.9481151100637475,
    1.017075156504046,
    -0.47311663821100114,
    -0.10100958235633484,
    -0.5092824147774933,
    -0.2283046795461652,
    -0.014156890757550337,
    0.6500785866949055,
    0.05708502373512331,
    0.6145683087682146
  ],
  "right_hand_pose": [
    0.010827329009771347,
    -0.055407971143722534,
    -0.16690699756145477,
    0.12481004969010988,
    0.04459941893235157,
    0.3744954589704395,
    -0.11086442896813964,
    0.08246610031374624,
    0.11787726004839288,
    -0.032469836854180006,
    -0.17399890554442074,
    0.5044994498303128,
    -0.16789212811707163,
    -0.08135939300127538,
    0.5019560171748594,
    0.030665391188021744,
    0.21302309541649242,
    0.23909779250429536,
    -0.8648188718017186,
    0.19690353944430486,
    0.8883749641314634,
    0.3513106644809969,
    -0.0318917719422036,
    0.4375146014441996,
    -0.6394326963637309,
    -0.03341760796772344,
    -0.17845561116937006,
    -0.1661854990445816,
    -0.05888768281886681,
    0.6056219175534626,
    -0.26376249476658764,
    -0.049494726255131315,
    0.43774672154885796,
    -0.19866684759532327,
    0.28606604291268395,
    0.2969907059868959,
    1.1459089879570197,
    -0.25702594431396814,
    0.135547278685137,
    -0.6617176868270281,
    0.02307054554343949,
    0.1886760368083653,
    0.579897360534706,
    0.011445961347769169,
    0.12020841168157521
  ],
  "expression": [
    -0.2168358027935028,
    0.25474272966384887,
    0.037646667659282686,
    -0.37445780038833615,
    -0.41030359268188477,
    -0.19750691056251526,
    -0.32274327278137205,
    0.002252388373017311,
    -0.6152722835540771,
    -0.4599411606788635
  ],
  "fusion_metadata": {
    "body_source": "SMPLest-X",
    "hand_source": "Hierarchical Composition",
    "expression_source": "EMOCA"
  }
}