{
  "focal_length": [
    19809.246063232422,
    19809.246063232422
  ],
  "principal_point": [
    642.6266784667969,
    808.2622375488281
  ],
  "camera_translation": [
    0.1386764794588089,
    0.041357532143592834,
    31.591312408447266
  ],
  "detection_bbox": [
    325.6787414550781,
    469.02947998046875,
    960.5746459960938,
    1148.4949951171875
  ]
}