{
  "focal_length": [
    17788.219451904297,
    17788.219451904297
  ],
  "principal_point": [
    880.6257934570312,
    811.6316223144531
  ],
  "camera_translation": [
    -0.0719967633485794,
    0.05046111345291138,
    29.627599716186523
  ],
  "detection_bbox": [
    596.0142822265625,
    474.82794189453125,
    1166.2373046875,
    1149.435302734375
  ]
}