{
  "focal_length": [
    17336.815198262535,
    17336.814403533936
  ],
  "principal_point": [
    806.6024169921875,
    803.3966369628906
  ],
  "camera_translation": [
    0.06316085904836655,
    0.07546918839216232,
    28.948049545288086
  ],
  "detection_bbox": [
    633.5394287109375,
    433.5445861816406,
    980.6654052734375,
    1174.2486572265625
  ]
}