{
  "focal_length": [
    27041.40345255534,
    27041.401863098145
  ],
  "principal_point": [
    721.581298828125,
    610.1531219482422
  ],
  "camera_translation": [
    0.06132041662931442,
    0.33058249950408936,
    42.94426727294922
  ],
  "detection_bbox": [
    345.5076599121094,
    33.26988220214844,
    1098.6549072265625,
    1188.036376953125
  ]
}