{
  "betas": [
    -0.07339757680892944,
    -0.02806112915277481,
    -0.1606663018465042,
    -0.6063199043273926,
    0.04091635346412659,
    -0.38265249133110046,
    -0.1359964907169342,
    -0.1213173121213913,
    0.018816370517015457,
    0.02800142392516136
  ],
  "body_pose": [
    -0.34032970666885376,
    0.24261566996574402,
    -0.04946594685316086,
    -0.8011170625686646,
    0.06702622026205063,
    -0.1801673024892807,
    0.6705631613731384,
    -0.10260511189699173,
    0.07435697317123413,
    0.4462367296218872,
    0.21754920482635498,
    -0.12233922630548477,
    0.38444796204566956,
    0.005004167091101408,
    0.022407809272408485,
    -0.051686227321624756,
    -0.03499981760978699,
    0.08856213837862015,
    -0.14754913747310638,
    0.2623709440231323,
    0.017898689955472946,
    0.13552112877368927,
    -0.1257389932870865,
    0.10556788742542267,
    0.0034119184128940105,
    -0.04501410946249962,
    0.039439331740140915,
    -0.004752881359308958,
    0.0016864959616214037,
    0.007931896485388279,
    -0.01744130067527294,
    0.008216735906898975,
    0.004638076759874821,
    0.20562684535980225,
    -0.011234654113650322,
    0.08609964698553085,
    -0.1614297330379486,
    -0.5669583082199097,
    0.06609475612640381,
    -0.09669752418994904,
    0.4245775043964386,
    0.005027298349887133,
    -0.09230692684650421,
    0.0009579247562214732,
    -0.02686644159257412,
    -0.3892146646976471,
    -0.7078465819358826,
    -0.5795865654945374,
    -0.13671666383743286,
    0.5082437992095947,
    0.7890360355377197,
    -0.4274981617927551,
    -0.4895241856575012,
    0.09444943815469742,
    -0.5500048995018005,
    1.004246473312378,
    -0.24606232345104218,
    -0.5472612380981445,
    0.0733678862452507,
    0.21610568463802338,
    -0.8009760975837708,
    -0.04989280551671982,
    -0.2796507179737091
  ],
  "root_pose": [
    -2.528190851211548,
    0.1913963407278061,
    1.2458765506744385
  ],
  "translation": [
    0.22467245161533356,
    0.16766569018363953,
    33.03492736816406
  ],
  "jaw_pose": [
    0.00025914673460647464,
    -0.011644777841866016,
    0.002725837752223015
  ],
  "left_hand_pose": [
    -0.024980073794722557,
    0.06328878551721573,
    0.40253904461860657,
    0.13071977403079463,
    0.1996950582376257,
    1.1129753115479402,
    -0.13490941812530466,
    0.14359486185346523,
    0.21828632321041103,
    -0.1252161706120552,
    -0.05661936175232815,
    0.435764741707241,
    -0.18771526396791685,
    0.0341992748864294,
    1.2433556224577968,
    -0.02980947689532485,
    0.22591314803732435,
    0.320004177621075,
    -0.7200725211271216,
    0.5475478497536947,
    0.4967976547741183,
    -0.21721367831230884,
    0.021512955383875394,
    0.6255639416102884,
    -0.5245209800846281,
    -0.07805484677602174,
    0.029667193410072363,
    -0.11414093266286747,
    0.1609997613708704,
    0.3655513102588852,
    -0.4215596696265634,
    0.11176737441447422,
    1.1727177597018508,
    -0.24565490091551373,
    0.2103214810782461,
    0.32779043515118794,
    1.0009877388788517,
    -0.41929476620323225,
    0.008280740836237954,
    -0.6451143837197275,
    0.056130427820400605,
    -0.0038061582562017595,
    0.6732172602938868,
    -0.005568279021696434,
    0.32017487282976714
  ],
  "right_hand_pose": [
    -0.0032331817783415318,
    -0.031020043417811394,
    -0.409488707780838,
    0.0,
    0.0,
    0.0,
    0.0,
    0.0,
    0.0,
    0.0,
    0.0,
    0.0,
    0.0,
    0.0,
    0.0,
    0.0,
    0.0,
    0.0,
    0.0,
    0.0,
    0.0,
    0.0,
    0.0,
    0.0,
    0.0,
    0.0,
    0.0,
    0.0,
    0.0,
    0.0,
    0.0,
    0.0,
    0.0,
    0.0,
    0.0,
    0.0,
    0.0,
    0.0,
    0.0,
    0.0,
    0.0,
    0.0,
    0.0,
    0.0,
    0.0
  ],
  "expression": [
    -0.7159705638885497,
    -2.0,
    2.0,
    0.9265382766723632,
    -0.7985888957977295,
    0.2348882496356964,
    1.1289669513702392,
    -0.6199594259262085,
    -0.7939157009124755,
    -1.1830837726593018
  ],
  "fusion_metadata": {
    "body_source": "SMPLest-X",
    "hand_source": "Hierarchical Composition",
    "expression_source": "EMOCA"
  }
}