{
  "betas": [
    0.6265118718147278,
    0.20211119949817657,
    0.5915992259979248,
    -0.49251648783683777,
    0.017639264464378357,
    -1.0833274126052856,
    -0.0199473537504673,
    -0.026003044098615646,
    0.05650031194090843,
    -0.011526763439178467
  ],
  "body_pose": [
    -0.019232019782066345,
    0.025567596778273582,
    0.09859225898981094,
    -0.05501817166805267,
    -0.07718430459499359,
    -0.09424177557229996,
    0.061317142099142075,
    0.009672856889665127,
    -0.035498086363077164,
    0.08530811965465546,
    -0.006344839930534363,
    -0.004121665842831135,
    0.19093260169029236,
    -0.06242041662335396,
    -0.006412201095372438,
    -0.00391562981531024,
    -0.004993072710931301,
    -0.019945697858929634,
    -0.06690596789121628,
    0.0662284642457962,
    -0.051905252039432526,
    -0.09772886335849762,
    -0.15706801414489746,
    0.07293287664651871,
    0.026027174666523933,
    0.003489608410745859,
    -0.002573200035840273,
    -0.016551824286580086,
    -0.0018890200881287456,
    0.008175965398550034,
    -0.015988901257514954,
    -0.012731417082250118,
    -0.023273160681128502,
    -0.038580022752285004,
    -0.019797232002019882,
    0.07920663803815842,
    -0.018904343247413635,
    -0.06038178130984306,
    -0.13710975646972656,
    -0.0010422334307804704,
    0.11744605004787445,
    0.14099839329719543,
    -0.08407407999038696,
    -0.03309927135705948,
    -0.005141007248312235,
    0.037391625344753265,
    -0.4544736444950104,
    -1.0750733613967896,
    0.05251925438642502,
    0.4653300940990448,
    1.0860369205474854,
    -0.05402982607483864,
    -1.5676851272583008,
    0.4134621024131775,
    -0.13674522936344147,
    1.7512476444244385,
    -0.2692412734031677,
    -0.35656043887138367,
    -0.06767645478248596,
    0.704622209072113,
    -0.6320953369140625,
    0.052100829780101776,
    -0.4334992468357086
  ],
  "root_pose": [
    -3.0861799716949463,
    0.026670174673199654,
    -0.04375184699892998
  ],
  "translation": [
    -0.025746481493115425,
    0.25603049993515015,
    42.91754150390625
  ],
  "jaw_pose": [
    0.011412630788981915,
    -0.0013501784997060895,
    -0.0006956080906093121
  ],
  "left_hand_pose": [
    -0.004060723353177309,
    -0.0015718973008915782,
    0.4419930875301361,
    0.028140483227347194,
    0.12659965452147226,
    0.5009463756347854,
    -0.0227030415028907,
    0.03074219453898626,
    0.2918130620406872,
    0.03899580484793435,
    -0.14720885043168871,
    0.10945762494646759,
    -0.2680475887108101,
    0.013037574680405804,
    0.8347090883868138,
    -0.00624653590574015,
    0.11833816679218052,
    0.41979242174859466,
    -0.8694270898915015,
    0.4346148737350817,
    1.052187248919479,
    0.07707426740003709,
    -0.02050382305468046,
    0.5131108092285005,
    -0.6217597401569753,
    0.046942813041856865,
    -0.151639611834667,
    -0.1684018701538258,
    -0.017367803680739348,
    0.6839091047277912,
    -0.3955007306778435,
    0.009932617618505387,
    0.7448196378633725,
    -0.1774914038493661,
    0.2677002201490146,
    0.461231641625942,
    1.0110899189314493,
    0.036501292642935196,
    0.10230669657993102,
    -0.5560964233331437,
    0.05021165800857744,
    0.28451569299970647,
    0.5710211072294915,
    -0.3751431066782624,
    0.11358983054263383
  ],
  "right_hand_pose": [
    -0.0004775419074576348,
    0.02104291133582592,
    -0.3686816394329071,
    0.037281711699550114,
    0.14211006244733732,
    0.3407766529288721,
    -0.04510886742181334,
    0.024957363194969,
    0.1297389537762429,
    0.09958558878974343,
    -0.0975057118968598,
    0.09730586885856732,
    -0.24204204290343304,
    0.009849610966301128,
    0.5827036641288933,
    -0.006306755128275921,
    0.13250339058446858,
    0.27743575520035235,
    -0.8968797439150223,
    0.28085503314404386,
    1.0288963117158658,
    0.49894297722917275,
    -0.050848845404527006,
    0.37177470026136306,
    -0.7559551892090941,
    -0.11062888860303605,
    -0.474373876347443,
    -0.13068934799329213,
    -0.08306018094670442,
    0.45765062300683795,
    -0.29460640084339407,
    -0.019837134148068123,
    0.4085034664149321,
    -0.1505264697217344,
    0.22159888448836543,
    0.3105271493224668,
    1.0714995682783517,
    -0.014116697178258933,
    0.1061275876304839,
    -0.6723835032259433,
    0.13146649233495783,
    0.2812794027431418,
    0.4818985321066614,
    -0.19406765206249843,
    -0.11204807385981184
  ],
  "expression": [
    -0.09146068096160888,
    0.09022074937820435,
    0.12199367880821227,
    0.2483529210090637,
    -0.43180046081542967,
    0.09560809135437011,
    -0.4920014977455139,
    0.007819856330752372,
    -0.04181700199842453,
    0.25778787732124325
  ],
  "fusion_metadata": {
    "body_source": "SMPLest-X",
    "hand_source": "Hierarchical Composition",
    "expression_source": "EMOCA"
  }
}