{
  "focal_length": [
    25598.963101704918,
    25598.96230697632
  ],
  "principal_point": [
    765.17578125,
    622.2415657043457
  ],
  "camera_translation": [
    -0.005586722865700722,
    0.25197890400886536,
    40.2209358215332
  ],
  "detection_bbox": [
    536.439453125,
    76.13037109375,
    994.912109375,
    1169.352783203125
  ]
}