{
  "focal_length": [
    25013.394355773926,
    25013.394355773926
  ],
  "principal_point": [
    785.2167053222656,
    654.106330871582
  ],
  "camera_translation": [
    -0.04916253685951233,
    0.23650488257408142,
    37.17741394042969
  ],
  "detection_bbox": [
    583.6550903320312,
    120.48725128173828,
    987.7783203125,
    1188.7254638671875
  ]
}