{
  "betas": [
    -0.29526615142822266,
    0.35093608498573303,
    -0.8613359332084656,
    -0.5813731551170349,
    -0.003696397878229618,
    -0.5559488534927368,
    -0.034114155918359756,
    -0.1168326660990715,
    -0.17140336334705353,
    0.010753991082310677
  ],
  "body_pose": [
    -0.02468978427350521,
    0.12971539795398712,
    0.3641294240951538,
    -0.23751728236675262,
    -0.08814501762390137,
    0.018857941031455994,
    0.19259558618068695,
    0.038659390062093735,
    -0.1400758922100067,
    0.394210547208786,
    -0.07415872812271118,
    -0.010841495357453823,
    0.6099240183830261,
    -0.09719127416610718,
    0.11538717895746231,
    -0.008243159390985966,
    -0.02744128368794918,
    -0.12198833376169205,
    -0.10520453006029129,
    0.23262178897857666,
    -0.1510871946811676,
    -0.13365879654884338,
    -0.17517848312854767,
    -0.009937179274857044,
    -0.019735248759388924,
    -0.006176643073558807,
    -0.0667257308959961,
    -0.017132161185145378,
    -0.005522888619452715,
    0.004787089303135872,
    -0.024159058928489685,
    -0.01073380745947361,
    -0.005865389946848154,
    0.1417923867702484,
    -0.3047115206718445,
    0.16855348646640778,
    0.08711131662130356,
    -0.1631104201078415,
    -0.17093685269355774,
    -0.21820752322673798,
    0.32324862480163574,
    -0.16567467153072357,
    -0.09210757911205292,
    -0.2959452271461487,
    0.07323668897151947,
    0.29386770725250244,
    -0.1403173953294754,
    -0.64686518907547,
    -0.20401212573051453,
    0.4406800866127014,
    -0.0024787907022982836,
    0.23748181760311127,
    -0.7870697975158691,
    -0.12780791521072388,
    0.04814894124865532,
    0.8128170967102051,
    -0.030116848647594452,
    -0.006283658556640148,
    -0.23997512459754944,
    0.05112924426794052,
    0.10868684202432632,
    0.15219147503376007,
    0.27999478578567505
  ],
  "root_pose": [
    -3.083251476287842,
    -0.28417864441871643,
    0.2605106830596924
  ],
  "translation": [
    0.029397884383797646,
    0.2592405080795288,
    38.663063049316406
  ],
  "jaw_pose": [
    0.003425953444093466,
    -0.0003083817136939615,
    -0.003574620932340622
  ],
  "left_hand_pose": [
    -0.027311235666275024,
    0.021750301122665405,
    0.23410329222679138,
    0.08928945118400013,
    0.06298696051120031,
    -0.05028246490808603,
    -0.024626105397397572,
    -0.01444883692739607,
    0.035836861366029184,
    0.21029559615106855,
    -0.0013265854040139587,
    0.32709132419686626,
    -0.285146395499171,
    -0.032352132637986225,
    -0.09203982965489504,
    0.010519277851937917,
    0.05892465597533997,
    0.14034646373568288,
    0.24858050725049474,
    0.08245706575971908,
    0.18869601773181652,
    -0.15574025114868567,
    -0.16076484583216352,
    -0.03742223080584242,
    -0.1775345970835999,
    0.20862682503305688,
    -0.16880895027439674,
    0.26975033014440913,
    0.054145362233254155,
    0.24624949034866317,
    -0.296543919519828,
    -0.07481385772738817,
    -0.0896672739805513,
    -0.1876680291928113,
    0.23241933411934043,
    0.10150157093885835,
    0.7339290509073113,
    -0.04998985220193129,
    -0.13706224403602954,
    -0.6849233107653886,
    0.20345481168181295,
    0.13476587328261092,
    0.08602855200879626,
    0.3482130673103747,
    0.12762048195121764
  ],
  "right_hand_pose": [
    -0.0014417908387258649,
    -0.03394157066941261,
    -0.07227183878421783,
    0.13599347612569004,
    0.08492599448089377,
    0.11270093809753658,
    0.0011276120313711308,
    -0.02352207992517442,
    -0.12294351982172814,
    0.00502272459626493,
    -0.04797210909555532,
    0.7501801449010467,
    -0.2209032615467084,
    -0.0511106552646095,
    -0.01505443416783501,
    -0.015195326006534672,
    0.07897979477958857,
    0.03961195046697803,
    0.25132482205000933,
    0.034598904072144984,
    0.26833018557541827,
    -0.2353918173342203,
    -0.12245288930525966,
    -0.09758016657786675,
    -0.18155061256040317,
    0.17486461133794262,
    -0.13270881521239403,
    0.12145782056890142,
    0.019173628720500085,
    0.5840782535954657,
    -0.3146461188382466,
    0.012850291004664895,
    0.022580004222422408,
    -0.1765322527298947,
    0.14661093245882736,
    0.10427555073250874,
    0.8440834785764179,
    -0.0041691339855016475,
    0.02164887704877369,
    -0.6150287359669442,
    0.13030553532107142,
    0.30017715382272925,
    0.15034766280263934,
    0.1688962780471404,
    -0.21642619340731975
  ],
  "expression": [
    -0.12652586102485655,
    0.2075882077217102,
    0.20939623117446898,
    0.15250208973884583,
    -0.024461650103330613,
    -0.20255459547042845,
    -0.2022055685520172,
    0.7179277896881103,
    0.26338180303573605,
    0.04080178141593933
  ],
  "fusion_metadata": {
    "body_source": "SMPLest-X",
    "hand_source": "Hierarchical Composition",
    "expression_source": "EMOCA"
  }
}