{
  "focal_length": [
    24141.29416147868,
    24141.294956207275
  ],
  "principal_point": [
    756.3039855957031,
    646.9611320495605
  ],
  "camera_translation": [
    -0.007729563862085342,
    0.2102767527103424,
    37.82075119018555
  ],
  "detection_bbox": [
    590.5906982421875,
    131.94683837890625,
    923.0172729492188,
    1162.975341796875
  ]
}