{
  "focal_length": [
    25026.43426259359,
    25026.43585205078
  ],
  "principal_point": [
    806.5758666992188,
    635.3724455833435
  ],
  "camera_translation": [
    -0.06925699859857559,
    0.27957579493522644,
    41.19510269165039
  ],
  "detection_bbox": [
    551.7164306640625,
    101.47514343261719,
    1062.435302734375,
    1170.2696533203125
  ]
}