{
  "betas": [
    -0.5374186635017395,
    0.3994481861591339,
    -0.4759572446346283,
    -0.5844472050666809,
    -0.08277888596057892,
    -0.7660363912582397,
    -0.2346045821905136,
    0.08028106391429901,
    -0.07990128546953201,
    -0.0014985748566687107
  ],
  "body_pose": [
    -0.020473066717386246,
    0.24793928861618042,
    0.3852395713329315,
    -0.3691093623638153,
    -0.033547669649124146,
    0.09088359028100967,
    0.32893064618110657,
    -0.05493554845452309,
    -0.17280754446983337,
    0.052087508141994476,
    -0.04969372600317001,
    0.06599017232656479,
    0.21495670080184937,
    -0.03775930032134056,
    0.032677121460437775,
    -0.08070597052574158,
    -0.08587148040533066,
    -0.08383076637983322,
    0.1620609015226364,
    0.28977879881858826,
    -0.27089038491249084,
    0.06567645072937012,
    -0.1690884381532669,
    0.11137445271015167,
    0.020319579169154167,
    -0.09039253741502762,
    -0.042918384075164795,
    -0.015227277763187885,
    -0.003560852026566863,
    0.012612752616405487,
    -0.006734163500368595,
    -0.011232353746891022,
    -0.02550775557756424,
    0.055923014879226685,
    0.12299768626689911,
    0.06727509200572968,
    -0.0937926396727562,
    -0.2796867787837982,
    0.32132694125175476,
    0.03823630139231682,
    -0.13057498633861542,
    -0.09269695729017258,
    -0.14076966047286987,
    0.16230814158916473,
    -0.08230863511562347,
    -0.19903738796710968,
    -0.3060764670372009,
    -0.11826193332672119,
    -0.06212315335869789,
    -0.2723928987979889,
    0.20522631704807281,
    -0.33304500579833984,
    -0.8384203314781189,
    0.05657193064689636,
    -0.41965407133102417,
    0.7829166054725647,
    -0.10003411769866943,
    -0.30834832787513733,
    -0.09418254345655441,
    -0.017823927104473114,
    -0.37041303515434265,
    0.1364736407995224,
    -0.03297533094882965
  ],
  "root_pose": [
    -2.7028391361236572,
    -0.21181553602218628,
    0.7510142922401428
  ],
  "translation": [
    -0.005590612068772316,
    0.25202322006225586,
    40.22273635864258
  ],
  "jaw_pose": [
    0.01801159605383873,
    0.0010903367074206471,
    -0.006592152640223503
  ],
  "left_hand_pose": [
    -0.8610090825874684,
    0.1461245635010301,
    -0.23767358895156848,
    0.9075221156916198,
    0.005110673137796539,
    -0.406699169116086,
    -1.1440817197547861,
    -0.9947412609007571,
    -0.17052581108165793,
    0.38647086472251885,
    -1.1053979337169997,
    -0.3173424644517252,
    0.4408303464397183,
    -0.1373482439127367,
    -0.0623878750606032,
    0.8025553524806984,
    -0.9218686541064488,
    -1.2495125970079386,
    -1.193993877903949,
    -0.23161245256865287,
    -1.1732436421725494,
    -0.4381197063980735,
    -0.9781547083126136,
    -0.5767401520515438,
    -1.3001654612705995,
    -0.6166490250093861,
    -1.1891950971851386,
    -0.1874990293688853,
    -0.9876982832715451,
    0.3146225689328974,
    -0.8871507558848375,
    -0.7928586240680748,
    -0.3025472100435041,
    0.5833719321584236,
    -0.9782787582152048,
    -0.2504801609770524,
    -1.3088616742267192,
    -0.2990294597725564,
    -0.1530372069889282,
    0.04310077212623442,
    -1.140314768191213,
    -0.4003529769123195,
    -0.10638315101577578,
    -0.6765300051165976,
    0.02677394662034155
  ],
  "right_hand_pose": [
    -0.06498152647713137,
    -0.17967180481604805,
    -0.1395294067548315,
    -0.04059997288580272,
    -0.06313982816271298,
    -0.261322070319081,
    0.20362174263935956,
    0.2906269267908772,
    0.2798643355513093,
    0.27504407282854687,
    0.18493080272343587,
    -0.04176674334021002,
    0.7711619047144814,
    -0.03364024056944259,
    -0.7913199161343666,
    0.04823565897903372,
    -0.008727591290049797,
    -0.20465069902523256,
    0.2659487982253794,
    -0.24577213001527137,
    -0.6129441591823341,
    0.05139765363642343,
    -0.18854748721374207,
    -0.40158019740289275,
    0.07332368823802876,
    -0.08719808687887412,
    -0.07558710425722122,
    -0.4053560961421218,
    -0.08059400331522476,
    -0.3348655149656574,
    0.3595214291561459,
    -0.05561884189052813,
    -0.629558842432993,
    0.1525445296067324,
    -0.045595164209370126,
    -0.3158482037798292,
    -1.0917679824454998,
    0.4070440984035796,
    -0.37410791285245715,
    0.3648242176537909,
    0.1816443993223792,
    0.1775962765921787,
    -0.19745633486458852,
    0.041030382456021024,
    -0.41244291442049236
  ],
  "expression": [
    -0.2816613972187042,
    0.2711593329906464,
    0.17850254774093627,
    -0.25782853960990904,
    0.24427260160446165,
    -0.3716237425804138,
    -0.2893832802772522,
    0.8147767782211304,
    -0.36850401163101193,
    -0.14031089544296263
  ]
}