{
  "betas": [
    -0.5377781391143799,
    0.39882931113243103,
    -0.4760690927505493,
    -0.5838820338249207,
    -0.08342879265546799,
    -0.7649856209754944,
    -0.23487043380737305,
    0.08059542626142502,
    -0.07989771664142609,
    -0.0010644630528986454
  ],
  "body_pose": [
    -0.02062304876744747,
    0.24786227941513062,
    0.3853178322315216,
    -0.3687446415424347,
    -0.03359176591038704,
    0.0907948762178421,
    0.3290102481842041,
    -0.054913684725761414,
    -0.17282333970069885,
    0.051972396671772,
    -0.04968835785984993,
    0.06598211079835892,
    0.21473778784275055,
    -0.03772671893239021,
    0.0326324887573719,
    -0.08075276017189026,
    -0.08589248359203339,
    -0.0838443785905838,
    0.16196629405021667,
    0.2896226644515991,
    -0.27082422375679016,
    0.06564559787511826,
    -0.1688361018896103,
    0.11158754676580429,
    0.020378798246383667,
    -0.09040363132953644,
    -0.042924750596284866,
    -0.015237652696669102,
    -0.0035641095601022243,
    0.01263834722340107,
    -0.006723582744598389,
    -0.011228843592107296,
    -0.025552084669470787,
    0.05561867356300354,
    0.12302319705486298,
    0.0670745000243187,
    -0.09384771436452866,
    -0.2795390486717224,
    0.32131725549697876,
    0.03829631581902504,
    -0.1307506412267685,
    -0.09257514774799347,
    -0.14114950597286224,
    0.1622031182050705,
    -0.08216883987188339,
    -0.19909846782684326,
    -0.3060871958732605,
    -0.1182812973856926,
    -0.06202168017625809,
    -0.2725626528263092,
    0.20546452701091766,
    -0.3331716060638428,
    -0.8386125564575195,
    0.05674166977405548,
    -0.4199337363243103,
    0.7837014198303223,
    -0.10020815581083298,
    -0.30843743681907654,
    -0.09392547607421875,
    -0.017606321722269058,
    -0.3701307773590088,
    0.13659924268722534,
    -0.03327365592122078
  ],
  "root_pose": [
    -2.702803611755371,
    -0.21178299188613892,
    0.7511099576950073
  ],
  "translation": [
    -0.005601735785603523,
    0.251950740814209,
    40.21885299682617
  ],
  "jaw_pose": [
    0.01801314949989319,
    0.0010897312313318253,
    -0.006590418517589569
  ],
  "left_hand_pose": [
    -0.08154571801424026,
    0.037874046713113785,
    0.3221195638179779,
    0.12171352214594416,
    0.19969567240017477,
    1.1273109016439955,
    -0.12643633389130526,
    0.1437780950271183,
    0.30045702178993033,
    -0.09248403135251605,
    -0.005110233225010035,
    0.4067011438795888,
    -0.21578531148197816,
    0.04918006855581585,
    1.2723950671527804,
    -0.0581093457760293,
    0.2259844160519909,
    0.4006717446943052,
    -0.23035275604252806,
    0.5935693810968387,
    0.1060730692650373,
    -0.629282773983048,
    0.0004581093992502559,
    0.6637561663704323,
    -0.3695955787405727,
    -0.031118315663573305,
    0.24670338561819752,
    -0.019419617438293287,
    0.19689476470633502,
    0.21791370669304547,
    -0.4382293630502854,
    0.10995165155040483,
    1.1712359788185938,
    -0.28880275108185294,
    0.19700948408584554,
    0.40369908345631034,
    1.166558611921086,
    -0.550326963639391,
    0.08293363963697475,
    -0.68831106440765,
    0.1312926777622559,
    -0.18913502820866018,
    0.6899366368272354,
    0.1580724162990566,
    0.2847552053555383
  ],
  "right_hand_pose": [
    -0.012663665227591991,
    0.021874098107218742,
    -0.6216673254966736,
    0.029046944518511468,
    0.08361128896029041,
    0.13326591952082736,
    0.056171088744016585,
    0.0022614161862328733,
    0.0018304844378833228,
    0.06819742676416435,
    0.002840335385026657,
    0.49490137567558656,
    -0.19108446249014494,
    -0.049488308567321254,
    0.012508867935152794,
    -0.02357968103590709,
    0.08649600149313076,
    0.057507412401995396,
    0.10722638911591731,
    0.3815397886943116,
    0.4683166773901196,
    -0.16325546894002,
    -0.12254607357079367,
    0.10531414247939627,
    -0.2408095123640028,
    0.13011779298496037,
    -0.2825533214759833,
    0.15695013541939168,
    0.13398722526158016,
    0.48781594659894045,
    -0.29640405562951394,
    -0.02685177059886435,
    0.0039012431446920795,
    -0.1350161544121183,
    0.15508942509618823,
    0.12471541495425503,
    0.6274667209502546,
    -0.088883124512296,
    -0.08646014358193596,
    -0.5472288025594331,
    0.005261370697056179,
    0.3006554586408745,
    0.33810280577230045,
    -0.004929713501530886,
    -0.13508736911773728
  ],
  "expression": [
    -0.28159942030906676,
    0.2712343454360962,
    0.17822123765945433,
    -0.2581614553928375,
    0.24406492710113525,
    -0.37151910066604615,
    -0.2895345389842987,
    0.8149776220321655,
    -0.36886460781097413,
    -0.14003705084323884
  ],
  "fusion_metadata": {
    "body_source": "SMPLest-X",
    "hand_source": "Hierarchical Composition",
    "expression_source": "EMOCA"
  }
}