{
  "betas": [
    0.5189908742904663,
    0.1340411752462387,
    0.07734216749668121,
    -0.21536314487457275,
    -0.2219543755054474,
    -0.5362058877944946,
    -0.07198622822761536,
    0.09719344973564148,
    0.0030490118078887463,
    -0.1668616533279419
  ],
  "body_pose": [
    -0.4274946451187134,
    0.10995767265558243,
    0.06042923778295517,
    -0.4924822151660919,
    0.12023330479860306,
    -0.5783277750015259,
    0.2779184877872467,
    -0.06872458010911942,
    0.1486208438873291,
    0.9283393621444702,
    0.09646299481391907,
    -0.16841062903404236,
    1.2548989057540894,
    0.1230885237455368,
    -0.0013271792558953166,
    -0.09072109311819077,
    -0.0027372820768505335,
    0.09749935567378998,
    -0.23803047835826874,
    0.11191871017217636,
    -0.05697564780712128,
    -0.10646960139274597,
    -0.09419441223144531,
    0.07874884456396103,
    0.08703576773405075,
    0.02422146499156952,
    0.08134570717811584,
    -0.009748758748173714,
    0.013099225237965584,
    0.015490018762648106,
    -0.010151553899049759,
    0.02061343751847744,
    -0.014680109918117523,
    0.05568801984190941,
    0.12257929891347885,
    0.06305383145809174,
    0.0532173216342926,
    0.05795692279934883,
    -0.0699101984500885,
    -0.11864949762821198,
    0.005058580078184605,
    0.06273818761110306,
    -0.018778571859002113,
    0.2725672125816345,
    -0.28572526574134827,
    0.12064028531312943,
    -0.04608777165412903,
    -0.8325477242469788,
    -0.2134808450937271,
    0.28650787472724915,
    0.6051992177963257,
    0.1555633246898651,
    -1.196627140045166,
    0.257463663816452,
    -0.2650490999221802,
    1.8809845447540283,
    -0.9292279481887817,
    -0.049262043088674545,
    -0.06904760748147964,
    0.027258066460490227,
    0.05618003010749817,
    0.2396356612443924,
    -0.4065904915332794
  ],
  "root_pose": [
    -3.0382776260375977,
    0.11098841577768326,
    0.5258421897888184
  ],
  "translation": [
    0.11087600141763687,
    0.3076978325843811,
    35.51066207885742
  ],
  "jaw_pose": [
    -0.0005368134588934481,
    -0.009070915170013905,
    0.003455211641266942
  ],
  "left_hand_pose": [
    0.012156061828136444,
    0.07533466070890427,
    0.24946720898151398,
    0.06312264714685584,
    0.07088925236968607,
    0.1576377565520049,
    -0.010508871671759828,
    0.030631327644288078,
    0.13421039221421632,
    0.05650259620350248,
    -0.1588474275869294,
    0.4462355820965216,
    -0.24608166933258688,
    -0.08693505179527858,
    0.294245672146951,
    0.023908430752261813,
    0.10536964069470825,
    0.20844131559413473,
    -0.2618814078790955,
    0.2910142015167009,
    0.6075709975299174,
    -0.1400972915431143,
    -0.08897543568431525,
    0.23227014090569487,
    -0.3631714346761349,
    0.1806063303080297,
    -0.03818585056798016,
    0.04159898845197854,
    -0.01718746594745984,
    0.4447239770789053,
    -0.31149055609139437,
    -0.051423015002852165,
    0.3070702609021777,
    -0.2025966219012373,
    0.2244163475793687,
    0.28667864572811413,
    1.004065458800715,
    -0.25309407032153886,
    0.04324953521662448,
    -0.6523077957395397,
    -0.054654284442367584,
    0.26405811989960126,
    0.2456572641212817,
    0.03935256258154784,
    -0.18072297644264787
  ],
  "right_hand_pose": [
    -0.019115649163722992,
    0.06973733752965927,
    -0.4044381082057953,
    -0.0657024113148829,
    0.042557152937005856,
    -0.08646562476879868,
    0.20077547351587466,
    -0.00837140650252113,
    0.1084056272509443,
    0.12780977826590934,
    -0.1456922606774358,
    0.2829580618860407,
    -0.26298379339757655,
    -0.059740133155874245,
    0.15024447445632583,
    -0.0041895624780806705,
    0.08259075256994393,
    0.15909217355080515,
    -0.9434771353956479,
    0.43704087631795446,
    1.4692849851408358,
    -0.19973662014729782,
    -0.03509517536728881,
    0.5938554108750109,
    -0.4984106434227522,
    0.11539351629743291,
    -0.004857992035295901,
    -0.14128503646585638,
    -0.05906803508621717,
    1.088562994020512,
    -0.2978359843284552,
    -0.04243460481258847,
    0.04206287457023412,
    -0.14840257122110725,
    0.12992651516404258,
    0.1446640505830709,
    0.6372364779632494,
    -0.07610835254516089,
    -0.26795561850077015,
    -0.807813545839025,
    0.2360239125151084,
    0.29353598280115956,
    0.25762326518113743,
    0.1892504909238341,
    -0.16030175924420856
  ],
  "expression": [
    -0.07423346936702728,
    0.03768243938684463,
    -0.009865171462297439,
    -0.23996817469596862,
    -0.48308368921279904,
    0.5035667538642883,
    -0.29442248940467836,
    0.6185107469558716,
    -0.49943507909774776,
    0.1449379563331604
  ],
  "fusion_metadata": {
    "body_source": "SMPLest-X",
    "hand_source": "Hierarchical Composition",
    "expression_source": "EMOCA"
  }
}