{
  "focal_length": [
    21270.87116241455,
    21270.87116241455
  ],
  "principal_point": [
    686.1386413574219,
    693.9517364501953
  ],
  "camera_translation": [
    0.20088808238506317,
    0.17518526315689087,
    34.60769271850586
  ],
  "detection_bbox": [
    424.71258544921875,
    240.17315673828125,
    948.564697265625,
    1148.7303466796875
  ]
}