{
  "betas": [
    0.693506121635437,
    0.09446036070585251,
    -0.22066769003868103,
    -0.3562910258769989,
    -0.12440554052591324,
    -0.8157814145088196,
    -0.15147371590137482,
    0.007072567008435726,
    0.1962154060602188,
    -0.10589030385017395
  ],
  "body_pose": [
    -0.07078345865011215,
    0.03397071734070778,
    0.13549764454364777,
    -0.4853629767894745,
    0.18072091042995453,
    -0.19263847172260284,
    0.18688926100730896,
    -0.06821343302726746,
    -0.058557964861392975,
    0.3186287581920624,
    0.028680948540568352,
    -0.04731157422065735,
    2.141740083694458,
    0.01533463317900896,
    0.3024444878101349,
    -0.014020493254065514,
    -0.03173546865582466,
    -0.01072754617780447,
    -0.009990988299250603,
    0.06026294454932213,
    -0.04054681956768036,
    0.0015259344363585114,
    -0.07591678947210312,
    0.05653856322169304,
    0.031431715935468674,
    -0.043020348995923996,
    -0.0176278967410326,
    -0.035458117723464966,
    -0.0026345402002334595,
    0.044459011405706406,
    -0.05979909002780914,
    0.005566791631281376,
    -0.021014835685491562,
    -0.004578090738505125,
    0.0090297507122159,
    0.10501594096422195,
    -0.004613170400261879,
    -0.13149301707744598,
    -0.13974124193191528,
    0.18447227776050568,
    -0.16651803255081177,
    0.1299624890089035,
    -0.3149695098400116,
    -0.003145179245620966,
    0.02917693555355072,
    0.01883402094244957,
    -0.30217444896698,
    -0.8128808736801147,
    0.2916182577610016,
    -0.11231154948472977,
    1.0021313428878784,
    -0.031554996967315674,
    -1.882434368133545,
    0.18477363884449005,
    0.10811057686805725,
    1.5205353498458862,
    -0.18138845264911652,
    -0.3832404315471649,
    -0.3896758556365967,
    0.191043421626091,
    -0.2937212288379669,
    0.1191055104136467,
    -0.12628650665283203
  ],
  "root_pose": [
    -3.071113348007202,
    -0.059649087488651276,
    -0.1286577433347702
  ],
  "translation": [
    0.0069341231137514114,
    0.27913030982017517,
    40.97922897338867
  ],
  "jaw_pose": [
    0.007190067321062088,
    -0.0040495265275239944,
    0.007251086179167032
  ],
  "left_hand_pose": [
    -0.06463275849819183,
    -0.032235823571681976,
    0.10167186707258224,
    0.047486141397504567,
    0.06688543215810892,
    0.14570120130733955,
    0.02892932743505399,
    0.03367686375533948,
    0.308536030853971,
    0.06726419688636037,
    -0.08539838632366352,
    0.4513975381338902,
    -0.2862225740094386,
    0.008056185601685764,
    0.42893488675888714,
    0.014306531815545044,
    0.07476496034849726,
    0.3958527137178813,
    -0.04005334143030055,
    0.42650956003436624,
    0.4493773068331651,
    -0.4225881279076453,
    -0.02367295265210428,
    0.39777283627039045,
    -0.3803938168441777,
    0.20034266908426984,
    0.21742399107536375,
    0.09412896493641133,
    0.04534614842515826,
    0.48696784118045716,
    -0.4537869952120062,
    0.0688330450590773,
    0.48126041192697444,
    -0.19141959816783566,
    0.1703750469301387,
    0.5203138188384162,
    1.0914256250832068,
    -0.26835127154984245,
    0.02273818863291182,
    -0.6708342667952972,
    0.054402629175980946,
    0.1679840425529609,
    0.2327371135548219,
    0.3756599982587546,
    0.4115907735055791
  ],
  "right_hand_pose": [
    -0.022734934464097023,
    -0.11538085341453552,
    0.2955954372882843,
    0.22331977609363557,
    0.05471800207797259,
    0.6424565053587721,
    -0.15333571255929546,
    0.1261064156638004,
    0.03694579484868569,
    -0.1943236597913788,
    -0.04394063837440762,
    0.8998786863288712,
    -0.11995825143742646,
    -0.08551524386268537,
    0.484390608859801,
    0.027329949223057867,
    0.23886610858797516,
    0.24734619512407138,
    -0.5588648310753311,
    0.40024306979287066,
    0.6880734841856986,
    -0.16892328872723708,
    0.014804817939956671,
    0.3946088121467232,
    -0.40386739923231624,
    0.023474074487984987,
    0.006721829828986477,
    -0.11454928787897613,
    0.14589748400905161,
    0.872135328215617,
    -0.3611171891576625,
    0.04733566674177154,
    0.4280392035504293,
    -0.23599771212344242,
    0.2515493220768272,
    0.30413836643062786,
    1.0551519121082247,
    -0.2391117046637107,
    0.04907054493602991,
    -0.6502390622785211,
    0.07426174797049903,
    0.2024848650426923,
    0.6703215940246265,
    -0.00896673648129723,
    0.17909242428659644
  ],
  "expression": [
    0.11367836594581604,
    0.5515288352966309,
    0.4313311457633972,
    0.17332820892333983,
    -0.7683715581893921,
    -0.32794378995895385,
    -0.5263319849967957,
    -0.4387078285217285,
    0.28252229690551756,
    0.1271246552467346
  ],
  "fusion_metadata": {
    "body_source": "SMPLest-X",
    "hand_source": "Hierarchical Composition",
    "expression_source": "EMOCA"
  }
}