{
  "betas": [
    0.2666369080543518,
    0.7828884124755859,
    0.15475346148014069,
    -0.7256251573562622,
    -0.06184709817171097,
    -1.045749306678772,
    -0.10780376195907593,
    0.06436852365732193,
    -0.19279734790325165,
    0.03166494145989418
  ],
  "body_pose": [
    -0.039849165827035904,
    0.03025949001312256,
    0.14519798755645752,
    -0.04542635753750801,
    -0.10169222205877304,
    -0.11265022307634354,
    0.10130980610847473,
    0.016316557303071022,
    -0.036110769957304,
    0.09717145562171936,
    -0.04083283245563507,
    -0.0027425293810665607,
    0.1474626362323761,
    -0.03690771386027336,
    -0.011495685204863548,
    -0.028706194832921028,
    -0.011128704994916916,
    -0.013896448537707329,
    -0.07463827729225159,
    0.07644076645374298,
    -0.06773310899734497,
    -0.0761144831776619,
    -0.1637398600578308,
    0.07895679771900177,
    0.01288352906703949,
    0.002260478911921382,
    0.0039661955088377,
    -0.0056760432198643684,
    0.006246180739253759,
    0.008671218529343605,
    -0.006124177016317844,
    -0.011050908826291561,
    -0.023978576064109802,
    -0.010848768055438995,
    -0.022952450439333916,
    0.0880451500415802,
    -0.08519835770130157,
    -0.13898055255413055,
    -0.038920242339372635,
    -0.07982276380062103,
    0.179618239402771,
    0.10275103151798248,
    0.015064907260239124,
    -0.032361436635255814,
    0.020044298842549324,
    -0.08479112386703491,
    -0.467017263174057,
    -0.700506329536438,
    -0.09398943185806274,
    0.4774719476699829,
    0.7667730450630188,
    -0.1928606927394867,
    -1.4808290004730225,
    0.3473151922225952,
    -0.23112007975578308,
    1.6508723497390747,
    -0.31501203775405884,
    -0.38262519240379333,
    -0.08782093226909637,
    0.47250354290008545,
    -0.4722069799900055,
    0.06287051737308502,
    -0.3690739572048187
  ],
  "root_pose": [
    -3.0378081798553467,
    0.013648483902215958,
    -0.03982673957943916
  ],
  "translation": [
    -0.02123689092695713,
    0.25909823179244995,
    41.05974578857422
  ],
  "jaw_pose": [
    0.01024865172803402,
    -0.004174431785941124,
    0.0036329422146081924
  ],
  "left_hand_pose": [
    -0.012167821638286114,
    0.10830692201852798,
    0.400627464056015,
    0.055642635493080655,
    0.02621582045523574,
    0.40594155236552976,
    0.056216277693249044,
    0.07256309373953755,
    0.4233804715307385,
    -0.20952950105953536,
    -0.2528543635249186,
    0.9562395277495737,
    -0.29691054920278753,
    -0.04032648881876494,
    0.9651306835198931,
    -0.011127378380702,
    0.1622167991876847,
    0.6644484613385755,
    -0.7720658291203643,
    0.4764089542760058,
    1.180920503936279,
    -0.47552081505021543,
    0.09805471500870998,
    0.6689937956873688,
    -0.524760704692667,
    0.3094000936002996,
    0.39173299668142253,
    -0.19295714382379256,
    0.06709817588234875,
    1.250029914317897,
    -0.5513584332109988,
    0.17640130744907093,
    0.759403743782244,
    -0.2989069940026389,
    0.2605237887441902,
    0.7910997783912781,
    0.8639663051601639,
    0.03432085159312186,
    -0.06520226633540227,
    -0.5122380744096154,
    0.05380931857566534,
    0.41012589122968335,
    0.6242129788581433,
    -0.4609370522019215,
    0.10114730531490068
  ],
  "right_hand_pose": [
    -0.02244863286614418,
    -0.027751930058002472,
    -0.2057824581861496,
    0.18537404968771082,
    0.08867596575462222,
    0.333320030657009,
    -0.04786490872175304,
    0.06173524436184541,
    0.08215366812350859,
    -0.18703425425834058,
    -0.01048690361141554,
    1.3592136609776317,
    -0.22736161152383655,
    0.010758845162516838,
    0.7791805266203697,
    -0.012430077170769086,
    0.09517753549052209,
    0.6923593838241591,
    0.17707174778759227,
    0.4850471696196982,
    0.5891167131022095,
    -1.4118846798020985,
    0.5057632272486623,
    1.364699999359723,
    -0.26741845539806236,
    0.1964683525921302,
    0.779294933930836,
    -0.01735623887327399,
    0.25874162085076124,
    1.1563697040644279,
    -0.6398145484058991,
    0.3957989733092865,
    1.2296037715882984,
    -0.24711056867776152,
    0.1094252500311141,
    0.7774700888479017,
    0.3068742493916081,
    -0.09565778999258788,
    -0.47583145626472095,
    -0.7212122747468259,
    0.07694428497709953,
    0.3261939065277426,
    0.28131447779138086,
    0.07420777134657856,
    -0.5234005156379058
  ],
  "expression": [
    -0.10434280335903168,
    0.14359666407108307,
    0.03557575643062592,
    -0.18910340666770933,
    -0.21721749901771545,
    0.38053518533706665,
    -0.4175158739089966,
    0.6207195281982422,
    -0.189362633228302,
    -0.11382739841938018
  ],
  "fusion_metadata": {
    "body_source": "SMPLest-X",
    "hand_source": "Hierarchical Composition",
    "expression_source": "EMOCA"
  }
}