{
  "betas": [
    -0.0005749637493863702,
    0.40938881039619446,
    0.17217393219470978,
    -0.72220379114151,
    -0.01365803275257349,
    -0.930325448513031,
    -0.029466450214385986,
    -0.014029701240360737,
    -0.02489311248064041,
    0.15432021021842957
  ],
  "body_pose": [
    -0.14689239859580994,
    0.04899175092577934,
    0.2265518605709076,
    -0.12092221528291702,
    -0.10307617485523224,
    -0.1251717358827591,
    0.1816123127937317,
    0.024430448189377785,
    -0.0506780631840229,
    0.41847363114356995,
    0.0032341538462787867,
    -0.03413837403059006,
    0.440292090177536,
    -0.08058539777994156,
    0.04768972098827362,
    -0.07098810374736786,
    -0.013242058455944061,
    -0.018908897414803505,
    -0.09081820398569107,
    0.10523086041212082,
    -0.08358097821474075,
    -0.18426741659641266,
    -0.13629072904586792,
    0.046028804033994675,
    -0.03221315145492554,
    -0.0019629071466624737,
    0.005819782614707947,
    -0.0001409912802046165,
    0.011852052062749863,
    -0.0076784975826740265,
    -0.005769094917923212,
    -0.012678750790655613,
    -0.008959219790995121,
    0.13888554275035858,
    -0.024952445179224014,
    0.09759898483753204,
    -0.21505436301231384,
    -0.3945278823375702,
    0.2014283984899521,
    -0.21248680353164673,
    0.4164840281009674,
    -0.06512653827667236,
    0.007374930661171675,
    -0.024745065718889236,
    0.037751566618680954,
    -0.3177988827228546,
    -0.6679506897926331,
    -0.4589487612247467,
    -0.31739532947540283,
    0.6620054841041565,
    0.5151727199554443,
    -0.4222915768623352,
    -1.3067748546600342,
    0.5039610266685486,
    -0.39856135845184326,
    1.4633530378341675,
    -0.5786057114601135,
    -0.5102173686027527,
    -0.1890409141778946,
    0.35337337851524353,
    -0.4419313371181488,
    0.17975755035877228,
    -0.37459230422973633
  ],
  "root_pose": [
    -3.0461738109588623,
    0.003371558617800474,
    -0.02258182317018509
  ],
  "translation": [
    -0.026210198178887367,
    0.3008916676044464,
    40.68608093261719
  ],
  "jaw_pose": [
    0.013216213323175907,
    -0.0025429020170122385,
    -0.00010170717723667622
  ],
  "left_hand_pose": [
    -0.012363903224468231,
    -0.007258976809680462,
    0.5491644144058228,
    0.03266517104485085,
    0.08170699819621724,
    -0.058412630580807104,
    0.08642284825079022,
    -0.023028327715596122,
    -0.082534533145348,
    0.2476463804909009,
    -0.06738660835000769,
    0.22369490493110522,
    -0.24130912728425824,
    -0.027773651830714025,
    -0.1083047402632191,
    -0.04074148907750167,
    0.04259429176370601,
    0.07229555968559441,
    0.09987044786956983,
    -0.06954004126116949,
    0.3432201672920582,
    -0.05334578722701636,
    -0.08853408558710818,
    0.05291105117585514,
    -0.30925843585957014,
    0.12816488498226442,
    -0.22441837822376473,
    0.21840381536135273,
    -0.04848003702133839,
    0.2319811100090978,
    -0.2983559272427997,
    -0.003964066329810426,
    -0.10890117764939686,
    -0.16237075908655713,
    0.09854553449037017,
    0.10501931751768238,
    0.44654838826323495,
    0.014468787357402665,
    -0.34683885023367506,
    -0.7048194128677056,
    0.1661679081094231,
    0.32275463716930214,
    0.16799333171161696,
    0.27858277000849396,
    -0.12740815341262768
  ],
  "right_hand_pose": [
    -0.023401394486427307,
    0.05933813005685806,
    -0.5546032190322876,
    -0.08778079204418264,
    0.09447730128354734,
    -0.17514451312259086,
    0.2514017055925207,
    -0.04800342497195769,
    0.007288998399835825,
    0.16608903072819722,
    -0.07886474943230867,
    0.23315836091266273,
    -0.2566785872934752,
    -0.007824613302889534,
    -0.03676175386653393,
    -0.02792516226140314,
    0.04112019258031656,
    0.11464050259659536,
    0.006512540430735134,
    -0.1060903629449644,
    0.4015474879948514,
    -0.09556934492845139,
    -0.10320546827448587,
    0.06944306453523569,
    -0.2990596199707623,
    0.1374374934807762,
    -0.09166546135346201,
    0.12894837395560504,
    -0.1732424553348325,
    0.3933459881327887,
    -0.34650888760862586,
    0.007084711336010549,
    -0.06300468428729517,
    -0.1632060692188932,
    0.09288865542859796,
    0.15837381978841558,
    0.4788485641241766,
    0.10582524019509694,
    -0.25405135433219184,
    -0.7682064494939047,
    0.21404381293663244,
    0.29092079090659834,
    0.1883201071239686,
    0.2615741943707816,
    -0.16362274757570636
  ],
  "expression": [
    -0.13529359102249144,
    0.19377593994140624,
    0.10741211771965027,
    -0.19182339906692505,
    -0.1580992341041565,
    0.19139142036437987,
    -0.3098061203956604,
    0.6727674007415771,
    -0.3360072612762451,
    -0.0589226558804512
  ],
  "fusion_metadata": {
    "body_source": "SMPLest-X",
    "hand_source": "Hierarchical Composition",
    "expression_source": "EMOCA"
  }
}