{
  "betas": [
    -0.39694154262542725,
    0.177390918135643,
    -0.0666143000125885,
    -0.9677823185920715,
    -0.09559004008769989,
    -0.9348880052566528,
    -0.2362203150987625,
    0.06621913611888885,
    0.07475768029689789,
    0.13446003198623657
  ],
  "body_pose": [
    -0.24867473542690277,
    0.03808918967843056,
    0.2672995328903198,
    -0.28108322620391846,
    -0.10280498117208481,
    -0.09066750854253769,
    0.2614986300468445,
    0.03295183181762695,
    -0.08690813183784485,
    0.2914074659347534,
    0.01732039824128151,
    0.02171425148844719,
    0.41151726245880127,
    -0.14297346770763397,
    0.06319376081228256,
    0.02868042327463627,
    -0.015632711350917816,
    -0.04662369191646576,
    -0.019829463213682175,
    0.09366629272699356,
    -0.10612677782773972,
    -0.12612727284431458,
    -0.1794217973947525,
    -0.011591902002692223,
    -0.0020819581113755703,
    -0.011825865134596825,
    -0.010424559004604816,
    -0.0043936800211668015,
    -0.012835252098739147,
    0.013175656087696552,
    -0.030223308131098747,
    -0.007839107885956764,
    -0.008935807272791862,
    0.20385794341564178,
    -0.0634753480553627,
    0.2003452628850937,
    -0.02716234140098095,
    -0.31398117542266846,
    -0.1301572024822235,
    -0.046114396303892136,
    0.3753325343132019,
    0.12362606823444366,
    0.1033610999584198,
    -0.021352486684918404,
    0.015325766056776047,
    0.016358844935894012,
    -0.5426430702209473,
    -0.8998724222183228,
    0.0768512710928917,
    0.6731632351875305,
    0.7784007787704468,
    -0.1644800454378128,
    -1.3287564516067505,
    0.17720872163772583,
    0.2469051033258438,
    1.6415759325027466,
    -0.3465714454650879,
    -0.5030887722969055,
    -0.21293199062347412,
    0.6256057024002075,
    0.18628603219985962,
    0.22440871596336365,
    -0.6890755891799927
  ],
  "root_pose": [
    -2.981954336166382,
    -0.04092844948172569,
    0.00047211951459757984
  ],
  "translation": [
    -0.04109267145395279,
    0.2436990737915039,
    38.459320068359375
  ],
  "jaw_pose": [
    0.016513707116246223,
    -0.0015806761803105474,
    0.0033222357742488384
  ],
  "left_hand_pose": [
    -0.001811748486943543,
    0.030125964432954788,
    0.45621082186698914,
    0.0023088402815141153,
    0.037547912783762225,
    0.029550862930389412,
    0.0165758219274486,
    0.041930801302715315,
    0.30721905172741315,
    0.2799928604524281,
    -0.2744053321250095,
    -0.3693296704066152,
    -0.3006261524979574,
    0.002798425002272917,
    0.6329438775630496,
    -0.0012372750048622472,
    0.19094297346049283,
    0.7210239846911954,
    -1.0310015432508497,
    0.20531727669903865,
    1.4580482065065163,
    0.3091925916107831,
    -0.02370390516119275,
    0.4419043554921486,
    -0.6934433946530582,
    -0.05686985847687701,
    -0.403612748656422,
    -0.11895426723970721,
    -0.3114539100614259,
    0.5290100586954413,
    -0.3489635360340963,
    -0.07119104652431425,
    0.914874077981888,
    -0.1808392630201249,
    0.28595992300883133,
    0.5320984511746194,
    0.8709441466607318,
    0.13115596398811835,
    -0.06499904731094866,
    -0.6217261897862482,
    0.08305922288970453,
    0.2446545152450141,
    0.45337247747363857,
    -0.2771534826979954,
    0.06589372849193521
  ],
  "right_hand_pose": [
    -0.015841852873563766,
    0.09710977226495743,
    -0.452036589384079,
    0.013904439851844409,
    0.05905977942502559,
    -0.003959750942275807,
    0.03842941525404843,
    -0.0225015848291768,
    0.15748921822906845,
    0.2570361309875315,
    0.020450741810777478,
    -0.43863528234161675,
    -0.2536430444979271,
    -0.0241960372910425,
    0.17824798954996876,
    -0.0074630315752130146,
    0.06918901901867659,
    0.24733624290858208,
    -0.4012994463512909,
    -0.13494199975612775,
    0.7029922547553175,
    0.09037133354117845,
    -0.05842250786064322,
    0.03255127201935939,
    -0.28902896046972026,
    0.16962117699995735,
    -0.1667224580005285,
    0.1160490689855641,
    -0.12261946866438046,
    -0.11228732735992993,
    -0.2343193102430225,
    -0.05521138437779667,
    0.04024096474951175,
    -0.14216876058719133,
    0.21293717349235392,
    0.22139960771942158,
    0.6775206824154925,
    -0.0333776540256902,
    -0.13688060121999174,
    -0.6608568288304852,
    0.10448830248461824,
    0.21160172151870407,
    0.27315657531319104,
    -0.13518377272789026,
    -0.10543788630268068
  ],
  "expression": [
    -0.1807464301586151,
    0.32316319942474364,
    0.07170999348163605,
    -0.3908086895942688,
    -0.35649333000183103,
    -0.18326278924942016,
    -0.45333534479141235,
    0.027096480131149292,
    -0.5930628776550293,
    -0.2718884825706482
  ],
  "fusion_metadata": {
    "body_source": "SMPLest-X",
    "hand_source": "Hierarchical Composition",
    "expression_source": "EMOCA"
  }
}