{
  "betas": [
    0.6442381143569946,
    0.2727245092391968,
    -0.25665345788002014,
    -0.22370119392871857,
    -0.38813334703445435,
    -0.8403509259223938,
    -0.2596578598022461,
    0.17584681510925293,
    -0.09952084720134735,
    -0.05831045284867287
  ],
  "body_pose": [
    -0.06072592735290527,
    0.04344228655099869,
    0.07060039788484573,
    -0.4410487711429596,
    0.1255817413330078,
    -0.05421547591686249,
    0.11351991444826126,
    -0.07336009293794632,
    -0.0386960469186306,
    0.3465721607208252,
    -0.02049964852631092,
    -0.004119767341762781,
    1.3107659816741943,
    0.004114793613553047,
    0.08930449187755585,
    -0.038759876042604446,
    -0.06281258910894394,
    -0.016202785074710846,
    -0.10542573779821396,
    0.19846203923225403,
    -0.08831407129764557,
    -0.11317386478185654,
    -0.16560766100883484,
    0.05622505396604538,
    0.10478061437606812,
    -0.044504329562187195,
    0.0002508784818928689,
    -0.016871342435479164,
    -0.008458595722913742,
    0.02520940452814102,
    -0.028142308816313744,
    0.005375772714614868,
    -0.011816620826721191,
    -0.02322239801287651,
    0.007002673577517271,
    0.20199015736579895,
    0.07069556415081024,
    -0.02850853092968464,
    -0.11453039944171906,
    0.12439835071563721,
    -0.18580465018749237,
    0.054654136300086975,
    -0.21772798895835876,
    0.08631306141614914,
    0.023743292316794395,
    0.22742097079753876,
    -0.2657736539840698,
    -1.0199415683746338,
    0.1538839191198349,
    -0.046451009809970856,
    0.8739736080169678,
    0.45587727427482605,
    -1.114647388458252,
    0.2216167449951172,
    0.07030527293682098,
    1.894045114517212,
    -0.39152228832244873,
    0.23749703168869019,
    0.14147663116455078,
    0.18666565418243408,
    -0.11633700132369995,
    0.05848854035139084,
    -0.19342875480651855
  ],
  "root_pose": [
    -3.0575716495513916,
    0.010117908008396626,
    -0.05658161640167236
  ],
  "translation": [
    0.05834732949733734,
    0.26027023792266846,
    40.313209533691406
  ],
  "jaw_pose": [
    -0.00045206520007923245,
    -0.0039514414966106415,
    0.002253403654322028
  ],
  "left_hand_pose": [
    0.013483330607414246,
    0.027088193222880363,
    0.5747048258781433,
    0.04236422236780616,
    0.04567156602400275,
    -0.03970983411869725,
    0.010226278512747275,
    0.026177844449553678,
    0.14220997007054087,
    0.16449406982621104,
    -0.12138444842446539,
    0.27804677695525515,
    -0.3151287080118962,
    -0.03337679284690435,
    0.06086160751991434,
    0.04282346308249122,
    0.09969949449093306,
    0.10334891235238944,
    0.10864675029171296,
    -0.14766029071737583,
    0.31032934549879587,
    -0.22489773955390838,
    -0.09931771799509945,
    -0.03359210398517435,
    -0.14395919262737256,
    0.29332907920991325,
    0.030774800672718712,
    0.14697422295917753,
    -0.19337339836144288,
    0.09832102212078304,
    -0.2705986456425106,
    -0.05913574280310024,
    0.14719727928749918,
    -0.18640915448974882,
    0.28375578049040245,
    0.19280997378956535,
    0.8189923195764952,
    -0.07437763619178853,
    -0.06889022145963035,
    -0.6411403394227347,
    0.09709172309608145,
    0.3099931686346546,
    0.15135495702271218,
    -0.02785499282900419,
    -0.23644899799152547
  ],
  "right_hand_pose": [
    0.00350371515378356,
    0.004691296257078648,
    -0.3204590678215027,
    0.08125516042200118,
    0.10239022536348022,
    0.4434424880983059,
    -0.004912867945472879,
    0.0619914907630066,
    0.3311287679511861,
    0.0807696137118849,
    -0.06430232977242384,
    0.44340034478189483,
    -0.31055988808639673,
    -0.0011562236131187759,
    0.4878701846845774,
    -0.01548897442951428,
    0.09746761081446888,
    0.41775677933464267,
    -0.23706268934486135,
    0.3602417950470971,
    0.7725913957349738,
    -0.8948557809905164,
    0.24328007218407013,
    0.827277543033564,
    -0.31258232681817666,
    0.1924316610380777,
    0.4016855982127064,
    -0.027709612596083216,
    -0.06550032210291913,
    0.5274213651703066,
    -0.515700074732251,
    0.13221034796243847,
    1.2598370455314511,
    -0.22448971998739553,
    0.22722938098728254,
    0.6133181058013898,
    0.5804762578049479,
    0.0001372163910501994,
    -0.21951663119640713,
    -0.5157359551981391,
    -0.07404388562016509,
    0.3463919006652913,
    0.46087603523306475,
    -0.19577921071590926,
    0.1835927150989396
  ],
  "expression": [
    0.011187056824564933,
    0.1844892382621765,
    0.0734040006995201,
    0.014536660909652709,
    -0.9241762161254883,
    -0.01621282584965229,
    -0.3017255902290344,
    -0.6248956203460693,
    -0.3604403972625732,
    -0.0844382107257843
  ],
  "fusion_metadata": {
    "body_source": "SMPLest-X",
    "hand_source": "Hierarchical Composition",
    "expression_source": "EMOCA"
  }
}