{
  "betas": [
    -0.10481883585453033,
    -0.10064907371997833,
    -0.02891172096133232,
    -0.56067955493927,
    0.05072738975286484,
    -0.38254526257514954,
    -0.07002130150794983,
    -0.1422286033630371,
    -0.07723353803157806,
    0.097645603120327
  ],
  "body_pose": [
    -0.4503292143344879,
    0.15091820061206818,
    -0.013120099902153015,
    -0.8859831690788269,
    0.05827438086271286,
    -0.20738428831100464,
    0.7499287128448486,
    -0.0724017322063446,
    0.09764335304498672,
    0.40394875407218933,
    0.17351877689361572,
    -0.09154783934354782,
    0.3638053238391876,
    -0.0626944899559021,
    0.005455055274069309,
    -0.02077358216047287,
    -0.01719510927796364,
    0.06611920148134232,
    -0.0913398265838623,
    0.16376085579395294,
    0.0036421827971935272,
    0.15685120224952698,
    -0.12217322736978531,
    0.13824865221977234,
    0.010154489427804947,
    -0.014444125816226006,
    0.027360184118151665,
    0.012642156332731247,
    0.013553136959671974,
    -0.0017081651603803039,
    -0.008173099718987942,
    -0.018447980284690857,
    -0.006155003793537617,
    0.08520948141813278,
    -0.04810517653822899,
    0.015264256857335567,
    -0.058242350816726685,
    -0.44939422607421875,
    -0.17724399268627167,
    -0.03539031371474266,
    0.3957848846912384,
    0.13397639989852905,
    -0.10001377761363983,
    -0.03183485195040703,
    -0.018748557195067406,
    -0.02702145092189312,
    -0.5528952479362488,
    -0.9175395965576172,
    -0.004542605485767126,
    0.4461163878440857,
    0.8972688913345337,
    -0.10650420933961868,
    -0.7547603249549866,
    0.06923237442970276,
    -0.3876914083957672,
    1.0384987592697144,
    -0.1851823329925537,
    -0.18993817269802094,
    0.057560890913009644,
    0.16438326239585876,
    -0.5695207715034485,
    -0.01118247676640749,
    -0.207606703042984
  ],
  "root_pose": [
    -2.4246163368225098,
    0.3315332531929016,
    1.1130574941635132
  ],
  "translation": [
    0.1486539989709854,
    0.1114136353135109,
    30.003616333007812
  ],
  "jaw_pose": [
    -6.07236179348547e-05,
    -0.008229425176978111,
    0.002058034995570779
  ],
  "left_hand_pose": [
    -0.007663288153707981,
    0.08239264041185379,
    0.4458281993865967,
    0.2551349921821897,
    0.29612147834981395,
    1.484029276962773,
    -0.18166519087019944,
    0.23085262783023194,
    0.4788981299146033,
    -0.06292384346462468,
    -0.07206257128199389,
    0.4669226597364776,
    -0.28828043169797896,
    0.01152375337345776,
    1.4642400917506633,
    -0.030845826697135002,
    0.17387122686136414,
    0.49246143173002493,
    -0.005919039122393327,
    0.577411984886421,
    0.17191347015249894,
    -0.7426581412994269,
    0.015220414861425627,
    0.6937673511265077,
    -0.384591955823655,
    0.06659716853435696,
    0.5248494729744306,
    0.0619981441900311,
    0.08585021828244874,
    0.3106890662238343,
    -0.5465536383161683,
    0.14467339859391054,
    1.2899276340428463,
    -0.2551166524765852,
    0.17032898067291172,
    0.5323791619190458,
    0.9465284883073402,
    -0.5051501550217379,
    -0.05031856524112346,
    -0.5383335438710947,
    -0.1435545788702714,
    -0.03620405392248653,
    0.3988796073388918,
    0.18055601661203147,
    0.3799716294643982
  ],
  "right_hand_pose": [
    -0.012166697531938553,
    -0.05539188161492348,
    -0.4314495325088501,
    0.06041986994084585,
    -0.01884940420177676,
    -0.05699401300432507,
    0.051777617199202076,
    0.03990144314311206,
    0.16665523245599567,
    0.3014022454694364,
    -0.17010589696638892,
    0.144794602502995,
    -0.2802108595374962,
    -0.026663296553147833,
    0.002293167572766702,
    0.009854230053496046,
    0.107947139316827,
    0.24624348066982316,
    0.32329996132812905,
    -0.14373682603554297,
    0.33124272435698576,
    -0.18088848500946206,
    -0.04668446410549656,
    -0.07167431430930447,
    -0.33148513281602404,
    0.2565474401552421,
    -0.22156714559736818,
    0.26920825008073895,
    -0.19857349591880868,
    0.2120470845878527,
    -0.2790309219626093,
    -0.023134435444368516,
    -0.08581398075850923,
    -0.2110201328629962,
    0.26833654437946786,
    0.20293969013746488,
    0.6498599939903641,
    0.33934584237887067,
    -0.07460534229730029,
    -0.49231252959677785,
    0.03865521118544337,
    0.3879533080383635,
    0.3461689580377531,
    -0.13334218457364314,
    0.2470449211996238
  ],
  "expression": [
    -0.5780168652534484,
    -2.0,
    2.0,
    1.4509058475494385,
    -0.6284724712371826,
    0.9205541610717773,
    1.1603990077972413,
    -1.4026758670806885,
    -1.182225751876831,
    -1.8564848899841309
  ],
  "fusion_metadata": {
    "body_source": "SMPLest-X",
    "hand_source": "Hierarchical Composition",
    "expression_source": "EMOCA"
  }
}