{
  "focal_length": [
    25871.11790974935,
    25871.117115020752
  ],
  "principal_point": [
    781.9390563964844,
    639.2358894348145
  ],
  "camera_translation": [
    -0.00410405732691288,
    0.26283448934555054,
    41.02365493774414
  ],
  "detection_bbox": [
    472.1809387207031,
    87.3187255859375,
    1092.6971435546875,
    1192.153076171875
  ]
}