{
  "focal_length": [
    24496.87957763672,
    24496.87957763672
  ],
  "principal_point": [
    788.1080932617188,
    618.646240234375
  ],
  "camera_translation": [
    -0.03136845678091049,
    0.2790417969226837,
    39.11030960083008
  ],
  "detection_bbox": [
    584.780517578125,
    96.046142578125,
    992.4356689453125,
    1142.246337890625
  ]
}