{
  "focal_length": [
    27426.795959472656,
    27426.795959472656
  ],
  "principal_point": [
    779.5968322753906,
    602.1672058105469
  ],
  "camera_translation": [
    -0.018434995785355568,
    0.3155307471752167,
    42.90580749511719
  ],
  "detection_bbox": [
    505.6878356933594,
    17.062225341796875,
    1054.505859375,
    1188.272216796875
  ]
}