{
  "focal_length": [
    25794.0419514974,
    25794.0411567688
  ],
  "principal_point": [
    771.7464294433594,
    640.0802726745605
  ],
  "camera_translation": [
    0.008232874795794487,
    0.25921908020973206,
    41.3477783203125
  ],
  "detection_bbox": [
    487.81341552734375,
    89.8073959350586,
    1056.679443359375,
    1191.3531494140625
  ]
}