{
  "betas": [
    0.2382027953863144,
    0.3544312119483948,
    -0.2659861147403717,
    -0.40474945306777954,
    -0.12647634744644165,
    -0.7297878265380859,
    -0.06474853307008743,
    0.024115007370710373,
    -0.019823815673589706,
    0.009694774635136127
  ],
  "body_pose": [
    -0.5881261825561523,
    0.025035088881850243,
    0.04458053410053253,
    -0.34312012791633606,
    -0.01135619543492794,
    -0.3527589738368988,
    0.3301011323928833,
    0.006093081086874008,
    0.04227900505065918,
    0.7894371151924133,
    0.07919220626354218,
    -0.11319227516651154,
    1.2288033962249756,
    -0.03388422355055809,
    0.08701755851507187,
    -0.08887431025505066,
    0.020491408184170723,
    0.05896592512726784,
    -0.1743851900100708,
    0.11481347680091858,
    0.018409723415970802,
    -0.2855367064476013,
    -0.17299884557724,
    0.009731526486575603,
    0.07907871156930923,
    0.026795659214258194,
    0.047457773238420486,
    0.006476378533989191,
    0.001000826945528388,
    0.015089936554431915,
    0.010849213227629662,
    0.0076974015682935715,
    -0.011291110888123512,
    0.05333949625492096,
    0.18412558734416962,
    -0.019554415717720985,
    -0.136225163936615,
    0.05728691443800926,
    -0.07664427906274796,
    0.08814835548400879,
    -0.08144746720790863,
    0.20369181036949158,
    -0.07426664233207703,
    0.12835447490215302,
    -0.06106584519147873,
    -0.3113577961921692,
    -0.164753258228302,
    -0.44875356554985046,
    0.1573171317577362,
    -0.0326884426176548,
    0.9482415914535522,
    -0.32578569650650024,
    -1.9251710176467896,
    0.7188389897346497,
    -0.3014591634273529,
    1.4671605825424194,
    0.003204177599400282,
    -0.06638677418231964,
    -0.36212220788002014,
    0.5023835301399231,
    -0.611147940158844,
    0.05973957106471062,
    -0.06688350439071655
  ],
  "root_pose": [
    -3.0013749599456787,
    0.11157960444688797,
    0.6445153951644897
  ],
  "translation": [
    -0.01584380306303501,
    0.28755414485931396,
    36.89052200317383
  ],
  "jaw_pose": [
    0.0008654170669615269,
    -0.00445204135030508,
    0.006559496745467186
  ],
  "left_hand_pose": [
    -0.029367510229349136,
    -0.01009600143879652,
    0.14531953632831573,
    0.007139142638804049,
    0.11937708516063703,
    0.5575551460153979,
    0.05058915806494893,
    0.08854890720406626,
    0.5222051960501034,
    0.08724206718823634,
    -0.048765546573029034,
    0.2621826933161578,
    -0.3189400164249319,
    0.007757859559871832,
    0.7112772076621537,
    -0.014574548607625635,
    0.11570581181742033,
    0.4791282995617467,
    0.0037260587735881323,
    0.28677716004329545,
    0.41618619051066347,
    -0.3790085344186533,
    0.061270523401549024,
    0.3807937967542611,
    -0.4416374328988464,
    0.24509663154180336,
    0.06894849202542869,
    0.1008358457735249,
    -0.0002405393806485402,
    0.3007380695963914,
    -0.43815018335438344,
    0.05972773464276431,
    0.4833805574149444,
    -0.20660330161779056,
    0.21021191104069642,
    0.4981924411481448,
    0.7531946023257845,
    -0.035984113389765884,
    -0.16881458728351464,
    -0.6551919484989785,
    0.1181458927128174,
    0.3166950115770106,
    0.3236226255393144,
    -0.1490085754867162,
    0.06768431229960141
  ],
  "right_hand_pose": [
    -0.004899892024695873,
    -0.0879560112953186,
    -0.055609699338674545,
    0.23988380326207848,
    0.22082391295145676,
    1.5133290564311248,
    -0.12310297243936968,
    0.291941850797058,
    0.7662413949915612,
    0.013267926275750396,
    0.013936000269088493,
    0.5420232182114822,
    -0.3352288800906862,
    0.17001152219219878,
    1.751210309862177,
    -0.09780456181001367,
    0.18941967432018963,
    1.1148295243403348,
    0.25327287146411936,
    0.3164365597588803,
    -0.060343616536089786,
    -1.2586835859866976,
    0.3594786534333206,
    1.1452071750871045,
    -0.6833381794805375,
    0.2021564055422834,
    0.9137943649166194,
    0.07710797863665521,
    0.03962737961644853,
    0.167048104863423,
    -0.5870574182737296,
    0.3479780760936439,
    1.6430982784663086,
    -0.42914186568883195,
    0.16095012910768436,
    1.122619112130516,
    0.6503448993336038,
    0.12746880764769705,
    -0.08783316800053333,
    -0.4920311876588808,
    0.08656692279767933,
    0.36079794504387247,
    0.6773635555942179,
    -0.30867148378488896,
    0.15994833754563886
  ],
  "expression": [
    -0.1787039279937744,
    0.1489112377166748,
    -0.009193689934909344,
    -0.00932967122644186,
    -0.25202876329421997,
    -0.20425561666488648,
    -0.4506264567375183,
    0.2653668165206909,
    -0.7749152183532715,
    -0.12992404103279112
  ],
  "fusion_metadata": {
    "body_source": "SMPLest-X",
    "hand_source": "Hierarchical Composition",
    "expression_source": "EMOCA"
  }
}