{
  "focal_length": [
    18714.21496073405,
    18714.21456336975
  ],
  "principal_point": [
    655.4799194335938,
    760.5400390625
  ],
  "camera_translation": [
    0.09112598747015,
    0.08457950502634048,
    29.29578971862793
  ],
  "detection_bbox": [
    356.052490234375,
    369.4443359375,
    955.9073486328125,
    1152.6357421875
  ]
}