{
  "focal_length": [
    26504.524548848472,
    26504.526138305664
  ],
  "principal_point": [
    740.8473968505859,
    622.4716720581055
  ],
  "camera_translation": [
    0.03744043409824371,
    0.2459990382194519,
    40.40239334106445
  ],
  "detection_bbox": [
    546.4380493164062,
    57.041778564453125,
    936.2567749023438,
    1188.9014892578125
  ]
}