{
  "focal_length": [
    25608.129501342773,
    25608.129501342773
  ],
  "principal_point": [
    784.0923156738281,
    641.3583374023438
  ],
  "camera_translation": [
    0.001682410016655922,
    0.2752932608127594,
    41.083221435546875
  ],
  "detection_bbox": [
    604.8615112304688,
    95.05157470703125,
    964.3231201171875,
    1188.6651611328125
  ]
}