{
  "betas": [
    0.331460177898407,
    0.29142871499061584,
    0.0719214454293251,
    -0.5341135263442993,
    -0.09757062047719955,
    -1.0456174612045288,
    -0.05876482278108597,
    0.06376835703849792,
    -0.01809312030673027,
    0.020916976034641266
  ],
  "body_pose": [
    -0.1359301060438156,
    0.05923476442694664,
    0.19728755950927734,
    -0.18782685697078705,
    -0.04364077374339104,
    -0.1520702987909317,
    0.11463121324777603,
    -0.016252966597676277,
    -0.04469793289899826,
    0.45697563886642456,
    0.028768116608262062,
    -0.03952091559767723,
    0.5553615093231201,
    -0.0706387460231781,
    0.06276238709688187,
    0.0005365100223571062,
    -0.033442821353673935,
    -0.016056833788752556,
    -0.10543818771839142,
    0.09025568515062332,
    -0.07928391546010971,
    -0.21386010944843292,
    -0.1485849767923355,
    -0.030875103548169136,
    0.02652645856142044,
    -0.02143986150622368,
    0.007655081804841757,
    -0.013346598483622074,
    -0.005627847742289305,
    -0.009408463723957539,
    -0.012151543982326984,
    -0.01338227093219757,
    -0.0063092513009905815,
    6.719390512444079e-05,
    -0.03867658972740173,
    0.16664525866508484,
    0.046102993190288544,
    -0.11396004259586334,
    -0.21474795043468475,
    -0.023559842258691788,
    0.13277006149291992,
    0.23045982420444489,
    -0.09404947608709335,
    0.014835738576948643,
    -0.10843019187450409,
    0.1874229609966278,
    -0.3503020107746124,
    -1.026153802871704,
    -0.05792154371738434,
    0.4387577176094055,
    0.9600341320037842,
    -0.0674857497215271,
    -0.9547672271728516,
    0.010040347464382648,
    -0.35298213362693787,
    1.7380502223968506,
    -0.22095981240272522,
    -0.5308074355125427,
    -0.09530873596668243,
    0.33886900544166565,
    -0.9970139861106873,
    0.2265445590019226,
    -0.31716209650039673
  ],
  "root_pose": [
    -3.1113803386688232,
    0.020906992256641388,
    -0.0018006896134465933
  ],
  "translation": [
    0.011921698227524757,
    0.28263866901397705,
    40.790523529052734
  ],
  "jaw_pose": [
    0.009203889407217503,
    0.0010750129586085677,
    -0.0018400461412966251
  ],
  "left_hand_pose": [
    0.010382754728198051,
    0.1532369703054428,
    0.11454461514949799,
    0.27939818155374346,
    0.2131333083973422,
    1.4441908888628032,
    -0.1656477047977734,
    0.21547950191686474,
    0.491229254373656,
    -0.07442703796290356,
    -0.13163607904474878,
    0.6698378096596679,
    -0.25622507090656454,
    -0.0064508842287455525,
    1.495503289309686,
    -0.03848578417209477,
    0.16935433798756322,
    0.6421698939548867,
    -0.19348696135885254,
    0.5532691964081958,
    0.30502403972468195,
    -0.900534773345593,
    0.11180118984093732,
    0.8682322863265087,
    -0.40629556212596724,
    0.02302055219368319,
    0.6480249633155313,
    0.018373030054198304,
    0.1252368275199933,
    0.500097371886209,
    -0.5698644500217933,
    0.2499549541962489,
    1.4794204440183996,
    -0.31232581143112714,
    0.055749675652339896,
    0.6929321880458593,
    1.109843701688929,
    -0.5502029177208101,
    -0.01212490713995377,
    -0.5948337626909119,
    -0.026991932940362433,
    -0.15575157731584008,
    0.6278503855842775,
    0.12778687171583636,
    0.49937832626698053
  ],
  "right_hand_pose": [
    -0.014859883114695549,
    0.08427159488201141,
    -0.5403507947921753,
    -0.028951375370507217,
    0.0625021629811719,
    -0.0708330660442939,
    0.11712534819589719,
    -0.028722636630904415,
    -0.01450116100414056,
    0.06800578076200921,
    -0.1259725491867102,
    0.30360443980427987,
    -0.20195301963233972,
    -0.04260766678107078,
    0.17921874654246012,
    0.003923302500862867,
    0.10010523914927401,
    0.13626432503434877,
    -0.5791149691479355,
    0.3398697952807521,
    1.0054790488017007,
    0.07201314538855354,
    -0.13843056269551177,
    0.2717779605105895,
    -0.5425357601652495,
    0.01617074435091276,
    -0.23779438548148865,
    -0.11105806582813156,
    -0.09436344338894756,
    1.0373213323901616,
    -0.29568012800452204,
    -0.01568535922554015,
    0.04618663110752207,
    -0.16038257524561791,
    0.168673975316216,
    0.20031363918022793,
    0.7918854173743718,
    -0.10815460250307629,
    -0.20888761881839416,
    -0.6560133915934797,
    0.03251288315374702,
    0.2703150751641743,
    0.23381926619253557,
    0.04004424453789621,
    -0.04577577510919951
  ],
  "expression": [
    -0.21347059607505797,
    0.03458225056529045,
    0.14425938427448273,
    0.12555887103080748,
    -0.35160902738571165,
    0.16353101134300232,
    -0.3512199282646179,
    0.5313596248626709,
    -0.40455529689788816,
    -0.09110593199729919
  ],
  "fusion_metadata": {
    "body_source": "SMPLest-X",
    "hand_source": "Hierarchical Composition",
    "expression_source": "EMOCA"
  }
}