{
  "betas": [
    0.0773242712020874,
    0.14795413613319397,
    -0.0024536224082112312,
    -0.5999147891998291,
    0.05610959976911545,
    -0.7867005467414856,
    0.0014796741306781769,
    0.041945766657590866,
    -0.20301349461078644,
    -0.05309443548321724
  ],
  "body_pose": [
    0.02001028321683407,
    0.07055781036615372,
    0.17616814374923706,
    -0.0147831030189991,
    -0.15293510258197784,
    -0.15222318470478058,
    0.03323277086019516,
    0.016929855570197105,
    -0.028258202597498894,
    0.06924832612276077,
    -0.021235596388578415,
    0.016294406726956367,
    0.14225342869758606,
    -0.07102948427200317,
    -0.005307736340910196,
    0.07626324892044067,
    -0.004679308272898197,
    -0.01503024436533451,
    -0.05701761320233345,
    0.13768546283245087,
    -0.07817892730236053,
    -0.06936399638652802,
    -0.24169521033763885,
    0.05165199190378189,
    0.011606498621404171,
    0.003441144246608019,
    -0.0019079521298408508,
    -0.012289864011108875,
    0.0014741417253389955,
    0.0345543809235096,
    -0.011261728592216969,
    -0.01279088668525219,
    -0.013718156144022942,
    0.13462866842746735,
    -0.01847831904888153,
    0.048310283571481705,
    0.06202826648950577,
    -0.0723840594291687,
    -0.29996004700660706,
    0.06357214599847794,
    0.11472176015377045,
    0.2861725687980652,
    0.17758631706237793,
    -0.02864130400121212,
    -0.007516717072576284,
    0.20654192566871643,
    -0.2929933965206146,
    -0.7344006896018982,
    0.23119397461414337,
    0.3138461112976074,
    0.7869852781295776,
    0.43506044149398804,
    -1.4130702018737793,
    0.27464985847473145,
    0.5266339778900146,
    1.551161527633667,
    -0.3567657172679901,
    0.2654077708721161,
    -0.2076825201511383,
    0.5833715200424194,
    0.36988365650177,
    0.16993926465511322,
    -0.563877284526825
  ],
  "root_pose": [
    -3.017350435256958,
    0.006408735644072294,
    -0.047735653817653656
  ],
  "translation": [
    -0.00823456235229969,
    0.2630823850631714,
    39.95289993286133
  ],
  "jaw_pose": [
    0.014665110036730766,
    -0.005895506590604782,
    0.0016527248080819845
  ],
  "left_hand_pose": [
    -0.0012944282498210669,
    -0.014179781079292297,
    0.3325115740299225,
    0.13973178355893606,
    0.09948128817336137,
    0.36744723622010667,
    -0.03262585399963857,
    0.07301209149002079,
    0.28593371348312235,
    0.14648299268608408,
    -0.01730745505195461,
    0.44850671533554065,
    -0.2761145233558573,
    -0.06440314310542805,
    0.32653312190258044,
    0.02755287918102413,
    0.11722376416023522,
    0.3467058536276786,
    -0.2901471758500766,
    0.33470351779291413,
    0.775125017355159,
    -0.4048827937490471,
    -0.03438903931442662,
    0.37144738598896154,
    -0.2922744664564555,
    0.16675719375161568,
    0.20302490339484397,
    0.059902903914488485,
    -0.01279232222820636,
    0.4212403661700106,
    -0.42467403881208615,
    -0.01853458276020425,
    0.6639716552667336,
    -0.1919271693631286,
    0.24627326065653524,
    0.5123663342337887,
    0.459816221949598,
    -0.1136823227513934,
    -0.3612707925906874,
    -0.5600414264452801,
    -0.04061472519116917,
    0.2818455568532083,
    0.42990611757004255,
    -0.24280841009305826,
    0.017348253162936728
  ],
  "right_hand_pose": [
    -0.00690477155148983,
    -0.022281266748905182,
    -0.08866836875677109,
    0.10246699626588542,
    0.11276601847860207,
    0.26166312122393753,
    -0.03401390048880159,
    0.03896941482839568,
    0.21285093962812646,
    0.07629747117388759,
    0.0634271345068189,
    0.5683939671293258,
    -0.28058466065702553,
    -0.008170248785238766,
    0.21289655056826734,
    0.0023129449122494196,
    0.09440783380242188,
    0.2711861065239195,
    0.22910858417547136,
    0.007895476574621987,
    0.22665969971541736,
    -0.29926859663990657,
    -0.09912236247482181,
    -0.016290350593916085,
    -0.18127311838312754,
    0.19282118658716757,
    0.03836697512354196,
    0.15499596789822762,
    0.024387868452698677,
    0.4723818316217679,
    -0.4009458382037143,
    0.020151741626066134,
    0.20140359008567846,
    -0.18929792941975873,
    0.18170932802423959,
    0.2897575307248266,
    0.4661884732279698,
    0.016515320719505018,
    -0.27194431942728525,
    -0.5195457412295205,
    0.002791652625843274,
    0.35222470666876865,
    0.4039058185308463,
    -0.3070806014622567,
    -0.09168237697795846
  ],
  "expression": [
    -0.09034766256809235,
    0.40295995473861695,
    -0.06018543094396591,
    -0.4409139990806579,
    -0.04094384014606476,
    0.039645136892795564,
    -0.3214900732040405,
    0.6942048311233521,
    -0.21810733079910277,
    -0.029302145540714263
  ],
  "fusion_metadata": {
    "body_source": "SMPLest-X",
    "hand_source": "Hierarchical Composition",
    "expression_source": "EMOCA"
  }
}