{
  "focal_length": [
    25131.866137186687,
    25131.866931915283
  ],
  "principal_point": [
    762.719970703125,
    636.055172920227
  ],
  "camera_translation": [
    -0.010446043685078621,
    0.26357588171958923,
    41.17639923095703
  ],
  "detection_bbox": [
    587.26318359375,
    99.90867614746094,
    939.1767578125,
    1173.20166015625
  ]
}