{
  "betas": [
    -0.7125179171562195,
    0.20908668637275696,
    -0.4408237040042877,
    -0.5901695489883423,
    -0.5332735776901245,
    -0.5632315278053284,
    -0.2502858638763428,
    0.0675126314163208,
    -0.027142755687236786,
    0.09895838797092438
  ],
  "body_pose": [
    -0.5428951978683472,
    0.10161077976226807,
    0.26050707697868347,
    -0.7636048793792725,
    -0.031468529254198074,
    -0.25925570726394653,
    0.5265870690345764,
    -0.04842290282249451,
    0.016513429582118988,
    1.226868987083435,
    0.1118067279458046,
    -0.18578536808490753,
    1.2098077535629272,
    -0.11068236827850342,
    0.16661272943019867,
    -0.09324190765619278,
    -0.026044417172670364,
    0.03885916620492935,
    -0.41632458567619324,
    0.2583025395870209,
    0.04244934767484665,
    -0.3914322257041931,
    -0.18994246423244476,
    0.005046552047133446,
    -0.016063302755355835,
    -0.02873113937675953,
    0.02805520035326481,
    -0.016392288729548454,
    0.021552013233304024,
    0.0013955581234768033,
    -0.019968828186392784,
    -0.0034392422530800104,
    -0.013070943765342236,
    0.0659559890627861,
    -0.15042681992053986,
    0.12346260249614716,
    -0.20425871014595032,
    -0.5174513459205627,
    0.2194342315196991,
    -0.19401712715625763,
    0.4663104712963104,
    -0.16135941445827484,
    -0.21478399634361267,
    -0.20433415472507477,
    0.0921252891421318,
    -0.2582883834838867,
    -0.6717137694358826,
    -0.2835114300251007,
    -0.3035643398761749,
    0.4942951798439026,
    0.20953769981861115,
    -0.10488378256559372,
    -1.1452648639678955,
    0.2589946985244751,
    -0.1005135104060173,
    1.137076735496521,
    -0.5870230197906494,
    -0.16487590968608856,
    -0.06268680840730667,
    -0.11755641549825668,
    0.0383797250688076,
    -0.0061663854867219925,
    0.221942737698555
  ],
  "root_pose": [
    -2.9696056842803955,
    0.02767583541572094,
    0.41396352648735046
  ],
  "translation": [
    0.13840101659297943,
    0.273125022649765,
    34.495819091796875
  ],
  "jaw_pose": [
    0.008181337267160416,
    -0.009307957254350185,
    0.0028869775123894215
  ],
  "left_hand_pose": [
    0.0014574633678421378,
    0.03544246405363083,
    0.24836045503616333,
    0.23222655724060823,
    0.09691412187419647,
    0.14275279899302182,
    -0.11255234827596006,
    0.07815960533098977,
    -0.04547362102682366,
    0.03882677716950295,
    0.08855253566790909,
    0.7224987307049952,
    -0.20547491450190666,
    -0.06135243378325446,
    -0.0721066947528695,
    0.050641056964043446,
    0.149781409283928,
    0.12275994833907418,
    0.23303389646131503,
    0.5323824404448079,
    0.19049840082070488,
    -0.20482857914523422,
    -0.17717367580542429,
    0.026055188884466837,
    -0.43283981358846246,
    0.09891704065522992,
    -0.14588605662035808,
    0.19462485064685728,
    0.24823094356541808,
    0.5365213127771937,
    -0.35393880862240173,
    -0.04035583289208786,
    0.02796831661428627,
    -0.18619255643077906,
    0.23274086985782116,
    0.11588664947582372,
    0.8504399381377473,
    -0.3672911408829536,
    -0.18761785318757032,
    -0.5512615280997035,
    0.053560823553585206,
    0.31264466384541084,
    0.3429445339808802,
    -0.16777267710358804,
    0.135562512566311
  ],
  "right_hand_pose": [
    -0.011241443455219269,
    -0.033431582152843475,
    -0.021589258685708046,
    0.11709954705268304,
    0.07231628805818692,
    0.07321886321972616,
    -0.049198013948925305,
    0.005130632725128653,
    -0.014296069710877999,
    0.008884443846956596,
    -0.09172040275921187,
    0.6765407448368699,
    -0.23713633597215336,
    -0.11143696692690339,
    0.04997734501643041,
    0.035323810362750535,
    0.0935412115717007,
    0.10622975092749595,
    -0.21348921554363642,
    0.07106957326471061,
    0.5872470682823849,
    -0.0003886266943222122,
    -0.1586786634411795,
    -0.05041796141577675,
    -0.22406392370118533,
    0.14149594038955804,
    -0.15801838349080433,
    0.0590474836813014,
    0.015367552752563208,
    0.6207851847649192,
    -0.3142240358789053,
    -0.046742420297549915,
    0.045886802769417465,
    -0.18022778910994616,
    0.17732011066289402,
    0.17416273336128063,
    1.147504346033379,
    -0.4288455441490965,
    0.10062920271603841,
    -0.7502798606569198,
    0.16669319790228881,
    0.2935330091938542,
    0.25919494505204727,
    0.2278428484134188,
    -0.20448477440311474
  ],
  "expression": [
    -0.04775623977184296,
    0.42408639192581177,
    0.3226245045661926,
    0.002768506295979023,
    -0.03391692414879799,
    -0.11438435912132262,
    -0.3173816084861755,
    0.4874382019042969,
    -0.031658774614334105,
    0.29639301896095277
  ],
  "fusion_metadata": {
    "body_source": "SMPLest-X",
    "hand_source": "Hierarchical Composition",
    "expression_source": "EMOCA"
  }
}