{
  "betas": [
    -0.4326077103614807,
    0.6840717196464539,
    -0.5372060537338257,
    -0.4727395176887512,
    -0.026410888880491257,
    -0.4022325575351715,
    -0.1163523942232132,
    -0.0009837605757638812,
    -0.09062456339597702,
    0.1418229043483734
  ],
  "body_pose": [
    -0.6561786532402039,
    0.07257188111543655,
    0.19773495197296143,
    -0.7405862212181091,
    0.009887013584375381,
    -0.15392236411571503,
    0.7340710163116455,
    -0.014288867823779583,
    -0.0816216766834259,
    0.43181487917900085,
    0.11411532759666443,
    -0.04137888178229332,
    0.4765896201133728,
    -0.07402291148900986,
    0.06498226523399353,
    -0.08669684082269669,
    -0.0360102616250515,
    -0.01857069320976734,
    0.03766936436295509,
    0.056879766285419464,
    -0.11736896634101868,
    0.09563076496124268,
    -0.10915915668010712,
    0.04601765424013138,
    0.024924736469984055,
    -0.03342592343688011,
    0.0032762608025223017,
    -0.01646156795322895,
    -0.007321943994611502,
    0.010733373463153839,
    -0.020846759900450706,
    -0.014690564945340157,
    -0.014228615909814835,
    -0.006205103360116482,
    0.030188344419002533,
    0.18420928716659546,
    -0.09229684621095657,
    -0.5672638416290283,
    0.07170796394348145,
    -0.11835440248250961,
    0.464010089635849,
    0.1081782877445221,
    -0.08869290351867676,
    0.02938283048570156,
    -0.12126831710338593,
    -0.09810683876276016,
    -0.6747933626174927,
    -0.6161701083183289,
    0.003923122305423021,
    0.6777926087379456,
    1.0457133054733276,
    -0.003818860510364175,
    -0.4511541426181793,
    0.05528984218835831,
    0.20553497970104218,
    0.9271285533905029,
    -0.25369319319725037,
    0.20320694148540497,
    0.018772169947624207,
    0.3268573582172394,
    0.13069230318069458,
    -0.19790801405906677,
    -0.4385457932949066
  ],
  "root_pose": [
    -2.761688709259033,
    0.04894475266337395,
    0.2209465205669403
  ],
  "translation": [
    -0.0023441705852746964,
    0.16519320011138916,
    33.6821174621582
  ],
  "jaw_pose": [
    0.006759083829820156,
    -0.008989197202026844,
    0.0009664424578659236
  ],
  "left_hand_pose": [
    0.02669341108522824,
    0.16362045760110788,
    -0.014437334315985317,
    -0.07276774972217491,
    0.026195880092148016,
    0.41250445881086806,
    0.17514798079833435,
    -0.03424841544860281,
    -0.4598972740264518,
    0.2151016541022196,
    0.06692786880333702,
    -0.04508073328247186,
    -0.16858442885535369,
    -0.021270140355774486,
    0.3404303129449545,
    0.034614498153758416,
    0.038041606105701724,
    -0.23373202964208228,
    0.4909781582481849,
    0.05154108085674533,
    0.14472642895623422,
    0.037078956934639584,
    0.12730890777760648,
    0.4403076669902466,
    -6.406050074014846e-05,
    -0.0920500287185357,
    -0.030519958210183357,
    0.26457794855370526,
    0.17097800699614257,
    0.1497258500662102,
    -0.11565949590181768,
    0.033572187003621815,
    0.3706900697706674,
    -0.01839804029242545,
    0.008241651231576136,
    -0.22593911933595734,
    -0.2813048678808796,
    -0.35909994984146354,
    0.339141377313285,
    -0.04918068720425067,
    -0.09599196505042672,
    -0.371531592596619,
    -0.19104631824767143,
    0.2131040938468402,
    -0.005784482664626223
  ],
  "right_hand_pose": [
    0.07115171766747894,
    0.08036983612645693,
    -0.16103439128548375,
    -0.1138293239083811,
    -0.04557256250322206,
    -0.7478867669545753,
    0.15472388817878766,
    -0.060677964847677776,
    0.04073789241504472,
    0.3415498520695709,
    0.07073072971225089,
    -0.2954251410350892,
    -0.07810343811519552,
    0.020630875812320315,
    -0.7294963172200001,
    0.0602429413767476,
    0.0491977575374956,
    -0.09997598657245949,
    0.1963805111135229,
    -0.20621808318497334,
    -0.05073450138348423,
    0.43784777572696654,
    -0.17264801648086775,
    -0.5142594831079509,
    0.05046033542469225,
    -0.033244360867929805,
    -0.2898168641300676,
    0.2144758472533136,
    -0.16365668584698145,
    -0.28371057342899875,
    0.04021692386394232,
    -0.10172904340640204,
    -0.63106423462336,
    0.05171168780166495,
    0.07121484075854168,
    -0.1196640663389113,
    -0.2990270811975899,
    0.2666725575459077,
    -0.31575376624948837,
    -0.15507374383399114,
    0.1539555792235624,
    0.29171527852246903,
    -0.16170063453661426,
    0.025614228184171226,
    -0.32360956214800773
  ],
  "expression": [
    -0.4313348293304443,
    -0.2839993715286255,
    0.6505400419235229,
    0.1731455683708191,
    -0.22133628129959107,
    -0.132729434967041,
    -0.3521531939506531,
    -0.8930484294891358,
    -0.9912611961364746,
    -0.7130632638931275
  ]
}