{
  "betas": [
    -0.5891246199607849,
    0.052254028618335724,
    -0.24954886734485626,
    -0.37576448917388916,
    0.05381259322166443,
    -0.4625612199306488,
    -0.07635695487260818,
    -0.055017996579408646,
    0.024871431291103363,
    0.16117402911186218
  ],
  "body_pose": [
    -0.26620009541511536,
    0.04979654401540756,
    0.2783016860485077,
    -0.32072317600250244,
    -0.148142471909523,
    -0.14932742714881897,
    0.35128253698349,
    0.028609517961740494,
    -0.048350654542446136,
    0.2736951410770416,
    0.02147950790822506,
    0.0088741984218359,
    0.37802964448928833,
    -0.16271968185901642,
    0.061103131622076035,
    0.021729711443185806,
    -0.000957739888690412,
    -0.008590164594352245,
    0.07725699990987778,
    0.08238963037729263,
    -0.12509974837303162,
    0.011601262725889683,
    -0.1788283884525299,
    0.019848942756652832,
    -0.0015332134207710624,
    -0.0003217889170628041,
    0.015136782079935074,
    -0.021268995478749275,
    0.008684619329869747,
    0.010112641379237175,
    -0.01948358118534088,
    -0.01146925613284111,
    -0.005349345970898867,
    0.13588640093803406,
    -0.037960804998874664,
    0.13629624247550964,
    -0.005265376530587673,
    -0.29590561985969543,
    -0.11706973612308502,
    -0.024040114134550095,
    0.3642016351222992,
    0.21257291734218597,
    0.03533634543418884,
    -0.03151264786720276,
    -0.009693676605820656,
    0.021135294809937477,
    -0.5531467795372009,
    -0.9904254674911499,
    -0.04874948784708977,
    0.5987569093704224,
    1.0518733263015747,
    -0.10063429176807404,
    -1.2050620317459106,
    0.20809026062488556,
    -0.24732355773448944,
    1.0847951173782349,
    -0.21525980532169342,
    -0.5085256695747375,
    -0.041806161403656006,
    0.29805848002433777,
    -0.41317564249038696,
    -0.02456352300941944,
    -0.321575403213501
  ],
  "root_pose": [
    -3.007711172103882,
    -0.0062836650758981705,
    -0.028123199939727783
  ],
  "translation": [
    -0.04916253685951233,
    0.23650488257408142,
    37.17741394042969
  ],
  "jaw_pose": [
    0.021597016602754593,
    -0.005531026516109705,
    0.004059674218297005
  ],
  "left_hand_pose": [
    -0.0019573417957872152,
    0.08495952934026718,
    0.29160842299461365,
    -0.04750656163640615,
    0.03646633661663137,
    -0.00983263232169467,
    0.10052856720697678,
    0.021188385710515373,
    0.15384938875663284,
    0.16327470191215912,
    -0.5413929540893031,
    -0.6579980334243783,
    -0.24194489741537076,
    -0.14122431297436014,
    0.36366979471882,
    0.08923350102293444,
    0.21818280673843235,
    0.24994011227185875,
    -0.9765367521766901,
    0.5346085612732397,
    1.2317206698388476,
    0.07727832718294887,
    -0.09161213700130792,
    0.4180435978071236,
    -0.5219999950085875,
    0.07513490899918492,
    -0.2277063592737089,
    -0.2544651774995529,
    -0.13437300739068192,
    1.0317215300747793,
    -0.4718044901700717,
    -0.002966386414241375,
    0.46611315307275153,
    -0.13080898669316104,
    0.25906470940936976,
    0.3280158554003056,
    1.2821033861801978,
    -0.0815927980181557,
    0.26568195532824995,
    -0.7029383246609971,
    0.2724545766879014,
    0.29209572441094034,
    0.28759920086528235,
    -0.03842057298668412,
    0.016639794945463252
  ],
  "right_hand_pose": [
    -0.015202031470835209,
    0.008434251882135868,
    -0.46106886863708496,
    -0.05409781903353434,
    0.06131512283208581,
    -0.0815267081828574,
    0.05418165481992834,
    -0.008010376521886334,
    0.13332816018314017,
    0.21126561273447592,
    -0.23244192131190633,
    -0.26363079252850136,
    -0.25240090711443847,
    -0.034413059531597026,
    0.06182776691315006,
    0.05001290307555674,
    0.09984038054480186,
    0.18511319712919544,
    -0.5979250025294705,
    0.2194518925716891,
    1.030137809268087,
    0.09336482465875173,
    -0.10661106735927729,
    0.2789246439337192,
    -0.4257229002593846,
    0.044034644482730784,
    -0.10048064908173014,
    -0.10721299894150123,
    -0.18709884840361055,
    0.7936122522429057,
    -0.38710209142519936,
    -0.05176070530463185,
    0.456882592819479,
    -0.12728846383028838,
    0.18012126458985586,
    0.39446355765837166,
    1.0169733297143222,
    -0.08298701846809606,
    0.08874569385906952,
    -0.6038318460201461,
    0.02442530813101231,
    0.25061284109434845,
    0.26839305793583446,
    -0.1565414995916556,
    -0.04913934026177115
  ],
  "expression": [
    -0.21015649437904357,
    0.3573147654533386,
    0.07762298583984374,
    -0.2574667453765869,
    -0.3483457088470459,
    -0.1845347285270691,
    -0.4663788199424743,
    0.02307443171739578,
    -0.6342614650726318,
    -0.2284738004207611
  ],
  "fusion_metadata": {
    "body_source": "SMPLest-X",
    "hand_source": "Hierarchical Composition",
    "expression_source": "EMOCA"
  }
}