{
  "focal_length": [
    25547.54416147868,
    25547.544956207275
  ],
  "principal_point": [
    767.948486328125,
    641.0790147781372
  ],
  "camera_translation": [
    -0.005064724013209343,
    0.2610754668712616,
    41.22385787963867
  ],
  "detection_bbox": [
    571.525146484375,
    96.0647201538086,
    965.371826171875,
    1187.09326171875
  ]
}