{
  "betas": [
    -0.43125542998313904,
    0.684453010559082,
    -0.5368841290473938,
    -0.47281894087791443,
    -0.02575591951608658,
    -0.4018136262893677,
    -0.11646389216184616,
    -0.001065456192009151,
    -0.09086282551288605,
    0.14170125126838684
  ],
  "body_pose": [
    -0.6557500958442688,
    0.07276852428913116,
    0.19769948720932007,
    -0.7398744225502014,
    0.009756973944604397,
    -0.1539197564125061,
    0.7339410781860352,
    -0.014275606721639633,
    -0.0815911814570427,
    0.43094828724861145,
    0.11423922330141068,
    -0.041288264095783234,
    0.4756460189819336,
    -0.07402197271585464,
    0.06486658751964569,
    -0.08661084622144699,
    -0.03600336238741875,
    -0.01855422742664814,
    0.03791685402393341,
    0.05702648684382439,
    -0.11738560348749161,
    0.09576522558927536,
    -0.10913623124361038,
    0.04608892649412155,
    0.02483382262289524,
    -0.033414486795663834,
    0.0032819693442434072,
    -0.016441641375422478,
    -0.007292300462722778,
    0.010693231597542763,
    -0.02080976590514183,
    -0.014709285460412502,
    -0.014224871061742306,
    -0.006227368488907814,
    0.03018925152719021,
    0.18413253128528595,
    -0.09229838103055954,
    -0.5673016309738159,
    0.07164033502340317,
    -0.1183231920003891,
    0.4640475809574127,
    0.10825230181217194,
    -0.08878431469202042,
    0.02940940298140049,
    -0.12125658988952637,
    -0.0980694442987442,
    -0.6748529672622681,
    -0.6161954402923584,
    0.0038875588215887547,
    0.6777960658073425,
    1.045619010925293,
    -0.003966061398386955,
    -0.451118528842926,
    0.05526420474052429,
    0.20517955720424652,
    0.9269744157791138,
    -0.2535613477230072,
    0.20316864550113678,
    0.018819771707057953,
    0.32704266905784607,
    0.1304740309715271,
    -0.19773106276988983,
    -0.4387500286102295
  ],
  "root_pose": [
    -2.7615113258361816,
    0.04898020252585411,
    0.2209852933883667
  ],
  "translation": [
    -0.0023231450468301773,
    0.16518756747245789,
    33.68618392944336
  ],
  "jaw_pose": [
    0.006745980586856604,
    -0.008982961066067219,
    0.0009731709724292159
  ],
  "left_hand_pose": [
    -0.005186022724956274,
    -0.004063277505338192,
    0.19387750327587128,
    0.03604357541493694,
    0.0397897987860787,
    0.34371555118923425,
    0.07875501565823471,
    0.12516407466901758,
    0.6483565647234679,
    0.09700661475835284,
    -0.11787172141039239,
    0.5746652332585559,
    -0.3122828375478025,
    -0.03397155965950396,
    0.36442682774677404,
    0.015431581313892596,
    0.05429524211027469,
    0.5716455541368544,
    0.03394517492154841,
    0.14474286430813668,
    0.48073110388803897,
    -0.17757342187622063,
    -0.06131062128593757,
    0.06658654001362886,
    -0.3697884178672401,
    0.15239465507951355,
    0.11001018608653093,
    0.12270825402198386,
    -0.0851253736789545,
    0.4858024066235669,
    -0.41900108338688086,
    0.0243087882247074,
    0.2606991401526369,
    -0.19451892531080606,
    0.12385142504008792,
    0.5992936958005386,
    0.569659411089751,
    0.08217720777637169,
    -0.2475933075308812,
    -0.5490201248258568,
    0.06943549288996788,
    0.3186507158638889,
    0.3445128295364482,
    -0.2590651348020235,
    0.28314250392418844
  ],
  "right_hand_pose": [
    0.041799429804086685,
    -0.1103130504488945,
    -0.3315254747867584,
    -0.0050179987712692525,
    0.020413116375004647,
    0.008333243045526992,
    0.05833092303868801,
    0.030237694372736986,
    0.22919718311206086,
    0.22345481272570417,
    0.01978687710519552,
    0.2341593589409948,
    -0.22180184680764437,
    -0.034610824202958135,
    -0.024639176528271533,
    0.041060024536881776,
    0.14153460575347201,
    0.2379375379223126,
    -0.2606524722131136,
    -0.009934138020091292,
    0.574723031460789,
    0.2231953969161063,
    -0.10664972998919885,
    -0.007365276104075421,
    -0.3192640219418077,
    0.02710026549304804,
    -0.21032663625372,
    0.07260615272159215,
    -0.07780405252979336,
    0.35181768326077834,
    -0.26312466362112086,
    -0.043848068178072824,
    0.000324975299944197,
    -0.12440919721671569,
    0.20330791703020573,
    0.25369051012566995,
    0.5519371977730407,
    -0.010250184519184144,
    -0.22420569646708458,
    -0.6549131814555973,
    0.12739910706310356,
    0.23883440178973891,
    0.37385851324750524,
    -0.020346812771012076,
    -0.04625154088844538
  ],
  "expression": [
    -0.43145731687545774,
    -0.28359473347663877,
    0.6504552125930786,
    0.17311913967132567,
    -0.22150223851203918,
    -0.13275266289711,
    -0.3527217507362366,
    -0.8930636644363403,
    -0.9915517330169678,
    -0.7130707740783692
  ],
  "fusion_metadata": {
    "body_source": "SMPLest-X",
    "hand_source": "Hierarchical Composition",
    "expression_source": "EMOCA"
  }
}