{
  "analysis_timestamp": "2025-06-12T08:19:05",
  "transformation_parameters": {
    "scale_factor": 4.009098245150719,
    "translation_vector": [
      0.02374845985073204,
      -0.34531006799605857,
      -0.3134632292898459
    ]
  }
}