{
  "focal_length": [
    19809.425671895347,
    19809.424877166748
  ],
  "principal_point": [
    642.6360778808594,
    808.2642211914062
  ],
  "camera_translation": [
    0.13864639401435852,
    0.041358932852745056,
    31.591388702392578
  ],
  "detection_bbox": [
    325.6852722167969,
    469.0399169921875,
    960.5868530273438,
    1148.488525390625
  ]
}