{
  "betas": [
    -0.0125105706974864,
    0.1909208744764328,
    0.10922905057668686,
    0.04463958740234375,
    0.0179479718208313,
    -0.13586291670799255,
    0.047651469707489014,
    0.0761542022228241,
    0.0989556685090065,
    -0.06755051016807556
  ],
  "body_pose": [
    -0.19710810482501984,
    0.0019806113559752703,
    0.07266683131456375,
    -0.1862650066614151,
    -0.0017206744523718953,
    -0.06994394212961197,
    0.2654392421245575,
    -0.009580411948263645,
    -0.02594587579369545,
    0.5328931212425232,
    0.023434625938534737,
    -0.040937718003988266,
    0.5139840841293335,
    -0.008906654082238674,
    0.05080708861351013,
    0.011546445079147816,
    -0.00723833916708827,
    0.0018573775887489319,
    -0.17826969921588898,
    0.10896166414022446,
    -0.032939232885837555,
    -0.12584757804870605,
    -0.12374383956193924,
    0.03660863637924194,
    0.006314853671938181,
    -0.004753553308546543,
    0.0012594539439305663,
    0.015932660549879074,
    -0.00782070867717266,
    -0.0039307367987930775,
    0.007313381414860487,
    -0.0019918105099350214,
    -8.249780512414873e-05,
    0.11889801919460297,
    -0.14489150047302246,
    0.09930554032325745,
    -0.03386789560317993,
    0.02768693119287491,
    -0.07664129883050919,
    -0.05884853005409241,
    0.008378838188946247,
    0.1289643943309784,
    -0.1957312524318695,
    -0.1963687688112259,
    0.018802594393491745,
    -0.06903602182865143,
    -0.1438007950782776,
    -0.8353985548019409,
    -0.040562406182289124,
    0.1452760398387909,
    0.8932498097419739,
    -0.1998220980167389,
    -1.2245585918426514,
    0.5411873459815979,
    -0.16177339851856232,
    1.3148117065429688,
    -0.5660370588302612,
    -0.2689630687236786,
    0.048963773995637894,
    0.4953252673149109,
    -0.20617027580738068,
    -0.05566820874810219,
    -0.38211706280708313
  ],
  "root_pose": [
    3.0343732833862305,
    -0.017282068729400635,
    -0.10121084749698639
  ],
  "translation": [
    -0.0073030851781368256,
    0.6208892464637756,
    31.49359130859375
  ],
  "jaw_pose": [
    0.03529548645019531,
    -0.009425216354429722,
    0.004716695751994848
  ],
  "left_hand_pose": [
    0.1864506439090264,
    -0.12501335427173835,
    0.3146537202248008,
    0.04583786437427206,
    0.12080162643371915,
    -0.01176483297520034,
    0.30246917668062046,
    0.0009982907876971586,
    0.060958059037807835,
    0.10666441041117855,
    0.02607852204617922,
    0.4729904685638726,
    -0.19228511445702065,
    5.934595312520174e-05,
    0.05025393279486029,
    0.06548062010689824,
    0.0680997908743791,
    0.18187071072248726,
    0.2155471056257307,
    0.611420586756922,
    0.302600463901886,
    -0.2094828523083514,
    -0.11011633493920664,
    0.10659549586340451,
    -0.40119800513450116,
    -0.0010172434416844745,
    0.014088372926130077,
    0.18526368316732986,
    0.2426984605821078,
    0.5069364895663131,
    -0.30961327228499536,
    -0.023698766514384902,
    0.04663308605414225,
    -0.1073860732072593,
    0.08083963022055962,
    0.19344638937431985,
    0.5711464137120569,
    -0.12966294962653827,
    -0.20204899525589556,
    -0.49084639943626274,
    0.1189811582885601,
    0.18300876179437336,
    0.31151548655962796,
    -0.14321847303300447,
    0.20312910805809317
  ],
  "right_hand_pose": [
    0.1461595537923843,
    -0.2337584359369096,
    0.27772913453847214,
    0.1208219371767324,
    0.11196279152014815,
    -0.07878737815244169,
    0.06691391210958561,
    0.0033817730213692478,
    0.05078728623424355,
    -0.0037511035649703452,
    0.06081343424150835,
    0.4745535626299062,
    -0.15166194528568222,
    -0.02579491469686182,
    -0.07007794714506752,
    0.03603985980492384,
    0.07669772736662114,
    0.07970617288465864,
    0.04326980514500799,
    0.5566623399520356,
    0.07562906852891411,
    -0.2986888270163999,
    -0.06686558553712744,
    0.15269517772174812,
    -0.33558715911989656,
    0.01604039419692077,
    0.13204896832675947,
    0.09334359897664524,
    0.20207152384388238,
    0.3253984386290375,
    -0.2696677096531698,
    -0.0024845376118581746,
    0.02815846225045715,
    -0.1374971310671367,
    0.1115631555486945,
    0.136556922953353,
    0.6084484400912274,
    -0.24865388515735154,
    -0.29768995193135767,
    -0.49431547447311774,
    -0.018658427346705312,
    0.2329810953581692,
    0.30111274299635205,
    -0.16020237447522068,
    0.05989696767271892
  ],
  "expression": [
    -0.06720256805419922,
    -0.05552870482206344,
    0.3292815685272217,
    0.12420613467693328,
    -0.21345559358596802,
    -0.04700026363134384,
    -0.12354408502578734,
    1.173273468017578,
    -0.07547670900821686,
    0.15401667952537537
  ],
  "fusion_metadata": {
    "body_source": "SMPLest-X",
    "hand_source": "WiLoR (converted & aligned)",
    "expression_source": "EMOCA (mapped & scaled)",
    "hand_blend_weight": 0.8,
    "expression_scale": 0.3
  }
}