{
  "betas": [
    -0.47056734561920166,
    0.27692556381225586,
    -0.34584176540374756,
    -0.5303692817687988,
    0.04278049245476723,
    -0.6883939504623413,
    -0.07873941957950592,
    -0.03188064321875572,
    -0.0194782093167305,
    0.16574764251708984
  ],
  "body_pose": [
    -0.2687346935272217,
    0.021488068625330925,
    0.24688777327537537,
    -0.26334187388420105,
    -0.14088217914104462,
    -0.1343289017677307,
    0.32297930121421814,
    0.038160331547260284,
    -0.06940890848636627,
    0.270550400018692,
    0.006841655820608139,
    0.010287688113749027,
    0.39639583230018616,
    -0.1711592674255371,
    0.05710804462432861,
    0.03378225117921829,
    0.0007287149783223867,
    -0.019701985642313957,
    0.034030258655548096,
    0.07506338506937027,
    -0.09394946694374084,
    -0.005859196651726961,
    -0.19312916696071625,
    0.02004019357264042,
    0.019047481939196587,
    0.004467382095754147,
    0.009213157929480076,
    -0.020809972658753395,
    0.007115593645721674,
    0.003782405983656645,
    -0.016204752027988434,
    -0.0037118839100003242,
    -0.009580854326486588,
    0.13238178193569183,
    -0.03791041299700737,
    0.1488170325756073,
    0.019966885447502136,
    -0.1577093005180359,
    -0.1464250236749649,
    -0.021861482411623,
    0.25594234466552734,
    0.21789097785949707,
    -0.005920586176216602,
    -0.029822131618857384,
    -0.018256401643157005,
    0.04489148408174515,
    -0.42637157440185547,
    -1.032099723815918,
    -0.08209752291440964,
    0.5295961499214172,
    1.1340774297714233,
    -0.244590163230896,
    -1.4635118246078491,
    0.25788283348083496,
    -0.48088905215263367,
    1.3983081579208374,
    -0.16674013435840607,
    -0.9166799783706665,
    -0.08654747158288956,
    0.4172445833683014,
    -0.9136552214622498,
    -0.0629996806383133,
    -0.4617323875427246
  ],
  "root_pose": [
    -3.0318093299865723,
    -0.01831304281949997,
    -0.05329195410013199
  ],
  "translation": [
    -0.05538823455572128,
    0.23846974968910217,
    37.54448699951172
  ],
  "jaw_pose": [
    0.02323111891746521,
    -0.004347736015915871,
    0.002969416556879878
  ],
  "left_hand_pose": [
    -0.022852245718240738,
    -0.019527623429894447,
    0.5289232730865479,
    0.0523734022565411,
    -0.010495855215954548,
    -0.16087757342171363,
    -0.03521516691565339,
    0.02314919900452791,
    0.057599492042586305,
    0.3037807608471898,
    -0.08437096130785714,
    -0.32319461045702635,
    -0.2694140129448363,
    -0.07074714672616268,
    0.01680981685646022,
    0.030416448566837808,
    0.08190316786155218,
    0.2107466585400358,
    -0.4423181234738353,
    -0.1908327329636987,
    1.0229503472202233,
    0.1775582140149082,
    -0.10399334146015658,
    0.005185028070165401,
    -0.3518268586462551,
    0.12684681157998334,
    -0.31660489907019396,
    0.12510738298510354,
    -0.2084311249777335,
    0.22392986121264127,
    -0.23182008107298838,
    -0.06875956831891453,
    -0.05697743377542996,
    -0.17698764492676586,
    0.21458303917041577,
    0.17540161103165683,
    0.6230926480827146,
    0.30170345682075894,
    -0.13857928956848767,
    -0.6666821274451851,
    0.2566571578242367,
    0.32745359538999225,
    0.3282469356863213,
    -0.07095119202870485,
    0.11016806901652908
  ],
  "right_hand_pose": [
    -0.001472633215598762,
    -0.004984041675925255,
    -0.4955075979232788,
    -0.029725189179732114,
    0.04115250998595792,
    -0.1826839491863965,
    0.07052409851746548,
    0.006416212482031953,
    0.1394735481248845,
    0.3656474394767767,
    -0.04599734997343298,
    -0.196613015164084,
    -0.30877321159020255,
    -0.033870993693044096,
    -0.03276600128939227,
    0.011129281919963251,
    0.07733451486306187,
    0.24829545629728592,
    -0.2663797940252044,
    -0.2993656308093455,
    0.7873498345472976,
    0.26564369579174296,
    -0.04583515781683536,
    -0.01139455517962654,
    -0.48031707237244936,
    0.12808169964704713,
    -0.2927065356614236,
    0.19242212831952452,
    -0.2501277716216911,
    0.024822254667587272,
    -0.26917229169822887,
    -0.0457657496088307,
    -0.06449374030397223,
    -0.17839181200569257,
    0.19213450504227486,
    0.3018801971120587,
    0.5285920399889797,
    0.2626296912823054,
    -0.23499920187363993,
    -0.6386838619271976,
    0.20012471201842463,
    0.31121714709149056,
    0.25173036281128613,
    -0.05941854555137123,
    -0.009270351994475023
  ],
  "expression": [
    -0.12842068076133728,
    0.4603140950202942,
    -0.020803096890449523,
    -0.3898060441017151,
    -0.3833601951599121,
    -0.2356459379196167,
    -0.2802018284797668,
    0.22169158458709717,
    -0.35616202354431153,
    -0.06898373365402222
  ],
  "fusion_metadata": {
    "body_source": "SMPLest-X",
    "hand_source": "Hierarchical Composition",
    "expression_source": "EMOCA"
  }
}