{
  "focal_length": [
    25942.851702372234,
    25942.85249710083
  ],
  "principal_point": [
    765.9117736816406,
    643.5714988708496
  ],
  "camera_translation": [
    0.009363902732729912,
    0.2708294093608856,
    40.78453063964844
  ],
  "detection_bbox": [
    538.1044311523438,
    90.12397766113281,
    994.7191162109375,
    1198.01904296875
  ]
}