{
  "expression": [
    -0.22413882613182068,
    -0.18522045016288757,
    1.0975888967514038,
    0.4132217764854431,
    -0.7123710513114929,
    -0.15734358131885529,
    -0.41058847308158875,
    3.9107441902160645,
    -0.25206413865089417,
    0.5140134692192078,
    1.4462848901748657,
    4.038224697113037,
    -0.31798800826072693,
    2.055504560470581,
    1.6038178205490112,
    -0.0028272122144699097,
    1.0885164737701416,
    -0.22239285707473755,
    0.25094276666641235,
    0.20320402085781097,
    1.3254332542419434,
    -2.222179651260376,
    2.1642510890960693,
    -0.4769722521305084,
    0.08865074813365936,
    -0.0481623075902462,
    -0.15963253378868103,
    -0.012196170166134834,
    -0.5060279369354248,
    1.8240480422973633,
    -0.573602020740509,
    -0.3021881878376007,
    1.10494863986969,
    0.09673915058374405,
    1.760878086090088,
    -0.31891530752182007,
    -0.23866742849349976,
    -0.7283837199211121,
    -0.006394390016794205,
    -0.22072181105613708,
    -1.5185006856918335,
    -0.0826888233423233,
    1.241823434829712,
    -0.2697880268096924,
    -0.5209396481513977,
    2.031874895095825,
    0.615374743938446,
    0.01598627120256424,
    0.07023856043815613,
    0.2528807818889618
  ],
  "shape": [
    0.07479000091552734,
    -0.2730419635772705,
    -0.22639219462871552,
    -0.13863971829414368,
    0.24652016162872314,
    -0.22351545095443726,
    -0.5718638300895691,
    -0.3177616596221924,
    0.12012165039777756,
    0.3064082860946655,
    0.4346894323825836,
    -0.11517412215471268,
    -0.3505043685436249,
    -0.04454978555440903,
    0.2835199236869812,
    -0.06516623497009277,
    0.19250473380088806,
    -0.01458364725112915,
    0.16769163310527802,
    -0.078150674700737,
    0.20280107855796814,
    0.2857885956764221,
    0.07510733604431152,
    -0.009484291076660156,
    0.07127169519662857,
    0.08686726540327072,
    -0.1836456060409546,
    -0.0143490144982934,
    0.09999378025531769,
    0.22000844776630402,
    -0.03592408448457718,
    -0.18641886115074158,
    0.1660759001970291,
    0.2620590329170227,
    0.028062690049409866,
    0.08155854046344757,
    -0.07737988978624344,
    0.1855863332748413,
    -0.11951590329408646,
    0.028788510710000992,
    -0.17088940739631653,
    0.09743621200323105,
    0.16808141767978668,
    -0.12488947808742523,
    -0.1271241307258606,
    -0.1925675868988037,
    -0.09707231819629669,
    -0.1318444460630417,
    0.2203485071659088,
    -0.231376051902771,
    0.08923763781785965,
    -0.24374842643737793,
    -0.044700659811496735,
    0.12173768877983093,
    -0.1890840083360672,
    0.1009296104311943,
    -0.13903312385082245,
    0.026731856167316437,
    -0.0776587650179863,
    0.17945492267608643,
    -0.006638791412115097,
    0.01714862324297428,
    0.05676780641078949,
    0.01197214424610138,
    -0.01927293837070465,
    0.16327130794525146,
    -0.052235137671232224,
    0.1193319708108902,
    0.0027279704809188843,
    -0.019149474799633026,
    -0.034965015947818756,
    -0.09498072415590286,
    -0.07372277230024338,
    -0.03438510745763779,
    0.0029045939445495605,
    -0.006108276546001434,
    -0.004988888278603554,
    0.002143256366252899,
    -0.15796582400798798,
    0.13820143043994904,
    0.06951459497213364,
    0.012869849801063538,
    -0.07548359781503677,
    0.09627582132816315,
    0.032290808856487274,
    0.06576478481292725,
    -0.046605948358774185,
    0.1420048028230667,
    -0.04973215609788895,
    -0.031845420598983765,
    -0.017814651131629944,
    0.014324522577226162,
    0.022504188120365143,
    0.009759046137332916,
    -0.06572771072387695,
    -0.15423105657100677,
    0.16619159281253815,
    -0.025839362293481827,
    -0.00481308251619339,
    -0.13548463582992554
  ],
  "pose": [
    -0.01095804013311863,
    -0.5381898283958435,
    -0.045660629868507385,
    0.13233976066112518,
    -0.010155243799090385,
    -0.03181743621826172
  ],
  "camera": [
    9.789512634277344,
    0.02317485399544239,
    0.021459342911839485
  ],
  "lighting": [
    [
      3.410696029663086,
      3.403963327407837,
      3.408684253692627
    ],
    [
      0.4996475875377655,
      0.4950818419456482,
      0.4872519373893738
    ],
    [
      0.1949663907289505,
      0.20024187862873077,
      0.20175214111804962
    ],
    [
      -0.3291296362876892,
      -0.35633131861686707,
      -0.34360986948013306
    ],
    [
      0.06400010734796524,
      0.06470829248428345,
      0.06641729176044464
    ],
    [
      -0.7247622609138489,
      -0.7242882251739502,
      -0.7305924892425537
    ],
    [
      0.13492874801158905,
      0.13905322551727295,
      0.1388881802558899
    ],
    [
      0.5058474540710449,
      0.5003344416618347,
      0.5016716122627258
    ],
    [
      0.22609642148017883,
      0.21376663446426392,
      0.21845440566539764
    ]
  ],
  "texture": [
    0.12399301677942276,
    0.39888739585876465,
    0.13969697058200836,
    0.04012294113636017,
    0.03429695963859558,
    -0.04030882567167282,
    -0.07844758033752441,
    -0.03229658305644989,
    -0.013623863458633423,
    -0.20748856663703918,
    -0.011795088648796082,
    -0.11693444103002548,
    0.008296459913253784,
    0.07848711311817169,
    0.05681218206882477,
    -0.030710652470588684,
    -0.02233833819627762,
    0.05208364129066467,
    -0.04954931139945984,
    0.09610116481781006,
    -0.016407683491706848,
    -0.11945508420467377,
    0.040815845131874084,
    -0.05839924514293671,
    -0.04352171719074249,
    -0.10192607343196869,
    0.07326715439558029,
    -0.06306493282318115,
    -0.07591374218463898,
    -0.12616366147994995,
    0.08611711859703064,
    0.022698812186717987,
    0.06581613421440125,
    -0.03182940185070038,
    0.022704213857650757,
    -0.11783990263938904,
    -0.01939423382282257,
    0.04075536131858826,
    -0.016401149332523346,
    -0.02041812241077423,
    -0.04400663822889328,
    -0.0013659312389791012,
    0.04685194045305252,
    0.11558777093887329,
    -0.06646542251110077,
    -0.019640710204839706,
    0.04127206280827522,
    0.001935519278049469,
    -0.11965075135231018,
    0.05150001496076584
  ],