{
  "focal_length": [
    25782.93005625407,
    25782.928466796875
  ],
  "principal_point": [
    868.737060546875,
    634.5662136077881
  ],
  "camera_translation": [
    -0.041048891842365265,
    0.3226417005062103,
    41.785762786865234
  ],
  "detection_bbox": [
    608.3511962890625,
    84.53041076660156,
    1130.1229248046875,
    1185.60205078125
  ]
}