{
  "betas": [
    0.09246238321065903,
    0.32491007447242737,
    -0.42183321714401245,
    -0.6011436581611633,
    0.08140408992767334,
    -0.43408268690109253,
    -0.10982616245746613,
    -0.011247158981859684,
    -0.18621665239334106,
    -0.14083702862262726
  ],
  "body_pose": [
    -1.1628979444503784,
    -0.013050288893282413,
    0.2786787450313568,
    -1.002057433128357,
    -0.1093331128358841,
    -0.30191370844841003,
    1.2173887491226196,
    0.04320743307471275,
    -0.09745373576879501,
    0.6030054688453674,
    0.11954600363969803,
    -0.09499140828847885,
    0.6908890604972839,
    -0.17174731194972992,
    0.16409514844417572,
    -0.21346433460712433,
    0.008020998910069466,
    -0.017689667642116547,
    -0.0174274742603302,
    0.10633295774459839,
    -0.12098196893930435,
    -0.02552018128335476,
    -0.25090521574020386,
    0.08080458641052246,
    -0.058118682354688644,
    0.009997518733143806,
    -0.008976059034466743,
    0.008585820905864239,
    -0.04562459886074066,
    0.023246876895427704,
    -0.0029181549325585365,
    0.013259884901344776,
    -0.004840566776692867,
    0.041005875915288925,
    0.021945921704173088,
    0.09105365723371506,
    -0.21323280036449432,
    -0.7697790861129761,
    0.2644163966178894,
    -0.24400852620601654,
    0.8447809219360352,
    -0.17177076637744904,
    -0.15108221769332886,
    0.0507521890103817,
    -0.03964996337890625,
    -0.4089926779270172,
    -0.5922532677650452,
    -0.20114511251449585,
    -0.2897622585296631,
    0.7582874298095703,
    0.26091060042381287,
    -0.2298480123281479,
    -0.10184665024280548,
    0.08858805894851685,
    -0.14234264194965363,
    0.21205778419971466,
    0.007822487503290176,
    -0.2332783341407776,
    -0.04029446095228195,
    0.22631412744522095,
    -0.023489009588956833,
    0.014157786965370178,
    -0.203983336687088
  ],
  "root_pose": [
    -2.4638683795928955,
    -0.204123392701149,
    -0.5301436185836792
  ],
  "translation": [
    -0.0720059722661972,
    0.05046822130680084,
    29.630870819091797
  ],
  "jaw_pose": [
    0.001112519297748804,
    -0.013966669328510761,
    -0.014550239779055119
  ],
  "left_hand_pose": [
    -0.015865717083215714,
    0.055141083896160126,
    0.047514304518699646,
    0.30194452714267717,
    0.1412059813106685,
    0.9103966994811481,
    -0.12575233606382127,
    0.2586168570603977,
    0.5150606809275662,
    -0.23874227939983714,
    -0.004517515776145288,
    1.2612035122904848,
    -0.17985087575745054,
    -0.04579719620765118,
    0.8683481793625621,
    0.020890621344043892,
    0.27899777723017016,
    0.7845060359893586,
    -0.8026188360478178,
    0.4367578593420985,
    1.0775484520596086,
    -0.5881560847500625,
    0.12625988874870214,
    0.7577683288612149,
    -0.4712305764344453,
    0.10727434365046871,
    0.5949654877441324,
    -0.18749601133084295,
    0.23167815090666935,
    1.1891321409598805,
    -0.5212863813832443,
    0.26671936832081605,
    0.9602772346055122,
    -0.3015885493663874,
    0.2286619723953474,
    0.8368298782461747,
    0.8506796550550473,
    -0.26345509503917164,
    -0.12198632377525884,
    -0.5558606070842013,
    0.06441902786779569,
    0.22221952459180772,
    0.6661429622481119,
    -0.28112754425812414,
    0.2634287671885241
  ],
  "right_hand_pose": [
    -0.015410490334033966,
    -0.05736250802874565,
    -0.06403078138828278,
    0.16602999950684635,
    0.21377291552588767,
    1.208462485837467,
    -0.06219041465262625,
    0.12860256912213852,
    0.5881811370160461,
    -0.012995863734888568,
    0.008414564600859797,
    0.6447184231214692,
    -0.34193091099302697,
    0.0009766797948982174,
    1.124662978468262,
    -0.0012759703925525943,
    0.06938288111314801,
    0.548382252564872,
    0.30069090105432744,
    0.3460500822559559,
    0.3884425132435316,
    -1.0457520284359485,
    0.22997687763343422,
    0.8060326207926359,
    -0.30610752719858114,
    0.2051031295998874,
    0.6075870202547516,
    0.16186840633257146,
    0.10156027609802179,
    0.5274695754281168,
    -0.5412396591820194,
    0.1498612420969391,
    1.1140586129682923,
    -0.2235058352835263,
    0.1718100149473939,
    0.5959240380920211,
    0.5667877754805419,
    0.07716717062012386,
    -0.23013640647105282,
    -0.530461141387208,
    -0.07084222130174128,
    0.30767545378862043,
    0.1796699355179362,
    -0.04134515169222058,
    -0.024844530064111903
  ],
  "expression": [
    -0.416943883895874,
    -1.9441431999206542,
    1.1499820232391358,
    1.052565836906433,
    -0.4635785222053528,
    0.48467280864715573,
    0.4161309599876404,
    -0.7132888555526733,
    -0.5845054507255554,
    -0.7335642814636231
  ],
  "fusion_metadata": {
    "body_source": "SMPLest-X",
    "hand_source": "Hierarchical Composition",
    "expression_source": "EMOCA"
  }
}