{
  "betas": [
    -0.2853260636329651,
    0.3123655915260315,
    -0.06387034058570862,
    -0.6125726103782654,
    -0.13078591227531433,
    -0.7250389456748962,
    -0.04137510061264038,
    0.09415112435817719,
    -0.21775224804878235,
    -0.0007334188558161259
  ],
  "body_pose": [
    -0.007182633504271507,
    0.06882688403129578,
    0.1881849318742752,
    -0.03946012631058693,
    -0.1589640974998474,
    -0.15897898375988007,
    0.06392589956521988,
    0.012597952969372272,
    -0.027298368513584137,
    0.08585737645626068,
    -0.019590001553297043,
    0.007935642264783382,
    0.17122630774974823,
    -0.08752872794866562,
    -0.004580330103635788,
    0.06869163364171982,
    -0.006629620678722858,
    -0.01239090133458376,
    -0.05495534837245941,
    0.13192319869995117,
    -0.07516918331384659,
    -0.085760697722435,
    -0.2595456540584564,
    0.046301282942295074,
    0.0027305178809911013,
    -0.0005334896268323064,
    -0.001470073126256466,
    -0.005949514918029308,
    0.002812216989696026,
    0.027093535289168358,
    -0.004820306785404682,
    -0.007374056149274111,
    -0.0035030192229896784,
    0.12113896012306213,
    -0.011999506503343582,
    0.02976096048951149,
    0.06670451909303665,
    -0.10048426687717438,
    -0.31354352831840515,
    0.05228383466601372,
    0.12278709560632706,
    0.2821953296661377,
    0.1650172770023346,
    -0.03536823019385338,
    0.013915646821260452,
    0.2207251489162445,
    -0.3080403506755829,
    -0.7160812616348267,
    0.21326760947704315,
    0.2922559380531311,
    0.810054361820221,
    0.4483373761177063,
    -1.47348153591156,
    0.26348677277565,
    0.4410237669944763,
    1.5150032043457031,
    -0.32084760069847107,
    0.2982940971851349,
    -0.2971998453140259,
    0.6529164910316467,
    0.29242685437202454,
    0.15796217322349548,
    -0.6364771723747253
  ],
  "root_pose": [
    -3.000563144683838,
    0.0028601912781596184,
    -0.05382705479860306
  ],
  "translation": [
    -0.0049796197563409805,
    0.2608194351196289,
    39.40134811401367
  ],
  "jaw_pose": [
    0.012133239768445492,
    -0.0072654918767511845,
    0.003762019332498312
  ],
  "left_hand_pose": [
    0.0019766059704124928,
    0.0346204973757267,
    0.00380315980874002,
    0.19564179857410263,
    0.12205567052702153,
    0.44525584911691796,
    -0.0652170526637975,
    0.10418902313388036,
    0.2930658411035466,
    0.07159332341166745,
    -0.05165313231313955,
    0.6695400129620186,
    -0.27179444182413487,
    -0.057128308854945506,
    0.37738106961183693,
    0.02926516796581143,
    0.16797147879570462,
    0.34454751467545863,
    0.18550067404867535,
    -0.009211205780747335,
    0.3655281095124646,
    -0.31820247403451213,
    -0.06929651532256008,
    0.032498534797098216,
    -0.26030724829091073,
    0.18351254412663415,
    0.045824831260750806,
    0.17538593361002333,
    0.029903619254174896,
    0.5143758143003023,
    -0.4624295564995037,
    0.03484217193703056,
    0.4796496601479385,
    -0.18938548782782919,
    0.3055742337509749,
    0.5082002366211001,
    0.4838919894441999,
    -0.09123387067531441,
    -0.3687476146002393,
    -0.5977387841993047,
    0.028778410607610123,
    0.2777115940947811,
    0.35724522639390227,
    -0.21254943864974934,
    0.02262112558448798
  ],
  "right_hand_pose": [
    -0.010134837590157986,
    -0.029931452125310898,
    -0.11995889246463776,
    0.07816904909195399,
    0.1508493739119549,
    0.36130342343361355,
    0.010690154035702728,
    0.05011781949693264,
    0.2718118481567555,
    0.12699817736605568,
    0.03347607752929738,
    0.4400193770386428,
    -0.34640884945729056,
    -0.017701470663320545,
    0.4468900604556064,
    0.01630184233603636,
    0.09811108817766824,
    0.31950684550422787,
    0.31839014897459755,
    -0.028888702691950992,
    0.10919570847910347,
    -0.3019956948439241,
    -0.12009656719737821,
    -0.01676205944501418,
    -0.18562295845498444,
    0.20297531841108196,
    0.024568793676344135,
    0.22299213948073898,
    0.05462614127984855,
    0.27263370472276405,
    -0.43419045457049765,
    -0.013084987080401615,
    0.2684805352123092,
    -0.17712752433529197,
    0.19433178265843482,
    0.3044332959221834,
    0.44010070564469517,
    0.0036279976410874,
    -0.30390300711946894,
    -0.5871693920360327,
    0.07028126189974498,
    0.34090249243624526,
    0.3294363570099865,
    -0.21056622804099714,
    -0.19976002198009907
  ],
  "expression": [
    -0.062159080803394315,
    0.3765655517578125,
    -0.0903980165719986,
    -0.33056269884109496,
    -0.1357383996248245,
    -0.06040970385074615,
    -0.36838263273239136,
    0.5450156092643738,
    -0.1657063901424408,
    0.03218189477920532
  ],
  "fusion_metadata": {
    "body_source": "SMPLest-X",
    "hand_source": "Hierarchical Composition",
    "expression_source": "EMOCA"
  }
}