{
  "betas": [
    0.016967104747891426,
    0.5929853320121765,
    -0.25781017541885376,
    -0.6187195181846619,
    -0.04880816489458084,
    -0.6996778845787048,
    -0.00566176138818264,
    0.08128262311220169,
    0.006500751245766878,
    0.03098040260374546
  ],
  "body_pose": [
    -0.16637851297855377,
    0.03098008781671524,
    0.22188003361225128,
    -0.2108279913663864,
    -0.13309411704540253,
    -0.14967189729213715,
    0.18025252223014832,
    0.023274054750800133,
    -0.032378699630498886,
    0.2766836881637573,
    -0.034690629690885544,
    -0.005471621640026569,
    0.33810821175575256,
    -0.09982387721538544,
    0.039809729903936386,
    0.04016375541687012,
    0.0030993218533694744,
    -0.006137401331216097,
    -0.07684655487537384,
    0.11705411225557327,
    -0.08647102862596512,
    -0.08035588264465332,
    -0.22648082673549652,
    0.04483819380402565,
    0.005923309829086065,
    0.004495668224990368,
    0.013153565116226673,
    -0.0182524174451828,
    0.002934366697445512,
    0.026374218985438347,
    -0.007543713320046663,
    -0.008294662460684776,
    -0.015243365429341793,
    0.033910319209098816,
    -0.011101488023996353,
    0.11401884257793427,
    0.051132336258888245,
    -0.12279675155878067,
    -0.2617335319519043,
    0.040981926023960114,
    0.18250277638435364,
    0.30517032742500305,
    0.027462700381875038,
    -0.002904894994571805,
    0.036076851189136505,
    0.19643712043762207,
    -0.3454526364803314,
    -0.8233740329742432,
    0.16737760603427887,
    0.34821566939353943,
    0.8844563364982605,
    0.2824590504169464,
    -1.2081122398376465,
    0.15431271493434906,
    0.29945108294487,
    1.0137439966201782,
    -0.1442101150751114,
    -0.044311705976724625,
    -0.1406843066215515,
    0.38609734177589417,
    0.09383543580770493,
    -0.009364085271954536,
    -0.2334570437669754
  ],
  "root_pose": [
    -3.0300562381744385,
    -0.00628525810316205,
    0.03374498337507248
  ],
  "translation": [
    -0.025867139920592308,
    0.266355037689209,
    38.88976287841797
  ],
  "jaw_pose": [
    0.009677603840827942,
    -0.005063201766461134,
    0.0027722225058823824
  ],
  "left_hand_pose": [
    -0.0020171881187707186,
    -0.0448618046939373,
    0.5281921625137329,
    -0.05291849455713861,
    0.09509904704085793,
    0.194497861123637,
    0.12337561571116061,
    0.02523809344005178,
    0.25029992679024793,
    0.18770599831231174,
    -0.14860395580268723,
    0.11848935021982325,
    -0.3472020557838637,
    -0.04230034966358033,
    0.5290388308190938,
    0.03979754937838068,
    0.12420407554963864,
    0.36655608923105537,
    -0.5849764865575259,
    0.37048814156241244,
    1.1224370469410392,
    -0.14924055448953283,
    -0.08227677462329608,
    0.348885284337271,
    -0.3546694858158004,
    0.16887462718123475,
    0.044085525846676486,
    -0.03393880938483632,
    -0.13190575779788374,
    0.5832556271541411,
    -0.462327698794854,
    -0.0688885332776591,
    0.6873123658673768,
    -0.15837665625355346,
    0.24815489140921831,
    0.5012503214186448,
    0.49372776668230633,
    -0.03094112989405736,
    -0.37911836618456235,
    -0.6262397417671818,
    -0.0014211468461260914,
    0.3767905942327521,
    0.4204639161296415,
    -0.3443500147718959,
    -0.08658639863648482
  ],
  "right_hand_pose": [
    -0.004961169790476561,
    0.01944549009203911,
    -0.4328618049621582,
    0.06645369597818858,
    0.0956595627158901,
    0.010546040464564397,
    0.062345393627683834,
    0.0033168776010544564,
    0.046907273792521326,
    0.3019921772410587,
    0.07082208545025377,
    0.03853800080050593,
    -0.31703882266785277,
    -0.03446035011975799,
    0.0744538185210027,
    0.03117661927244039,
    0.07574519983475854,
    0.17791407133650844,
    -0.18467783207747565,
    0.01330779516200474,
    0.6209944598691876,
    0.06622596240625629,
    -0.07435288320250796,
    0.020705887842821,
    -0.29331186778699786,
    0.15149919338263995,
    -0.216372578005324,
    0.18424073571262706,
    -0.01977640498480221,
    0.036862398681482916,
    -0.32522650879683673,
    -0.052601768985152036,
    0.13324635080106526,
    -0.16459364740995677,
    0.20905530001069556,
    0.25531743546588714,
    0.560609580993813,
    -0.0358775548481914,
    -0.22718944100343658,
    -0.651127403907335,
    0.08535312735777138,
    0.31328651510170036,
    0.15733910997628245,
    0.045564536530384524,
    -0.39620658316759827
  ],
  "expression": [
    -0.11245251595973968,
    0.26929491162300107,
    0.018726781010627747,
    -0.3585134267807007,
    -0.13626210987567902,
    0.2788909077644348,
    -0.38164190053939817,
    0.6675956726074218,
    -0.2507113337516785,
    -0.1683953583240509
  ],
  "fusion_metadata": {
    "body_source": "SMPLest-X",
    "hand_source": "Hierarchical Composition",
    "expression_source": "EMOCA"
  }
}