{
  "betas": [
    -0.10472582280635834,
    -0.10084977000951767,
    -0.028597533702850342,
    -0.560103178024292,
    0.050675906240940094,
    -0.3823082149028778,
    -0.07022075355052948,
    -0.1422949880361557,
    -0.07727789133787155,
    0.09778931736946106
  ],
  "body_pose": [
    -0.45050743222236633,
    0.15088427066802979,
    -0.013109301216900349,
    -0.8858725428581238,
    0.05838127061724663,
    -0.2074681669473648,
    0.7500199675559998,
    -0.07239031791687012,
    0.09769059717655182,
    0.4042271673679352,
    0.17349392175674438,
    -0.09159770607948303,
    0.36393600702285767,
    -0.06258546561002731,
    0.005450247321277857,
    -0.02073427103459835,
    -0.017194608226418495,
    0.06614846736192703,
    -0.091109499335289,
    0.16355262696743011,
    0.0036308958660811186,
    0.15682880580425262,
    -0.12213589996099472,
    0.1381169855594635,
    0.010146181099116802,
    -0.01445011980831623,
    0.027369851246476173,
    0.012640707194805145,
    0.013584215193986893,
    -0.0017622085288167,
    -0.008161848410964012,
    -0.018469812348484993,
    -0.006124081555753946,
    0.08510462939739227,
    -0.048148248344659805,
    0.01523021049797535,
    -0.05824756249785423,
    -0.4495473802089691,
    -0.1772512048482895,
    -0.03532787784934044,
    0.39588356018066406,
    0.1340034157037735,
    -0.10029224306344986,
    -0.03200818970799446,
    -0.01864878088235855,
    -0.027306823059916496,
    -0.5529283285140991,
    -0.9174063205718994,
    -0.004642775747925043,
    0.44610390067100525,
    0.8972086310386658,
    -0.10679551213979721,
    -0.75449538230896,
    0.0694083645939827,
    -0.38775622844696045,
    1.038506031036377,
    -0.18539445102214813,
    -0.18963252007961273,
    0.057692233473062515,
    0.16425259411334991,
    -0.5691918134689331,
    -0.011203029192984104,
    -0.20755642652511597
  ],
  "root_pose": [
    -2.424812078475952,
    0.33159950375556946,
    1.112838625907898
  ],
  "translation": [
    0.14864693582057953,
    0.11144766211509705,
    30.002010345458984
  ],
  "jaw_pose": [
    -5.57957828277722e-05,
    -0.008230157196521759,
    0.0020624548196792603
  ],
  "left_hand_pose": [
    -0.007677879650145769,
    0.08256229758262634,
    0.4454520344734192,
    0.2551349921821897,
    0.29612147834981395,
    1.484029276962773,
    -0.18166519087019944,
    0.23085262783023194,
    0.4788981299146033,
    -0.06292384346462468,
    -0.07206257128199389,
    0.4669226597364776,
    -0.28828043169797896,
    0.01152375337345776,
    1.4642400917506633,
    -0.030845826697135002,
    0.17387122686136414,
    0.49246143173002493,
    -0.005919039122393327,
    0.577411984886421,
    0.17191347015249894,
    -0.7426581412994269,
    0.015220414861425627,
    0.6937673511265077,
    -0.384591955823655,
    0.06659716853435696,
    0.5248494729744306,
    0.0619981441900311,
    0.08585021828244874,
    0.3106890662238343,
    -0.5465536383161683,
    0.14467339859391054,
    1.2899276340428463,
    -0.2551166524765852,
    0.17032898067291172,
    0.5323791619190458,
    0.9465284883073402,
    -0.5051501550217379,
    -0.05031856524112346,
    -0.5383335438710947,
    -0.1435545788702714,
    -0.03620405392248653,
    0.3988796073388918,
    0.18055601661203147,
    0.3799716294643982
  ],
  "right_hand_pose": [
    -0.0122285271063447,
    -0.05542748421430588,
    -0.43162113428115845,
    0.06041986994084585,
    -0.01884940420177676,
    -0.05699401300432507,
    0.051777617199202076,
    0.03990144314311206,
    0.16665523245599567,
    0.3014022454694364,
    -0.17010589696638892,
    0.144794602502995,
    -0.2802108595374962,
    -0.026663296553147833,
    0.002293167572766702,
    0.009854230053496046,
    0.107947139316827,
    0.24624348066982316,
    0.32329996132812905,
    -0.14373682603554297,
    0.33124272435698576,
    -0.18088848500946206,
    -0.04668446410549656,
    -0.07167431430930447,
    -0.33148513281602404,
    0.2565474401552421,
    -0.22156714559736818,
    0.26920825008073895,
    -0.19857349591880868,
    0.2120470845878527,
    -0.2790309219626093,
    -0.023134435444368516,
    -0.08581398075850923,
    -0.2110201328629962,
    0.26833654437946786,
    0.20293969013746488,
    0.6498599939903641,
    0.33934584237887067,
    -0.07460534229730029,
    -0.49231252959677785,
    0.03865521118544337,
    0.3879533080383635,
    0.3461689580377531,
    -0.13334218457364314,
    0.2470449211996238
  ],
  "expression": [
    -0.5782739996910095,
    -2.0,
    2.0,
    1.450788402557373,
    -0.6287497758865356,
    0.9201700687408447,
    1.1605632305145264,
    -1.4021601676940918,
    -1.1815964698791503,
    -1.8559939384460449
  ],
  "fusion_metadata": {
    "body_source": "SMPLest-X",
    "hand_source": "Hierarchical Composition",
    "expression_source": "EMOCA"
  }
}