{
  "betas": [
    0.44897300004959106,
    0.2653716802597046,
    0.03164549544453621,
    -0.21557237207889557,
    0.013210113160312176,
    -0.7201327681541443,
    0.07645212858915329,
    0.004240329377353191,
    0.008370138704776764,
    0.034224119037389755
  ],
  "body_pose": [
    -0.050041768699884415,
    0.08897902071475983,
    0.1695082187652588,
    -0.13209204375743866,
    -0.06461989134550095,
    -0.18967406451702118,
    0.10897138714790344,
    -0.008623430505394936,
    -0.02209007926285267,
    0.2945367693901062,
    0.03692351281642914,
    -0.019566019997000694,
    0.40559303760528564,
    -0.05612429231405258,
    0.041403744369745255,
    -0.026645971462130547,
    -0.02396775409579277,
    -0.021211879327893257,
    -0.10454276949167252,
    0.06752626597881317,
    -0.11475271731615067,
    -0.13775302469730377,
    -0.10148990899324417,
    0.009106338955461979,
    0.03731995075941086,
    -0.006240794435143471,
    0.0063268207013607025,
    -0.00825947429984808,
    -0.008736402727663517,
    -0.0042060925625264645,
    -0.013283757492899895,
    -0.006771258544176817,
    -0.005887637846171856,
    0.014515611343085766,
    -0.008471117354929447,
    0.12657104432582855,
    0.029645906761288643,
    -0.11939113587141037,
    -0.20911066234111786,
    -0.11970625072717667,
    0.24541184306144714,
    0.0665467381477356,
    -0.08549000322818756,
    0.05208169296383858,
    -0.11684348434209824,
    0.11521300673484802,
    -0.31181442737579346,
    -1.0764529705047607,
    -0.11329299211502075,
    0.679174542427063,
    0.9542261362075806,
    -0.13610506057739258,
    -0.614665150642395,
    0.0667387992143631,
    -0.4341026842594147,
    2.001108169555664,
    -0.00896543450653553,
    -0.6897557377815247,
    0.06987892836332321,
    0.35825905203819275,
    -1.3763818740844727,
    0.042814236134290695,
    -0.03166398033499718
  ],
  "root_pose": [
    -3.082749366760254,
    0.03095998987555504,
    0.029004452750086784
  ],
  "translation": [
    -0.010446043685078621,
    0.26357588171958923,
    41.17639923095703
  ],
  "jaw_pose": [
    0.005624131765216589,
    0.0015359246172010899,
    -0.007683830801397562
  ],
  "left_hand_pose": [
    0.01668722741305828,
    0.1838582307100296,
    0.2068406045436859,
    0.15910793914504204,
    0.11607171382154767,
    0.8802902480471202,
    -0.0644509272626826,
    0.15024209291687662,
    0.4754201933492628,
    -0.09413688642198105,
    -0.17766791505823118,
    0.6177579560513066,
    -0.2691502400532263,
    -0.014566508129928738,
    1.1207945362842102,
    0.004725533140171306,
    0.18357659442334742,
    0.5569504134783023,
    -0.6283867922535568,
    0.443889800766235,
    0.8499145336475945,
    -0.6001752509518259,
    0.131096748761789,
    0.7492650673251128,
    -0.4333007899972407,
    0.0989530680938253,
    0.24343748944697657,
    -0.1572066914612816,
    0.01712147239240305,
    0.7830194200135284,
    -0.5147161909985903,
    0.17511564869475885,
    1.150395250848822,
    -0.22657488087168462,
    0.24163112822493474,
    0.5367783293393814,
    0.7735021754754545,
    -0.006935515685841043,
    -0.13875364173126462,
    -0.47429861867988343,
    -0.20092793156491734,
    0.3216633730485415,
    0.6748116856473327,
    -0.2389202675534156,
    0.3313181294908658
  ],
  "right_hand_pose": [
    -0.02861328423023224,
    0.029987957328557968,
    -0.388809472322464,
    -0.009282560264899015,
    0.08277006180806068,
    0.017602207216006173,
    0.1854029784497478,
    -0.003990665639374238,
    0.10937346779888112,
    0.08942374346314384,
    -0.11053373689369483,
    0.5956507916331559,
    -0.2620215041678731,
    -0.05321082830421678,
    0.08173951028726455,
    0.022891789186440886,
    0.0694643429560747,
    0.20214732856645615,
    -0.0017339140585856177,
    0.22881411772368263,
    0.43819071408034344,
    -0.07754513750614313,
    -0.15209096310492012,
    0.09607683308207429,
    -0.3744696279930787,
    0.0824570589125442,
    -0.11588859952953226,
    0.1569127321090364,
    0.014746367943946622,
    0.48938088107616295,
    -0.3586721328616616,
    -0.050015694799947524,
    0.0240446093407826,
    -0.1650857795970445,
    0.11650606032874891,
    0.2404223702433579,
    0.6533946486175417,
    -0.16438400761549687,
    -0.2197401188718221,
    -0.6426434739728699,
    0.016008310603257272,
    0.26419284977596874,
    0.13515649341175387,
    0.027855740870893663,
    0.02462869082451573
  ],
  "expression": [
    -0.12196159064769745,
    0.02970006689429283,
    0.16585593223571776,
    0.2200334072113037,
    -0.2961740970611572,
    0.1347822904586792,
    -0.33812588453292847,
    0.44404245615005494,
    -0.2719123005867004,
    0.05043457746505737
  ],
  "fusion_metadata": {
    "body_source": "SMPLest-X",
    "hand_source": "Hierarchical Composition",
    "expression_source": "EMOCA"
  }
}