{
  "betas": [
    -0.07310499250888824,
    -0.02744351699948311,
    -0.16125746071338654,
    -0.6068110466003418,
    0.040442585945129395,
    -0.3829105794429779,
    -0.1364603340625763,
    -0.1212068498134613,
    0.0186530239880085,
    0.02787937968969345
  ],
  "body_pose": [
    -0.3401615619659424,
    0.24261996150016785,
    -0.049515388906002045,
    -0.8009565472602844,
    0.06695406883955002,
    -0.18028365075588226,
    0.6705410480499268,
    -0.1025637686252594,
    0.07437821477651596,
    0.4460255205631256,
    0.21760796010494232,
    -0.12234771251678467,
    0.3843163549900055,
    0.004947948735207319,
    0.02243168093264103,
    -0.051678095012903214,
    -0.034970156848430634,
    0.0885792225599289,
    -0.1474616974592209,
    0.26230934262275696,
    0.017852652817964554,
    0.13550116121768951,
    -0.12574328482151031,
    0.10557124018669128,
    0.003387515200302005,
    -0.04499160870909691,
    0.039448387920856476,
    -0.004763363394886255,
    0.0016862328629940748,
    0.007975670509040356,
    -0.017454270273447037,
    0.008230150677263737,
    0.004619057290256023,
    0.205774188041687,
    -0.011257393285632133,
    0.0859980434179306,
    -0.16140563786029816,
    -0.5668658018112183,
    0.06610569357872009,
    -0.09667977690696716,
    0.4246090352535248,
    0.004940315615385771,
    -0.09239521622657776,
    0.0009242229862138629,
    -0.02688414789736271,
    -0.3892732560634613,
    -0.707578182220459,
    -0.5796542763710022,
    -0.13669763505458832,
    0.5082603693008423,
    0.7891439199447632,
    -0.42758604884147644,
    -0.48961779475212097,
    0.09450750797986984,
    -0.5499939322471619,
    1.0043797492980957,
    -0.24605891108512878,
    -0.5474829077720642,
    0.0732681155204773,
    0.21606342494487762,
    -0.8011987805366516,
    -0.04989469051361084,
    -0.2796424627304077
  ],
  "root_pose": [
    -2.52809476852417,
    0.19142144918441772,
    1.2460944652557373
  ],
  "translation": [
    0.22469042241573334,
    0.16767218708992004,
    33.035301208496094
  ],
  "jaw_pose": [
    0.000267319061094895,
    -0.011640776880085468,
    0.0027272088918834925
  ],
  "left_hand_pose": [
    -0.02500130981206894,
    0.06329410523176193,
    0.4024339020252228,
    0.13071977403079463,
    0.1996950582376257,
    1.1129753115479402,
    -0.13490941812530466,
    0.14359486185346523,
    0.21828632321041103,
    -0.1252161706120552,
    -0.05661936175232815,
    0.435764741707241,
    -0.18771526396791685,
    0.0341992748864294,
    1.2433556224577968,
    -0.02980947689532485,
    0.22591314803732435,
    0.320004177621075,
    -0.7200725211271216,
    0.5475478497536947,
    0.4967976547741183,
    -0.21721367831230884,
    0.021512955383875394,
    0.6255639416102884,
    -0.5245209800846281,
    -0.07805484677602174,
    0.029667193410072363,
    -0.11414093266286747,
    0.1609997613708704,
    0.3655513102588852,
    -0.4215596696265634,
    0.11176737441447422,
    1.1727177597018508,
    -0.24565490091551373,
    0.2103214810782461,
    0.32779043515118794,
    1.0009877388788517,
    -0.41929476620323225,
    0.008280740836237954,
    -0.6451143837197275,
    0.056130427820400605,
    -0.0038061582562017595,
    0.6732172602938868,
    -0.005568279021696434,
    0.32017487282976714
  ],
  "right_hand_pose": [
    -0.003252731403335929,
    -0.031003041192889214,
    -0.4094724655151367,
    0.0,
    0.0,
    0.0,
    0.0,
    0.0,
    0.0,
    0.0,
    0.0,
    0.0,
    0.0,
    0.0,
    0.0,
    0.0,
    0.0,
    0.0,
    0.0,
    0.0,
    0.0,
    0.0,
    0.0,
    0.0,
    0.0,
    0.0,
    0.0,
    0.0,
    0.0,
    0.0,
    0.0,
    0.0,
    0.0,
    0.0,
    0.0,
    0.0,
    0.0,
    0.0,
    0.0,
    0.0,
    0.0,
    0.0,
    0.0,
    0.0,
    0.0
  ],
  "expression": [
    -0.7160483121871948,
    -2.0,
    2.0,
    0.9262006044387817,
    -0.798339557647705,
    0.2349284827709198,
    1.128885555267334,
    -0.6196060895919799,
    -0.7931732654571533,
    -1.1820945739746094
  ],
  "fusion_metadata": {
    "body_source": "SMPLest-X",
    "hand_source": "Hierarchical Composition",
    "expression_source": "EMOCA"
  }
}