{
  "focal_length": [
    17788.29574584961,
    17788.29574584961
  ],
  "principal_point": [
    880.6248168945312,
    811.6294860839844
  ],
  "camera_translation": [
    -0.07200257480144501,
    0.05043690651655197,
    29.63112449645996
  ],
  "detection_bbox": [
    596.0120849609375,
    474.81756591796875,
    1166.237548828125,
    1149.44140625
  ]
}