{
  "betas": [
    0.34512680768966675,
    0.3791396915912628,
    0.16577866673469543,
    -0.5828804969787598,
    0.060512423515319824,
    -0.9980604648590088,
    0.14326253533363342,
    -0.026069387793540955,
    0.12708790600299835,
    -0.0020061838440597057
  ],
  "body_pose": [
    -0.07036164402961731,
    0.060496777296066284,
    0.18951833248138428,
    -0.053526706993579865,
    -0.121876060962677,
    -0.12128151208162308,
    0.09797970205545425,
    0.02295745722949505,
    -0.04546163231134415,
    0.2713448405265808,
    -0.030869662761688232,
    0.0024186319205909967,
    0.31673485040664673,
    -0.042624279856681824,
    0.02167366072535515,
    -0.11637411266565323,
    -0.007626573089510202,
    -0.02350430004298687,
    -0.058596160262823105,
    0.11392346024513245,
    -0.09415159374475479,
    -0.08700373768806458,
    -0.15109167993068695,
    0.08264441788196564,
    0.03973863646388054,
    0.006041869521141052,
    0.0037076217122375965,
    -0.00803806260228157,
    -0.0031299202237278223,
    0.007775809615850449,
    -0.0003411661309655756,
    -0.0012363092973828316,
    -0.028026815503835678,
    0.11811807751655579,
    -0.029848530888557434,
    0.10205794125795364,
    -0.2190031260251999,
    -0.18475820124149323,
    0.2894183099269867,
    -0.20269878208637238,
    0.2351795881986618,
    -0.12493087351322174,
    0.03074033372104168,
    -0.025555569678544998,
    0.01726784184575081,
    -0.25786012411117554,
    -0.47424080967903137,
    -0.2431047558784485,
    -0.2851678729057312,
    0.4652068316936493,
    0.3062313199043274,
    -0.2197752743959427,
    -1.6059675216674805,
    0.7323969602584839,
    -0.21528686583042145,
    1.7015939950942993,
    -0.8135654330253601,
    -0.14690043032169342,
    -0.14364135265350342,
    0.7411168217658997,
    -0.11130125820636749,
    0.13565035164356232,
    -0.7077991962432861
  ],
  "root_pose": [
    -3.0542519092559814,
    -0.0067426892928779125,
    -0.010379673913121223
  ],
  "translation": [
    -0.018434995785355568,
    0.3155307471752167,
    42.90580749511719
  ],
  "jaw_pose": [
    0.015167361125349998,
    -0.005872214678674936,
    -0.0008467277511954308
  ],
  "left_hand_pose": [
    -0.005061037372797728,
    0.04841716215014458,
    0.4569379985332489,
    -0.0729117411547614,
    0.06629184273708856,
    -0.20626625038622368,
    0.18688121200228114,
    -0.0345390070915434,
    -0.006041435748445818,
    0.3121884291190288,
    -0.22020393814986888,
    -0.2412940987520165,
    -0.25473158342294244,
    -0.01184142055119806,
    -0.11815604627287779,
    -0.045206628510859194,
    0.037759222315210374,
    0.08511424528236114,
    -0.5969792375413505,
    0.04894455562132642,
    1.2146651552578547,
    0.02745817624007174,
    -0.05980807967087218,
    0.22963213193741888,
    -0.39448216457292407,
    0.0983946702514621,
    -0.31722017051794854,
    0.03179272587111003,
    -0.22787177511297735,
    0.5547741953172725,
    -0.23082511642336043,
    -0.028399605030156507,
    -0.18245132886573928,
    -0.1016729994119316,
    0.14671419043588357,
    0.033337172967796674,
    0.5603896106277837,
    0.07162791298643409,
    -0.2525495347676538,
    -0.7708735466333452,
    0.1748623982994744,
    0.42060349149158244,
    0.2822669130729345,
    0.1595674338316016,
    -0.3069862406801605
  ],
  "right_hand_pose": [
    -0.013717628084123135,
    0.012392200529575348,
    -0.4650384783744812,
    -0.08721374774621035,
    0.09224540057605032,
    -0.19905059646955328,
    0.23903057859328594,
    -0.03798899864270438,
    0.050363958730983725,
    0.34709552750056183,
    -0.11193936095817275,
    -0.13973964039422831,
    -0.27951064079047294,
    0.009896774620892095,
    -0.07249863730531614,
    -0.03232343823707323,
    0.046463583305353794,
    0.1367939209808904,
    -0.12539714631726953,
    0.037780670746795794,
    0.6307876048623264,
    -0.03362422393404334,
    -0.03945536788024894,
    0.09613328689422322,
    -0.2902015484410945,
    0.16483331579476335,
    -0.21869703611675004,
    0.2322716107672921,
    -0.14535913743823914,
    0.0005806218951708064,
    -0.2940084749511375,
    -0.007503050886757996,
    -0.10628186242847124,
    -0.14555465026054393,
    0.14774640385602164,
    0.1440361852726595,
    0.5669894972846538,
    0.07628949428956389,
    -0.24110788160461719,
    -0.7136439751943999,
    0.18557098490427157,
    0.3850069597240426,
    0.20742734829563003,
    0.0682556612731392,
    -0.16009170003714004
  ],
  "expression": [
    -0.14525460898876189,
    0.07064216136932373,
    0.10853821635246276,
    -0.09927485883235931,
    -0.2161080300807953,
    0.1418057084083557,
    -0.30212409496307374,
    0.645392918586731,
    -0.2039444088935852,
    -0.06011036932468414
  ],
  "fusion_metadata": {
    "body_source": "SMPLest-X",
    "hand_source": "Hierarchical Composition",
    "expression_source": "EMOCA"
  }
}