{
  "focal_length": [
    25126.822789510094,
    25126.821994781494
  ],
  "principal_point": [
    772.1332702636719,
    638.149920463562
  ],
  "camera_translation": [
    -0.02493240125477314,
    0.2695551812648773,
    41.30810546875
  ],
  "detection_bbox": [
    586.7567138671875,
    102.11105346679688,
    958.5098266601562,
    1175.1888427734375
  ]
}