{
  "betas": [
    -0.007821696810424328,
    0.18267881870269775,
    0.048601943999528885,
    -0.5013734102249146,
    0.1463027447462082,
    -0.5771580934524536,
    -0.09415055811405182,
    -0.10488487780094147,
    -0.025095533579587936,
    0.016731021925807
  ],
  "body_pose": [
    -0.24793846905231476,
    0.15358570218086243,
    -0.0590389110147953,
    -0.7418162226676941,
    0.05322185158729553,
    -0.2579171657562256,
    0.5626108646392822,
    -0.10114967823028564,
    0.10773708671331406,
    0.42296671867370605,
    0.15392911434173584,
    -0.10444838553667068,
    0.47782570123672485,
    -0.032471124082803726,
    0.025344254449009895,
    -0.0246143639087677,
    -0.017894946038722992,
    0.08731170743703842,
    -0.19068701565265656,
    0.13271917402744293,
    0.03467152267694473,
    0.08859807252883911,
    -0.1116342693567276,
    0.12464886158704758,
    0.02896934002637863,
    -0.016509026288986206,
    0.03792664036154747,
    -0.010258587077260017,
    0.013347692787647247,
    -0.009229500778019428,
    -0.03741104528307915,
    -0.004078719764947891,
    0.014782010577619076,
    0.2226906418800354,
    -0.14893196523189545,
    0.11175096780061722,
    -0.06300947815179825,
    -0.44190463423728943,
    -0.14426130056381226,
    -0.06511924415826797,
    0.3815876841545105,
    0.09764216840267181,
    0.046935904771089554,
    -0.11355067044496536,
    0.03288199380040169,
    -0.0020991626661270857,
    -0.6612900495529175,
    -0.8871413469314575,
    -0.14489850401878357,
    0.4737721383571625,
    0.7101316452026367,
    0.12903167307376862,
    -1.0442748069763184,
    0.1515323966741562,
    -0.30676260590553284,
    1.1530635356903076,
    -0.4717581570148468,
    -0.11196998506784439,
    -0.14009518921375275,
    0.3209202289581299,
    -0.4099273979663849,
    0.19230899214744568,
    -0.4535786211490631
  ],
  "root_pose": [
    -2.728844404220581,
    0.157118022441864,
    0.940258264541626
  ],
  "translation": [
    0.20088808238506317,
    0.17518526315689087,
    34.60769271850586
  ],
  "jaw_pose": [
    -0.001642785151489079,
    -0.011695285327732563,
    0.00901024043560028
  ],
  "left_hand_pose": [
    -0.01443189475685358,
    0.07131558656692505,
    0.18317864835262299,
    0.3052413112830309,
    0.35127736108631435,
    1.4152435551387528,
    -0.19085774833339306,
    0.2394751232740942,
    0.5788251700536732,
    -0.01812035289937335,
    -0.05732776487132115,
    0.48623522043283873,
    -0.30244066296351974,
    -0.0068290532555889145,
    1.4179561446040623,
    -0.010666559169788571,
    0.1407844710353153,
    0.5337675192313863,
    -0.056394809742745154,
    0.5663299467328359,
    0.29374881066481484,
    -0.8599746744834427,
    0.03906668910953278,
    0.7712738392000125,
    -0.32978865972803145,
    0.03742552033866667,
    0.6331692101864476,
    0.11356592219797092,
    0.10848219783971341,
    0.3259078869444358,
    -0.5499945691394059,
    0.13285636726697306,
    1.2449687670416223,
    -0.2356337692388411,
    0.1356996976880689,
    0.5851803849395242,
    0.974426665265816,
    -0.49728638020742694,
    -0.14664472107573512,
    -0.5615384274311506,
    -0.07881943114538521,
    0.054493200344574465,
    0.41893046926456873,
    0.030393343051257404,
    0.5318498679263686
  ],
  "right_hand_pose": [
    -0.01948016881942749,
    0.025009362027049065,
    -0.4477061331272125,
    0.0016494027482184988,
    0.08380580918358954,
    -0.15157174670301052,
    0.14646121317078645,
    -0.028799832122756934,
    4.872592579388732e-07,
    0.27128802576338246,
    0.1135228610952712,
    0.09311688940761499,
    -0.25288729855972986,
    -0.04230502107323084,
    -0.08138428404218204,
    0.021023777509555114,
    0.0870100563700108,
    0.07043913169341097,
    0.3019968953730905,
    0.18776848025732754,
    0.12332237938165329,
    -0.2292048101566816,
    -0.13557336899445846,
    -0.059429271277440965,
    -0.11450410342812843,
    0.19279762775594478,
    -0.03737295181913751,
    0.30913853128545793,
    0.08518534561563175,
    0.0432266745869709,
    -0.270406201091065,
    -0.045766380834784445,
    -0.09210440226441655,
    -0.15125917403917313,
    0.17640564582298107,
    0.1133372700535494,
    0.3660124729643974,
    -0.09133133973223453,
    -0.33906992244540735,
    -0.6076580325110473,
    0.07019418447203177,
    0.3385976527689486,
    0.33563594449581974,
    0.016400376631442164,
    -0.17216659665290873
  ],
  "expression": [
    -0.9472374200820922,
    -2.0,
    2.0,
    1.2410971641540527,
    -1.1334403038024903,
    0.38598368167877195,
    1.5570161819458008,
    -0.9980561256408691,
    -0.6629357099533081,
    -1.5910371780395507
  ],
  "fusion_metadata": {
    "body_source": "SMPLest-X",
    "hand_source": "Hierarchical Composition",
    "expression_source": "EMOCA"
  }
}