{
  "betas": [
    0.7909169793128967,
    0.05581723526120186,
    0.1851217895746231,
    -0.3844027519226074,
    -0.05142985284328461,
    -0.9147393703460693,
    -0.11908769607543945,
    0.16601043939590454,
    0.09736281633377075,
    0.017006371170282364
  ],
  "body_pose": [
    -0.1319502741098404,
    0.03888453543186188,
    0.09556464105844498,
    -0.15112702548503876,
    -0.08000332862138748,
    -0.2419181764125824,
    0.10118524730205536,
    -0.0020619037095457315,
    -0.008177448064088821,
    0.389447957277298,
    0.056187473237514496,
    -0.0596320703625679,
    0.407452255487442,
    -0.060267720371484756,
    0.009193510748445988,
    -0.02510244958102703,
    -0.000841316010337323,
    0.007264188956469297,
    -0.10462729632854462,
    0.037243712693452835,
    -0.02200675569474697,
    -0.05927541106939316,
    -0.20693756639957428,
    0.07434819638729095,
    0.04796772077679634,
    0.010338295251131058,
    0.01666812039911747,
    -0.029508210718631744,
    -0.004475933033972979,
    -0.005379841662943363,
    -0.04211801663041115,
    -0.01229234877973795,
    -0.0204998180270195,
    -0.026372989639639854,
    0.0012114389101043344,
    0.10218610614538193,
    0.015932900831103325,
    -0.03607775270938873,
    -0.17474685609340668,
    0.018680239096283913,
    0.11617641150951385,
    0.15297412872314453,
    -0.05876782163977623,
    0.002656722441315651,
    -0.058999452739953995,
    0.04600229486823082,
    -0.35834991931915283,
    -0.9956484436988831,
    0.05623352900147438,
    0.46750083565711975,
    1.14017915725708,
    -0.20923462510108948,
    -1.290822982788086,
    0.17271414399147034,
    -0.299232542514801,
    1.7721041440963745,
    -0.05188280716538429,
    -0.5440064072608948,
    -0.02969936467707157,
    0.40991321206092834,
    -0.9077630639076233,
    -0.08139185607433319,
    -0.3390962481498718
  ],
  "root_pose": [
    -3.1191954612731934,
    0.03276601433753967,
    -0.08040206134319305
  ],
  "translation": [
    -0.01756897382438183,
    0.262204110622406,
    42.24858856201172
  ],
  "jaw_pose": [
    0.013598613440990448,
    -0.0027704241219908,
    -0.0011635273694992065
  ],
  "left_hand_pose": [
    -0.022795358672738075,
    -0.03770158067345619,
    0.5250253677368164,
    0.0036740119571006475,
    0.098013349152805,
    0.45948185848118556,
    -0.007229190129789963,
    0.03238419496841996,
    0.3437540953457162,
    0.08669908229503398,
    -0.1374477634821698,
    0.04777496210473503,
    -0.2640282956263273,
    -0.032061365663477996,
    0.7042034652502364,
    -0.0140365720257084,
    0.10677925248323167,
    0.3807690495425278,
    -0.8639568080212429,
    0.4333943503888045,
    0.9831674968398891,
    0.055784127417810934,
    -0.05782538875527701,
    0.550106748587829,
    -0.569753941449871,
    0.06340100176819648,
    -0.13425781082648716,
    -0.14528670781763334,
    -0.05981248994595198,
    0.5035013830616117,
    -0.36848410895002487,
    -0.019083395816019685,
    0.792984239780275,
    -0.19846348017528861,
    0.2737990088867261,
    0.4519508624937863,
    1.0744483423615638,
    -0.0860467348659464,
    0.10677573247355897,
    -0.6138367568926522,
    0.046378403262463216,
    0.15114163827412685,
    0.5381809923547839,
    -0.1659328586028206,
    0.22029607884235142
  ],
  "right_hand_pose": [
    0.007855665870010853,
    -0.03227658569812775,
    -0.46101558208465576,
    0.01882138594070004,
    0.12983650474499495,
    0.20261041924690856,
    -0.04005871574251696,
    0.007587712769085518,
    0.16187091630910275,
    0.15403779765890188,
    -0.04021921304574461,
    -0.09127271397126577,
    -0.2694065254553235,
    0.009030011224910532,
    0.5299108793873001,
    -0.003014952871530023,
    0.10497930358662709,
    0.3357899804670937,
    -0.7479124586467685,
    0.3119021330072235,
    0.9996772375628666,
    0.3380454849869159,
    -0.1278892594472295,
    0.279669692352954,
    -0.6069759263922886,
    -0.03162263388364701,
    -0.37045138786201276,
    -0.09324549092360505,
    -0.10586208624350588,
    0.48089008135716194,
    -0.3190466722683671,
    -0.04822933771169405,
    0.28629984710141937,
    -0.13883967273606343,
    0.19401029561693128,
    0.33572363875451205,
    1.0904579402629095,
    0.06962117938411233,
    0.16987223341936455,
    -0.6840673440805413,
    0.28624445137678584,
    0.2005419994323296,
    0.348866172272827,
    -0.19998903449919792,
    -0.07582515259284142
  ],
  "expression": [
    -0.051704639196395875,
    0.10372139811515808,
    0.0898064911365509,
    0.07121340036392211,
    -0.4603200316429138,
    0.08548565804958343,
    -0.3705635190010071,
    0.1147694706916809,
    -0.03133402168750763,
    0.17215949892997742
  ],
  "fusion_metadata": {
    "body_source": "SMPLest-X",
    "hand_source": "Hierarchical Composition",
    "expression_source": "EMOCA"
  }
}