{
  "focal_length": [
    25666.59450531006,
    25666.59450531006
  ],
  "principal_point": [
    778.9955444335938,
    641.5206527709961
  ],
  "camera_translation": [
    -0.004911972209811211,
    0.26425474882125854,
    39.74951171875
  ],
  "detection_bbox": [
    572.0672607421875,
    93.96663665771484,
    986.923828125,
    1190.07470703125
  ]
}