{
  "betas": [
    0.04456299915909767,
    0.1584501713514328,
    -0.21775485575199127,
    -0.43755391240119934,
    -0.23066803812980652,
    -0.9359539151191711,
    -0.10430015623569489,
    0.07900917530059814,
    0.12326046824455261,
    -0.012782571837306023
  ],
  "body_pose": [
    -0.17220845818519592,
    0.03828466683626175,
    0.24727825820446014,
    -0.2880382835865021,
    -0.054515957832336426,
    -0.12489058822393417,
    0.15700101852416992,
    0.0031589302234351635,
    -0.0727328434586525,
    0.5018605589866638,
    0.021415971219539642,
    -0.021695591509342194,
    0.7055003046989441,
    -0.10447175055742264,
    0.09911368787288666,
    -0.0109599893912673,
    -0.03037935309112072,
    -0.03211045265197754,
    -0.06962670385837555,
    0.1161334291100502,
    -0.08345994353294373,
    -0.20483390986919403,
    -0.15858910977840424,
    -0.06883532553911209,
    0.018983669579029083,
    -0.025852162390947342,
    -0.004433080554008484,
    -0.02053201012313366,
    -0.009059440344572067,
    0.012628857977688313,
    -0.035415828227996826,
    -0.006562498863786459,
    -0.0010704223532229662,
    -0.06044365465641022,
    -0.01725758984684944,
    0.14760546386241913,
    0.03336373716592789,
    -0.1585964560508728,
    -0.24025188386440277,
    0.05192430317401886,
    0.12085182964801788,
    0.2105860859155655,
    -0.07540566474199295,
    -0.01952364668250084,
    -0.04837926849722862,
    0.1251218169927597,
    -0.4032314717769623,
    -1.033325433731079,
    0.12440715730190277,
    0.4217916429042816,
    1.1123613119125366,
    -0.07151448726654053,
    -0.9585001468658447,
    0.037277139723300934,
    0.022669753059744835,
    1.6853903532028198,
    -0.2592181861400604,
    -0.42244574427604675,
    0.009703480638563633,
    0.5054865479469299,
    -0.4925091564655304,
    -0.018414344638586044,
    -0.45804861187934875
  ],
  "root_pose": [
    -3.107144355773926,
    0.016934003680944443,
    0.01742083579301834
  ],
  "translation": [
    -0.052584223449230194,
    0.28534042835235596,
    39.578365325927734
  ],
  "jaw_pose": [
    0.00721046281978488,
    -0.001858085859566927,
    0.0011346046812832355
  ],
  "left_hand_pose": [
    0.022165607661008835,
    0.0683860331773758,
    0.3090382516384125,
    0.15369341209898438,
    0.1909030704571888,
    1.3791885528239816,
    -0.14869483778747158,
    0.1678593196959733,
    0.3380613079936594,
    -0.12530295565338642,
    -0.0156695975212666,
    0.46854207722322977,
    -0.2694379936393508,
    0.06952834599236421,
    1.5305949926408047,
    -0.07118493924077302,
    0.2209279214224329,
    0.4332984527718593,
    -0.1290819330688537,
    0.617838206389597,
    0.06910437327741828,
    -0.9140944337723103,
    0.13521609759300582,
    0.9002698050500716,
    -0.44126899653730317,
    -0.014207359031724395,
    0.3750136870061031,
    -0.018500067524482286,
    0.20465018471337934,
    0.24978979825474576,
    -0.54204303048228,
    0.2520870262325115,
    1.5314188370115427,
    -0.29610488464046925,
    0.15168918413644028,
    0.4318488143858222,
    1.0375324429435018,
    -0.4614694940779924,
    -0.009876302153561809,
    -0.6247027401581398,
    0.09980622652794194,
    -0.14307024891886505,
    0.6707812566568749,
    0.03775332903342433,
    0.3915456101072457
  ],
  "right_hand_pose": [
    0.03927198424935341,
    -0.11815140396356583,
    -0.10101285576820374,
    0.18143497874758674,
    0.1815093948324689,
    0.7265562376404804,
    -0.13639490075255892,
    0.0951178016140901,
    0.29799683171681934,
    -0.0006877468541707154,
    -0.19311041207448945,
    0.5472013756041714,
    -0.28614027895493,
    5.005883047291217e-05,
    1.058551541218969,
    0.0013928103457008314,
    0.11888478449324555,
    0.5014652791733719,
    -0.7581047531698054,
    0.29702188474866636,
    1.1155276228739637,
    -0.1725255460718144,
    0.08684005817894486,
    0.6101665411358776,
    -0.6135109090794245,
    0.1376766934055621,
    0.15875700763871808,
    -0.1152322845495836,
    -0.073253940531875,
    0.6157413906635811,
    -0.4895964972200481,
    0.10142092842272728,
    1.1259390585346565,
    -0.2269236959928875,
    0.18789781255611165,
    0.5354525093420796,
    0.9684637546760502,
    -0.0017369460855957983,
    0.005707505393998501,
    -0.46935214540101955,
    -0.15926232647311134,
    0.2813377020425633,
    0.60368774863831,
    -0.348150703031327,
    0.16570826190578317
  ],
  "expression": [
    -0.14054665267467498,
    0.14401160180568695,
    0.14713283479213715,
    0.07347192764282226,
    -0.30165992975234984,
    0.26451262235641476,
    -0.3882903456687927,
    0.5452790737152099,
    0.012615315243601799,
    0.004290889576077461
  ],
  "fusion_metadata": {
    "body_source": "SMPLest-X",
    "hand_source": "Hierarchical Composition",
    "expression_source": "EMOCA"
  }
}