{
  "focal_length": [
    25599.157015482586,
    25599.15781021118
  ],
  "principal_point": [
    765.175048828125,
    622.2360496520996
  ],
  "camera_translation": [
    -0.005590612068772316,
    0.25202322006225586,
    40.22273635864258
  ],
  "detection_bbox": [
    536.4389038085938,
    76.12068176269531,
    994.9111938476562,
    1169.3514404296875
  ]
}