{
  "focal_length": [
    25660.394032796226,
    25660.395622253418
  ],
  "principal_point": [
    786.0510559082031,
    641.0841541290283
  ],
  "camera_translation": [
    -0.0049796197563409805,
    0.2608194351196289,
    39.40134811401367
  ],
  "detection_bbox": [
    586.4821166992188,
    93.6623764038086,
    986.6199951171875,
    1189.505859375
  ]
}