{
  "focal_length": [
    25269.630750020347,
    25269.629955291748
  ],
  "principal_point": [
    740.3977661132812,
    634.6336851119995
  ],
  "camera_translation": [
    -0.055190615355968475,
    0.25259995460510254,
    41.0136833190918
  ],
  "detection_bbox": [
    551.6612548828125,
    95.54824829101562,
    930.13427734375,
    1174.7191162109375
  ]
}