{
  "betas": [
    -0.3530651926994324,
    0.7781043648719788,
    -0.2173195332288742,
    -0.5134158134460449,
    -0.2695956528186798,
    -0.5624728202819824,
    -0.0068365223705768585,
    0.09258527308702469,
    0.03247186169028282,
    0.09003464877605438
  ],
  "body_pose": [
    -0.17792513966560364,
    0.03590400516986847,
    0.23564249277114868,
    -0.21345943212509155,
    -0.12782788276672363,
    -0.1408548504114151,
    0.1965305060148239,
    0.0250367633998394,
    -0.04934291914105415,
    0.3079400360584259,
    -0.021919867023825645,
    -0.0022187421564012766,
    0.38487789034843445,
    -0.10436689853668213,
    0.05237006023526192,
    0.022492647171020508,
    -0.011831949464976788,
    -0.021397212520241737,
    -0.0880238264799118,
    0.12448187917470932,
    -0.07565228641033173,
    -0.10959870368242264,
    -0.24190180003643036,
    0.01340342778712511,
    -0.0021804722491651773,
    -0.0054653058759868145,
    0.0013256687670946121,
    -0.01126915030181408,
    0.0016891098348423839,
    0.017764905467629433,
    -0.0075990562327206135,
    -0.015729382634162903,
    -0.010300058871507645,
    0.034322671592235565,
    -0.02758483774960041,
    0.11723685264587402,
    0.04007333889603615,
    -0.18888971209526062,
    -0.2891623377799988,
    0.03177287057042122,
    0.21492162346839905,
    0.29386529326438904,
    0.01878506690263748,
    -0.019192395731806755,
    0.022827306762337685,
    0.15223492681980133,
    -0.38007843494415283,
    -0.8780970573425293,
    0.16052700579166412,
    0.4057024419307709,
    0.9133831262588501,
    0.1993480920791626,
    -0.6867483854293823,
    0.060767702758312225,
    0.33596304059028625,
    0.9738951921463013,
    -0.16130760312080383,
    -0.03008703701198101,
    -0.0858592614531517,
    0.3660036623477936,
    0.1194441094994545,
    0.01394010242074728,
    -0.31301429867744446
  ],
  "root_pose": [
    -3.0354785919189453,
    -0.01631120778620243,
    0.0065772817470133305
  ],
  "translation": [
    -0.03221505135297775,
    0.26794731616973877,
    38.302642822265625
  ],
  "jaw_pose": [
    0.008178080432116985,
    -0.004258438479155302,
    0.0015187902608886361
  ],
  "left_hand_pose": [
    -0.018243156373500824,
    -0.04629531502723694,
    0.5525838136672974,
    0.023411148460788036,
    0.031624884014241045,
    -0.09984715128742858,
    0.20377206236281162,
    0.008186774512867768,
    0.014139204788774775,
    -0.089496875798249,
    -0.12049958206419069,
    1.0447490276512703,
    -0.22982992115105727,
    -0.035147050566226266,
    -0.005198806784862063,
    0.03643860158483357,
    0.09762565481606976,
    0.14972463760084492,
    0.23643413056851623,
    -0.09242327174636389,
    0.3776095396835343,
    -0.22572087185824957,
    -0.12530643867300123,
    -0.10685270212084667,
    -0.21718033025603906,
    0.2114587795655971,
    -0.042732111791474896,
    0.1645797930408776,
    0.05058978593516737,
    0.8213789104447484,
    -0.4030740087005796,
    0.020108801885130895,
    0.01329607098104121,
    -0.19211770784665338,
    0.18041357622192708,
    0.19429404797011127,
    0.3688301862569162,
    0.04533038886893298,
    -0.4238028916789896,
    -0.6517713503708125,
    0.14150578721279095,
    0.3145703503862213,
    0.2242073624983199,
    -0.1029642250663271,
    -0.234311318108949
  ],
  "right_hand_pose": [
    -0.017134636640548706,
    0.01957530528306961,
    -0.3914968967437744,
    0.08822801386570295,
    0.09612608876524639,
    0.038794436666518294,
    0.05441984176935823,
    0.02187808191590636,
    0.12517977046434878,
    0.24151663385460295,
    0.10933278509069172,
    0.2964566777114781,
    -0.32762065397238793,
    -0.025296312309421295,
    0.1863079205483186,
    0.016965231857184387,
    0.07588794384924236,
    0.2860235593246561,
    -0.11690978872252057,
    0.10062059392657983,
    0.6112912605863764,
    -0.03877710025172742,
    -0.04782279299013236,
    0.09581057416163799,
    -0.38789153274924804,
    0.12288786167198969,
    -0.14502459865290654,
    0.16249818220511814,
    0.023073686074235805,
    0.1672009589294496,
    -0.3647707735503349,
    -0.01325198413193982,
    0.24683781755738426,
    -0.176366652068284,
    0.17902245357809815,
    0.3670386450761681,
    0.42293111405289385,
    -0.1643637090233728,
    -0.36392423841529853,
    -0.6602590381338108,
    0.07013337958691236,
    0.27657357195448706,
    0.1589511706878739,
    0.08492083118754999,
    -0.4106835104188707
  ],
  "expression": [
    -0.1294875919818878,
    0.27628635764122006,
    0.04172703176736831,
    -0.2653674602508545,
    -0.041594097018241884,
    0.3051547050476074,
    -0.38001784086227414,
    0.8279668092727661,
    -0.0994634360074997,
    0.04554546922445297
  ],
  "fusion_metadata": {
    "body_source": "SMPLest-X",
    "hand_source": "Hierarchical Composition",
    "expression_source": "EMOCA"
  }
}