{
  "focal_length": [
    18693.162600199383,
    18693.16339492798
  ],
  "principal_point": [
    653.8411254882812,
    744.155517578125
  ],
  "camera_translation": [
    0.1486539989709854,
    0.1114136353135109,
    30.003616333007812
  ],
  "detection_bbox": [
    357.402099609375,
    345.3680419921875,
    951.2801513671875,
    1143.9429931640625
  ]
}