{
  "focal_length": [
    25791.972478230797,
    25791.97406768799
  ],
  "principal_point": [
    781.6603393554688,
    640.8889560699463
  ],
  "camera_translation": [
    -0.008230747655034065,
    0.25531378388404846,
    40.669124603271484
  ],
  "detection_bbox": [
    524.24365234375,
    90.66017150878906,
    1040.0770263671875,
    1192.11767578125
  ]
}