{
  "betas": [
    -0.01244093757122755,
    0.1910678893327713,
    0.10910730063915253,
    0.04459083080291748,
    0.018064387142658234,
    -0.13580982387065887,
    0.047667063772678375,
    0.07610414922237396,
    0.09900489449501038,
    -0.067517951130867
  ],
  "body_pose": [
    -0.1971212923526764,
    0.00197267672047019,
    0.07266151905059814,
    -0.18628941476345062,
    -0.0017199681606143713,
    -0.06997263431549072,
    0.26546964049339294,
    -0.009582634083926678,
    -0.025965461507439613,
    0.5328646898269653,
    0.023423202335834503,
    -0.040896929800510406,
    0.5139950513839722,
    -0.008903484791517258,
    0.050804730504751205,
    0.011583622545003891,
    -0.007238179445266724,
    0.0018549570813775063,
    -0.1782502830028534,
    0.1089300662279129,
    -0.032984085381031036,
    -0.1258542239665985,
    -0.12373410165309906,
    0.03659902140498161,
    0.0062729413621127605,
    -0.0047540138475596905,
    0.001256594667211175,
    0.01593320444226265,
    -0.007820211350917816,
    -0.003915045876055956,
    0.0073313405737280846,
    -0.0020022934768348932,
    -0.00010017918248195201,
    0.11883563548326492,
    -0.14476653933525085,
    0.09930135309696198,
    -0.03388851508498192,
    0.02764282189309597,
    -0.07674618810415268,
    -0.05886141210794449,
    0.008365283720195293,
    0.12904022634029388,
    -0.19556266069412231,
    -0.19621673226356506,
    0.018672015517950058,
    -0.06903974711894989,
    -0.1437676101922989,
    -0.8353287577629089,
    -0.0406157560646534,
    0.1452694833278656,
    0.8933762311935425,
    -0.19974012672901154,
    -1.224718689918518,
    0.5414289832115173,
    -0.161827951669693,
    1.314957618713379,
    -0.5662916302680969,
    -0.2685326337814331,
    0.04872681573033333,
    0.49519625306129456,
    -0.20594869554042816,
    -0.055865418165922165,
    -0.38212093710899353
  ],
  "root_pose": [
    3.0343406200408936,
    -0.017337117344141006,
    -0.10118972510099411
  ],
  "translation": [
    -0.007293248549103737,
    0.620910108089447,
    31.491918563842773
  ],
  "jaw_pose": [
    0.03524395823478699,
    -0.009434906765818596,
    0.004706797655671835
  ],
  "left_hand_pose": [
    0.10630860876320322,
    0.1640582034513992,
    0.17296287938164134,
    -0.07013510938479599,
    -0.06816688884990722,
    0.9472434466464484,
    0.453728997000878,
    0.09335978418799527,
    0.1269343228828353,
    0.20488007456298776,
    -0.05101230820428355,
    0.10339301057106648,
    -0.11483837426471949,
    -0.06037657764794008,
    0.7681414512386431,
    0.09302170713799318,
    0.006314403508629399,
    0.1466705251875529,
    0.6096691655198739,
    -0.515494310408095,
    0.42539030942211103,
    -0.06968941539073478,
    0.20905348378359695,
    0.41487795293150753,
    -0.13635420637084467,
    0.06282021329868394,
    0.07643012943661384,
    0.3060961547382174,
    -0.16176630881723503,
    0.18105433424041134,
    -0.10872757598005511,
    0.0955674456219417,
    0.7088722967173513,
    0.031172401335773064,
    0.04275815313536499,
    0.1646015576050556,
    -0.10522779832134499,
    -0.16014577150903717,
    0.40765240110170375,
    -0.1320430092162011,
    -0.15104973414668782,
    -0.327297630590472,
    -0.162069984678668,
    0.16908035889271855,
    0.05258047831525506
  ],
  "right_hand_pose": [
    0.06096432744522787,
    -0.20009941012861374,
    0.014290011414149206,
    0.01926720436452782,
    0.08315954006815895,
    -0.7417611379126963,
    0.16359135885535714,
    -0.08802191047183898,
    -0.11620646613137561,
    0.10809798675504938,
    0.13424620115939484,
    0.08708909933632014,
    -0.06283678914495963,
    0.021097978828133357,
    -0.7088221857838308,
    0.053513362106342735,
    0.0021728372790687928,
    -0.23255892625335015,
    0.47088492895066775,
    0.45861614699418085,
    -0.41804934100041846,
    -0.17395479399473898,
    -0.14813968907899222,
    -0.30519521853997944,
    -0.0437395969347783,
    -0.036813418066876366,
    0.07811074409266912,
    0.2223057202340569,
    0.14351507957672133,
    -0.16074766401962554,
    -0.04222151084148845,
    -0.06616424556244928,
    -0.48934529027451007,
    -0.0008381918263760946,
    0.022092001736522787,
    -0.19829629752682584,
    -0.07749800767627091,
    -0.03188572886650165,
    -0.39004728311457526,
    -0.13259725201681344,
    0.024789126447720303,
    0.3008452850081683,
    -0.1804560608166091,
    -0.12023223447776721,
    -0.1740045768064675
  ],
  "expression": [
    -0.0671631395816803,
    -0.05541148781776428,
    0.32936925888061525,
    0.1239576369524002,
    -0.21354868412017822,
    -0.04705034494400024,
    -0.12335994243621826,
    1.1736686468124389,
    -0.07550992369651795,
    0.15402621030807495
  ]
}