{
  "focal_length": [
    24862.13525136312,
    24862.13445663452
  ],
  "principal_point": [
    750.485107421875,
    643.8395795822144
  ],
  "camera_translation": [
    -0.052584223449230194,
    0.28534042835235596,
    39.578365325927734
  ],
  "detection_bbox": [
    570.2741088867188,
    113.44738006591797,
    931.6961059570312,
    1175.2318115234375
  ]
}