{
  "betas": [
    0.2673085629940033,
    0.6467610001564026,
    -0.2603297233581543,
    -0.4430694282054901,
    -0.1526969075202942,
    -0.9658056497573853,
    -0.17184388637542725,
    0.1959776133298874,
    -0.14397747814655304,
    0.026189416646957397
  ],
  "body_pose": [
    -0.29033133387565613,
    0.07396616786718369,
    0.22767695784568787,
    -0.0904427319765091,
    -0.014373748563230038,
    0.013909643515944481,
    0.12410607933998108,
    -0.0009645739337429404,
    -0.043234195560216904,
    1.5262975692749023,
    0.10745982080698013,
    -0.25805339217185974,
    0.2905256748199463,
    -0.07857105135917664,
    0.048034925013780594,
    0.028939971700310707,
    -0.0409822091460228,
    -0.004317495971918106,
    0.03972463309764862,
    0.07444029301404953,
    -0.11547388881444931,
    -0.029132971540093422,
    -0.07768960297107697,
    -0.04962886497378349,
    0.032697636634111404,
    -0.03622082248330116,
    0.024142621085047722,
    -0.02811064012348652,
    0.003800575388595462,
    0.007447292562574148,
    -0.007483068387955427,
    -0.006566099356859922,
    -0.029741493985056877,
    0.0882258489727974,
    -0.031186489388346672,
    0.19714057445526123,
    0.10239165276288986,
    0.012963714078068733,
    -0.17757825553417206,
    -0.023722602054476738,
    0.016046589240431786,
    0.22577263414859772,
    -0.03526325523853302,
    0.03932575508952141,
    -0.038294024765491486,
    0.31081390380859375,
    -0.15983782708644867,
    -0.9457499384880066,
    -0.03794296085834503,
    0.28624480962753296,
    0.9659008979797363,
    0.20147813856601715,
    -1.341745376586914,
    -0.03207292780280113,
    -0.1793896108865738,
    1.9325844049453735,
    -0.4717411398887634,
    -0.254128634929657,
    -0.2342061847448349,
    -0.039944570511579514,
    -0.24554787576198578,
    0.14422987401485443,
    -0.3052883744239807
  ],
  "root_pose": [
    -3.0591204166412354,
    0.012815305031836033,
    -0.018659919500350952
  ],
  "translation": [
    0.03744043409824371,
    0.2459990382194519,
    40.40239334106445
  ],
  "jaw_pose": [
    0.005977971944957972,
    -0.0020117938984185457,
    0.0028111813589930534
  ],
  "left_hand_pose": [
    -0.006491794716566801,
    0.08731520920991898,
    -0.06460206210613251,
    0.052666263226983916,
    0.14571618044475218,
    -0.03258439065193699,
    0.12839115211639093,
    0.029380696964722897,
    0.2139448976945303,
    0.047970691152396654,
    -0.00601317614528743,
    0.6532375357814403,
    -0.26369193706651983,
    -0.024947231346662706,
    0.06157262254517345,
    0.032093347439807095,
    0.07864787806180404,
    0.2680217303761883,
    -0.31478014348837413,
    0.8305486758049953,
    0.6031256883621583,
    -0.17053669450700756,
    -0.2719712454524137,
    0.23537677933967757,
    -0.22626991974604166,
    -0.032164370318414924,
    0.17422959582457342,
    0.07093683911330292,
    0.25066001644074454,
    0.6573659903597763,
    -0.41934782891608274,
    -0.05706855204369778,
    0.1915856710648132,
    -0.15880103299066747,
    0.15654324653974327,
    0.2834285926939569,
    1.0230307224213115,
    -0.35994086886751525,
    -0.08381651235199804,
    -0.7178777389474056,
    0.12377101590596812,
    0.23869244763375855,
    0.09145782340492895,
    0.2997727403783635,
    -0.05648320335491401
  ],
  "right_hand_pose": [
    -0.024625316262245178,
    0.09960038214921951,
    -0.5895551443099976,
    0.056757961352899865,
    0.06723922629786898,
    0.07685476990631014,
    0.0651004180953064,
    -0.020380119044997883,
    -0.06273168366433421,
    -0.08947717749369943,
    0.019365055420366338,
    0.8100997709061837,
    -0.20480556270365913,
    0.003407985450904299,
    0.14077552294972812,
    -0.021892663244576546,
    0.10032522496647128,
    0.13253712705855125,
    0.24247294836258487,
    0.2012632044976158,
    0.18870348763755054,
    -0.06643041086586789,
    -0.08644063872002831,
    0.07958635830290546,
    -0.42760578549473527,
    0.034528488738309986,
    -0.30552665639138227,
    0.1698014561427158,
    0.18980546584829316,
    0.4570293882250278,
    -0.38891306187026536,
    0.10885619734457726,
    0.16672924346206866,
    -0.19656610835696595,
    0.11090984513764757,
    0.20836788021619668,
    0.5743160694495488,
    -0.15392758237029702,
    -0.23550101933073886,
    -0.5912249469128317,
    0.04473241552317909,
    0.3124337548003428,
    0.3909230812058128,
    -0.06553347264966622,
    -0.1727056427619535
  ],
  "expression": [
    -0.024915598332881927,
    0.05555360466241836,
    -0.04769672602415085,
    0.04554939866065979,
    -0.7546628952026367,
    0.26431859135627744,
    -0.2735024392604828,
    -0.10972249209880829,
    -0.44312578439712524,
    0.46854811906814575
  ],
  "fusion_metadata": {
    "body_source": "SMPLest-X",
    "hand_source": "Hierarchical Composition",
    "expression_source": "EMOCA"
  }
}