{
  "betas": [
    0.6779245734214783,
    0.3940332233905792,
    0.2556467652320862,
    -0.22417356073856354,
    -0.33477386832237244,
    -0.8590337038040161,
    -0.08607345819473267,
    0.17595027387142181,
    0.19384436309337616,
    -0.06993907690048218
  ],
  "body_pose": [
    -0.291348934173584,
    0.03552548214793205,
    0.18800979852676392,
    -0.20456406474113464,
    -0.2323911041021347,
    -0.28080448508262634,
    0.19100922346115112,
    0.04850558191537857,
    0.007940583862364292,
    0.28065359592437744,
    -0.017639964818954468,
    -0.02528451196849346,
    0.732549250125885,
    -0.10621046274900436,
    0.0647139623761177,
    -0.07847417145967484,
    0.009770511649549007,
    -0.015591219998896122,
    0.03594372794032097,
    0.1394442766904831,
    -0.0883554145693779,
    -0.0010220971889793873,
    -0.332439124584198,
    0.06624460220336914,
    0.06487780064344406,
    0.03782051429152489,
    0.008024604991078377,
    -0.014327100478112698,
    0.003568810410797596,
    0.03038608282804489,
    -0.017119813710451126,
    -0.006014542188495398,
    -0.012776070274412632,
    -0.07114485651254654,
    -0.03080691210925579,
    0.09047521650791168,
    0.0749162882566452,
    0.09963767975568771,
    -0.18987813591957092,
    -0.018930839374661446,
    0.08622399717569351,
    0.14399051666259766,
    -0.01694309525191784,
    -0.006989418063312769,
    -0.010741818696260452,
    0.1992749124765396,
    -0.05794895440340042,
    -0.9748064875602722,
    -0.0006416715332306921,
    0.3319537043571472,
    0.7914456725120544,
    0.23044398427009583,
    -0.4471401572227478,
    -0.04265517741441727,
    0.04244273900985718,
    0.911338210105896,
    -0.20817261934280396,
    -0.13116876780986786,
    -0.04795670509338379,
    -0.018753014504909515,
    -0.03460753709077835,
    0.1007327139377594,
    -0.14911600947380066
  ],
  "root_pose": [
    -3.0831007957458496,
    0.07864247262477875,
    -0.02422988973557949
  ],
  "translation": [
    0.009363902732729912,
    0.2708294093608856,
    40.78453063964844
  ],
  "jaw_pose": [
    0.008912643417716026,
    -0.0034121014177799225,
    -0.002451218431815505
  ],
  "left_hand_pose": [
    0.0002161408046958968,
    0.0926835834980011,
    -0.030646996572613716,
    0.06782011896691523,
    0.06601252745263068,
    0.17266018307984843,
    -0.018941892198442754,
    0.029050161723781963,
    0.05027147073825788,
    -0.10425906630653223,
    -0.07248045384567381,
    0.7036146501650451,
    -0.1883434944079275,
    -0.14063314560778437,
    0.2853364276867806,
    0.05188441885209784,
    0.17350202278077367,
    0.1418720844159877,
    -0.683972489307805,
    0.6017492767819635,
    0.7722251163367834,
    0.22968547247386747,
    -0.2445804822932083,
    0.3201851208546414,
    -0.5552112197470307,
    -0.02973231895161935,
    -0.2538839485746771,
    -0.11674257904243485,
    0.20638312343198825,
    0.847036782085646,
    -0.3361029859801768,
    -0.12475528816356427,
    0.24821819122186173,
    -0.19812492365649217,
    0.2646315845836685,
    0.2582562707394132,
    1.336882969853469,
    -0.4531154579330528,
    0.11270928145263734,
    -0.7063678727267451,
    0.23053734020726027,
    0.1550159977493706,
    0.5140015009503791,
    0.02625702859651941,
    -0.012235704026519488
  ],
  "right_hand_pose": [
    -0.005676529370248318,
    -0.039207909256219864,
    -0.08185724169015884,
    0.17933930575848323,
    0.08090365529903103,
    0.4929873714261823,
    -0.07865363090374866,
    0.08198623602920758,
    0.2652142014694083,
    -0.05382508113447112,
    -0.21930505699011607,
    0.8389855101475024,
    -0.26810476208362904,
    -0.054334037430154164,
    0.4538151613818737,
    0.009064076493105009,
    0.11479554630500292,
    0.383087805401988,
    -0.28084629240307674,
    0.37269104167727535,
    0.7221900072338997,
    -0.4825621935562364,
    -0.024121410671333252,
    0.41545883217257906,
    -0.342374853547039,
    0.182418277403946,
    0.2537300730821818,
    -0.018450694222010545,
    -0.06743278708230134,
    0.7610362959718474,
    -0.4304950826669921,
    0.05268315869906627,
    0.5392013048505766,
    -0.25516668433544665,
    0.20170036800527605,
    0.4725777493177441,
    1.0912174110475468,
    -0.22227140708306048,
    0.10297533789590296,
    -0.5633455903360141,
    -0.016186824626577747,
    0.29675261865608965,
    0.24858633785260403,
    0.05483688192901795,
    -0.0760281520442544
  ],
  "expression": [
    -0.011262195557355881,
    -0.025472965836524964,
    -0.04985190331935883,
    0.019973013550043106,
    -0.3968730211257934,
    0.3011866807937622,
    -0.3013662099838257,
    0.36221044063568114,
    -0.4772537112236023,
    0.26304752826690675
  ],
  "fusion_metadata": {
    "body_source": "SMPLest-X",
    "hand_source": "Hierarchical Composition",
    "expression_source": "EMOCA"
  }
}