{
  "focal_length": [
    25908.085505167644,
    25908.08391571045
  ],
  "principal_point": [
    782.4151916503906,
    637.88942527771
  ],
  "camera_translation": [
    0.0021803658455610275,
    0.26408275961875916,
    40.72554397583008
  ],
  "detection_bbox": [
    471.4200134277344,
    85.18363952636719,
    1094.410400390625,
    1191.59521484375
  ]
}