{
  "betas": [
    0.07740852236747742,
    0.4469855725765228,
    0.12418712675571442,
    -0.5212271809577942,
    -0.059663474559783936,
    -0.855246901512146,
    -0.019510455429553986,
    0.11282289773225784,
    -0.18417967855930328,
    -0.02259347029030323
  ],
  "body_pose": [
    0.016698967665433884,
    0.07373734563589096,
    0.18705473840236664,
    -0.05256650969386101,
    -0.14633220434188843,
    -0.15276062488555908,
    0.0520843081176281,
    0.012726371176540852,
    -0.03472163528203964,
    0.079722099006176,
    -0.005144468042999506,
    0.009347451850771904,
    0.16269032657146454,
    -0.09075118601322174,
    0.005953595507889986,
    0.07082923501729965,
    -0.008741257712244987,
    -0.011770849116146564,
    -0.03348682448267937,
    0.13307489454746246,
    -0.0835052952170372,
    -0.050689008086919785,
    -0.2410517781972885,
    0.0575549453496933,
    0.0045677307061851025,
    -0.004250769503414631,
    0.0018969012890011072,
    -0.00704779289662838,
    0.0031983694061636925,
    0.032750729471445084,
    -0.005969249177724123,
    -0.015233629383146763,
    -0.015435822308063507,
    0.06770054996013641,
    -0.012991118244826794,
    0.07769311219453812,
    0.05355726182460785,
    -0.06372693926095963,
    -0.2844589054584503,
    0.053989578038454056,
    0.08757977187633514,
    0.263293981552124,
    0.09546484053134918,
    -0.016983769834041595,
    0.010184966959059238,
    0.19922275841236115,
    -0.3036569058895111,
    -0.7953785061836243,
    0.2054339051246643,
    0.31838393211364746,
    0.8499090075492859,
    0.28133735060691833,
    -1.4185752868652344,
    0.22730503976345062,
    0.3745381832122803,
    1.6228981018066406,
    -0.3854443430900574,
    0.07503451406955719,
    -0.19392716884613037,
    0.4083447754383087,
    0.26676061749458313,
    0.10051055252552032,
    -0.3700562119483948
  ],
  "root_pose": [
    -3.0201776027679443,
    0.0029191351495683193,
    0.015605418011546135
  ],
  "translation": [
    -0.01808190904557705,
    0.268154114484787,
    39.83687210083008
  ],
  "jaw_pose": [
    0.014559024013578892,
    -0.006079113110899925,
    0.0020156747195869684
  ],
  "left_hand_pose": [
    0.02132139354944229,
    0.03449488431215286,
    0.36191004514694214,
    -0.002847082206867652,
    0.13641570402144768,
    0.49291273010610254,
    -0.03346782894334954,
    0.05642929495649669,
    0.4543704949948739,
    0.20580443523512668,
    -0.1057637292419011,
    -0.1036788499927889,
    -0.29176853367596617,
    -0.028917610307819964,
    0.4345525334468878,
    0.009392336386376779,
    0.14571219477202163,
    0.4046054047367125,
    -0.7035085598123877,
    0.39951444462587865,
    0.9196417703608661,
    -0.27644890996384486,
    0.06291989769826169,
    0.5614924334112551,
    -0.41732926414784405,
    0.3024810631043734,
    0.26354481234000765,
    -0.07286860276268538,
    -0.21414651055124098,
    0.25869872543049444,
    -0.3951343180659591,
    0.027677545941860785,
    0.8858235954944556,
    -0.24059075580545622,
    0.3778741188343879,
    0.7712072512812123,
    0.8290746589738648,
    -0.041259592039412346,
    -0.07550484071665618,
    -0.554274849920352,
    -0.10705361129572308,
    0.3111316435770857,
    0.4590820896981667,
    -0.3904113741788025,
    -0.028234925527566308
  ],
  "right_hand_pose": [
    0.008504432626068592,
    -0.0648595318198204,
    -0.041552864015102386,
    0.21158273631113672,
    0.1074764272168841,
    0.6095934042505778,
    -0.13881920338750964,
    0.0798192814907366,
    0.10417401520803785,
    0.06345538518375385,
    0.03929637915033265,
    0.37134067437419865,
    -0.22706212558081054,
    0.08961557623366513,
    0.7420278325636515,
    -0.043437134254618516,
    0.1636877960763424,
    0.32621343232891775,
    0.24105182810375356,
    0.09507978215933667,
    -0.056718711780165576,
    -0.8290051503421325,
    0.18592430396509238,
    0.7166794442506692,
    -0.2773514555693447,
    0.20927504850407913,
    0.2845454837218149,
    0.0703158896731112,
    0.05371125251934139,
    0.017090676358907323,
    -0.3900059304659423,
    0.14567408174489593,
    0.9197698347922019,
    -0.23503181540253418,
    0.2454193285442374,
    0.400771308869122,
    0.4355739611259587,
    -0.1522594172033736,
    -0.2801757630342177,
    -0.46035343885979463,
    -0.18560260757989827,
    0.27515276084478113,
    0.6746729344522053,
    -0.2841430325672916,
    0.1804955984024971
  ],
  "expression": [
    -0.09623279571533203,
    0.3076241254806518,
    0.0017993023619055748,
    -0.3104609727859497,
    -0.09300426542758941,
    0.25580204129219053,
    -0.3609962582588196,
    0.7747809648513794,
    -0.09234386086463928,
    -0.015590296313166618
  ],
  "fusion_metadata": {
    "body_source": "SMPLest-X",
    "hand_source": "Hierarchical Composition",
    "expression_source": "EMOCA"
  }
}