{
  "betas": [
    -0.39935916662216187,
    0.4666438698768616,
    -0.2716236710548401,
    -0.44866645336151123,
    -0.14627888798713684,
    -0.5323165655136108,
    0.043769657611846924,
    0.027081560343503952,
    -0.011787406168878078,
    0.03228354826569557
  ],
  "body_pose": [
    -0.10284911096096039,
    0.08253291994333267,
    0.23927561938762665,
    -0.20251649618148804,
    -0.13959723711013794,
    -0.1509912759065628,
    0.16345977783203125,
    0.004935302305966616,
    -0.023726899176836014,
    0.2558552324771881,
    -0.0016544261015951633,
    -0.008377616293728352,
    0.32721254229545593,
    -0.1203339472413063,
    0.04812692850828171,
    0.03446878865361214,
    -0.012888411059975624,
    -0.007069611921906471,
    -0.0525791235268116,
    0.14444081485271454,
    -0.08700135350227356,
    -0.10573580861091614,
    -0.21079066395759583,
    0.020463231950998306,
    0.00150509353261441,
    -0.004609508439898491,
    0.009174559265375137,
    -0.012594728730618954,
    0.006235451437532902,
    0.02481287345290184,
    -0.00508233904838562,
    -0.011677070520818233,
    -0.0037083737552165985,
    0.04510471597313881,
    0.0037815009709447622,
    0.07264940440654755,
    0.05524295195937157,
    -0.13187041878700256,
    -0.30205395817756653,
    0.03470756113529205,
    0.1445690542459488,
    0.27391111850738525,
    0.04822966456413269,
    0.00451468862593174,
    0.010304315946996212,
    0.21155895292758942,
    -0.36511504650115967,
    -0.8663290739059448,
    0.17135488986968994,
    0.334540992975235,
    0.8669734597206116,
    0.442511647939682,
    -1.0988342761993408,
    0.2083723247051239,
    0.33155375719070435,
    1.2597732543945312,
    -0.23787790536880493,
    0.23172184824943542,
    -0.06785542517900467,
    0.4927047789096832,
    0.13011784851551056,
    0.004161782097071409,
    -0.29679831862449646
  ],
  "root_pose": [
    -3.0204055309295654,
    -0.005962110590189695,
    0.10403569042682648
  ],
  "translation": [
    -0.034472957253456116,
    0.2600460350513458,
    38.27604293823242
  ],
  "jaw_pose": [
    0.008037875406444073,
    -0.003554549068212509,
    0.0031170807778835297
  ],
  "left_hand_pose": [
    0.0068944222293794155,
    0.010065208189189434,
    0.24529993534088135,
    0.0927280359278644,
    0.10320029221540633,
    0.1722898636896431,
    0.12509278574184235,
    0.028076362314216678,
    0.12032958092835036,
    -0.11984841897419247,
    -0.11980404912566622,
    1.1993771014590846,
    -0.21962029004200537,
    -0.024228743892601858,
    -0.008024491256315235,
    0.03362421259043012,
    0.09176191314632196,
    0.20256485081316952,
    0.31653963165053406,
    0.1617100364067683,
    0.24356610605642245,
    -0.335439285455239,
    -0.1444291505314895,
    -0.09749662827067834,
    -0.2065975673134307,
    0.13844038467627412,
    0.014679033260934286,
    0.12100658492665164,
    0.18666277289021888,
    1.0153315365587188,
    -0.4490964581873966,
    0.04763877604467389,
    0.018366097530733975,
    -0.1825941121694872,
    0.10815992269391007,
    0.19594595484216332,
    0.44444088395316544,
    -0.09074604899217104,
    -0.38871022416116796,
    -0.5833411582155601,
    0.02654334031310384,
    0.36740922100583323,
    0.29483752728992624,
    -0.24983739798415966,
    -0.19467522571557655
  ],
  "right_hand_pose": [
    0.00013267832400742918,
    0.0011951540363952518,
    -0.4326566755771637,
    0.05311766464474906,
    0.04388173466322847,
    -0.07273694577257403,
    0.1535199136425152,
    -0.0009537937303632746,
    0.04046786811468351,
    -0.04574246337659336,
    -0.08130034517397026,
    0.8470878089256749,
    -0.2487406863144065,
    -0.018164296723575668,
    -0.00477404210552705,
    0.023027220816344972,
    0.07732947337472668,
    0.16401708965924278,
    0.2754753762046015,
    -0.22728905010755787,
    0.12753653731493492,
    -0.15940068265260354,
    -0.13700498611978196,
    -0.12223238583090432,
    -0.29581994639881665,
    0.17705449553141797,
    -0.04864498366467096,
    0.1335321623677937,
    -0.0593079838200939,
    0.6209655804274727,
    -0.37206788830768445,
    0.018322868636446842,
    0.0013591706707853006,
    -0.2016287345033052,
    0.18785315969721605,
    0.21828370197162625,
    0.5891065112787721,
    0.0055343519951060755,
    -0.24562346146991287,
    -0.6614774954243059,
    0.17443274958604046,
    0.2781339097205053,
    0.1665340518312443,
    -0.03187324185122698,
    -0.18298913568966427
  ],
  "expression": [
    -0.1493697702884674,
    0.2673678159713745,
    0.056879563629627226,
    -0.2737302303314209,
    -0.08742700517177582,
    0.22116020321846008,
    -0.3507858395576477,
    0.7458523750305176,
    -0.200715172290802,
    -0.11659353375434875
  ],
  "fusion_metadata": {
    "body_source": "SMPLest-X",
    "hand_source": "Hierarchical Composition",
    "expression_source": "EMOCA"
  }
}