{
  "left_hand": {
    "original_range": [
      -0.39826223254203796,
      0.6929751634597778
    ],
    "fused_range": [
      -1.2724001932356102,
      1.1665640438541165
    ],
    "mean_change": -0.31823050970628947,
    "std_change": 0.5983730146062906,
    "per_finger_norms": [
      [
        0.3340758614441767,
        1.1513095789127104,
        0.35627721865823253
      ],
      [
        0.4171120444198143,
        1.291505101896322,
        0.4636628739087088
      ],
      [
        0.6454710376738397,
        0.9146370281369791,
        0.44545070616046883
      ],
      [
        0.2943385641278884,
        1.255362519890357,
        0.5340350098168084
      ],
      [
        1.2925175963877025,
        0.7258054012856745,
        0.7629548172078048
      ]
    ]
  },
  "right_hand": {
    "original_range": [
      -0.6319385766983032,
      0.5600849390029907
    ],
    "fused_range": [
      -0.6214697957038879,
      0.6274634960220326
    ],
    "mean_change": 0.14550513936390644,
    "std_change": 0.4115249788449474
  }
}