{
  "betas": [
    -0.5387528538703918,
    0.39992794394493103,
    -0.4758274257183075,
    -0.5836610198020935,
    -0.08345884084701538,
    -0.7650048136711121,
    -0.23475264012813568,
    0.0805412232875824,
    -0.08031609654426575,
    -0.0012386050075292587
  ],
  "body_pose": [
    -0.020316077396273613,
    0.2479022741317749,
    0.3852037489414215,
    -0.3688921630382538,
    -0.03355221077799797,
    0.09083990007638931,
    0.3288479745388031,
    -0.05493009090423584,
    -0.17281123995780945,
    0.051567815244197845,
    -0.04979968070983887,
    0.06607337296009064,
    0.21480247378349304,
    -0.03774239495396614,
    0.032653845846652985,
    -0.08066921681165695,
    -0.08586443215608597,
    -0.08384431153535843,
    0.16197459399700165,
    0.2895508408546448,
    -0.27086207270622253,
    0.06568612903356552,
    -0.16883596777915955,
    0.11151746660470963,
    0.020309608429670334,
    -0.09037133306264877,
    -0.042927131056785583,
    -0.01520543359220028,
    -0.0035604359582066536,
    0.012620368972420692,
    -0.0067064897157251835,
    -0.011242185719311237,
    -0.025515461340546608,
    0.05580741912126541,
    0.12300661951303482,
    0.06713882088661194,
    -0.09382513910531998,
    -0.279587984085083,
    0.32128092646598816,
    0.038223717361688614,
    -0.130564883351326,
    -0.09257306903600693,
    -0.140972301363945,
    0.16226321458816528,
    -0.0823504626750946,
    -0.19909334182739258,
    -0.3060806393623352,
    -0.11842454224824905,
    -0.062141429632902145,
    -0.2723536193370819,
    0.20539531111717224,
    -0.3331391215324402,
    -0.8386538028717041,
    0.056659381836652756,
    -0.41971123218536377,
    0.7829904556274414,
    -0.10006116330623627,
    -0.3085850179195404,
    -0.09392143040895462,
    -0.017903752624988556,
    -0.3703911006450653,
    0.13642288744449615,
    -0.033097997307777405
  ],
  "root_pose": [
    -2.7028515338897705,
    -0.21182991564273834,
    0.7511484622955322
  ],
  "translation": [
    -0.005621301010251045,
    0.251954048871994,
    40.21645736694336
  ],
  "jaw_pose": [
    0.018025141209363937,
    0.0010833573760464787,
    -0.006597266998142004
  ],
  "left_hand_pose": [
    -0.08155674487352371,
    0.03797975927591324,
    0.3218235671520233,
    0.12172123792915421,
    0.19969800314743394,
    1.1273058122231447,
    -0.1264331851031297,
    0.14377894362526472,
    0.30045918459838555,
    -0.09247836114553845,
    -0.005110673137796539,
    0.40669901812026926,
    -0.21578849508000483,
    0.049178266229274514,
    1.2724001932356102,
    -0.0581080368662346,
    0.22598487346102386,
    0.4006713786379563,
    -0.23035109841689547,
    0.5935656725313876,
    0.10607084578825048,
    -0.6292788355408347,
    0.0004600180851050784,
    0.6637535903955456,
    -0.36959076062579765,
    -0.031118283452541265,
    0.246699521105883,
    -0.019420404722900443,
    0.1969008386089675,
    0.21791764033311103,
    -0.43822466012695327,
    0.10995816521476945,
    1.1712401143679656,
    -0.2888001821202866,
    0.1970064743717854,
    0.40370322710244344,
    1.1665640438541165,
    -0.5503207948598463,
    0.08292822983400541,
    -0.6883210966296275,
    0.1312939787671505,
    -0.18912810370100194,
    0.6899482546238727,
    0.15806615509523528,
    0.28475700106490015
  ],
  "right_hand_pose": [
    -0.01269481610506773,
    0.021835580468177795,
    -0.62200528383255,
    0.029052742139167902,
    0.08360925692592662,
    0.13326282546953952,
    0.05617984167108269,
    0.0022621333378010835,
    0.0018303674903113337,
    0.06821135225130913,
    0.0028458507155137247,
    0.4948979396810213,
    -0.1910841851012571,
    -0.04948818485038933,
    0.012513373661939017,
    -0.02357635541164823,
    0.08649791206229393,
    0.05750637268475207,
    0.10722877749925992,
    0.381542586011292,
    0.46832362624832546,
    -0.16325472517443684,
    -0.12254920072207315,
    0.10531400960098268,
    -0.24080370347486915,
    0.13012135633848776,
    -0.2825598430700534,
    0.15694903348468014,
    0.1339869501163805,
    0.487817756635874,
    -0.2964006691284712,
    -0.026853460517896277,
    0.003903123619126364,
    -0.1350152199678152,
    0.15508792716192035,
    0.12471539985944857,
    0.6274634960220326,
    -0.08888194058472104,
    -0.08646277544263807,
    -0.5472257906738432,
    0.005258630001963324,
    0.30066274172411966,
    0.338102812919531,
    -0.004930658499162278,
    -0.13508489316093003
  ],
  "expression": [
    -0.2815931975841522,
    0.27128968834877015,
    0.17841532230377197,
    -0.2578438639640808,
    0.2441872715950012,
    -0.3713264107704162,
    -0.2896819174289703,
    0.8146723508834839,
    -0.36846849918365476,
    -0.14021506011486054
  ],
  "fusion_metadata": {
    "body_source": "SMPLest-X",
    "hand_source": "Hierarchical Composition",
    "expression_source": "EMOCA"
  }
}